direct_competitor_count_500m,direct_competitor_count_1km,related_fitness_count_1km,source_index
8,47,95,0
5,12,32,1
5,12,32,2
5,12,32,3
1,19,32,6
10,26,59,7
25,70,130,8
2,7,17,9
4,15,31,10
13,66,128,11
18,54,105,12
4,15,27,13
16,44,74,14
5,10,26,15
24,56,112,16
28,72,137,17
20,59,122,18
2,7,17,19
5,10,26,20
10,22,50,21
4,16,41,22
29,59,117,23
2,7,17,24
18,54,105,25
6,12,21,26
2,9,19,27
26,61,124,28
31,57,114,29
2,18,36,30
23,57,114,31
20,49,98,32
14,50,85,33
7,26,43,34
12,28,64,35
18,39,73,36
14,49,71,37
29,59,117,38
11,32,59,39
30,70,130,40
7,10,19,41
18,41,84,42
33,74,137,43
2,3,11,44
11,50,99,45
6,12,21,46
18,41,84,47
2,11,20,48
9,43,93,49
9,26,60,50
3,19,32,51
5,12,33,52
4,16,41,53
8,36,64,54
5,10,26,55
31,65,124,56
20,56,119,57
5,34,74,58
25,56,112,59
18,54,105,60
23,48,95,61
18,39,73,62
22,60,115,63
22,51,105,64
20,63,120,65
31,70,132,66
9,28,43,67
9,24,38,68
5,12,22,69
13,57,114,70
18,39,73,71
10,21,45,72
6,15,41,73
8,34,74,74
16,33,67,75
32,57,114,76
10,32,59,77
22,60,115,78
21,60,112,79
5,15,35,80
20,58,124,81
14,51,84,82
3,20,33,83
1,17,31,84
10,37,64,85
3,24,37,86
4,12,27,87
3,16,30,90
1,18,32,91
4,22,35,92
18,37,77,93
9,28,64,94
8,12,23,95
5,11,31,96
15,48,97,98
19,66,131,99
5,23,55,100
20,48,90,101
5,27,51,102
23,55,110,103
8,26,60,104
5,30,44,105
18,41,84,106
8,37,61,107
23,51,100,108
17,67,127,109
16,37,74,111
8,37,61,112
2,18,36,113
14,50,85,114
22,53,105,115
12,48,98,116
33,74,137,117
14,50,79,118
26,69,129,119
8,37,61,120
33,74,137,121
21,61,112,122
10,27,62,123
18,41,84,124
5,24,44,125
4,9,25,126
7,23,54,127
9,26,40,128
30,67,130,129
8,13,26,130
18,37,74,131
11,31,46,132
6,14,23,133
23,50,99,134
26,69,130,135
23,57,115,136
10,23,52,137
23,48,93,138
4,16,42,139
20,52,105,140
10,26,60,141
2,8,12,142
26,69,130,143
19,47,93,144
22,51,105,145
6,12,21,146
4,19,36,147
20,63,120,148
5,26,42,149
20,70,134,150
18,41,84,151
22,51,105,152
3,21,41,153
9,34,74,154
18,37,77,155
11,33,48,156
3,11,32,157
10,22,52,158
16,35,77,159
8,32,64,160
19,56,105,161
27,60,119,162
6,49,84,163
7,29,61,164
8,45,80,165
9,51,88,166
5,47,80,167
20,62,112,168
7,31,84,169
9,38,61,170
19,40,69,171
8,28,56,172
2,37,56,173
12,32,60,174
11,35,81,175
9,35,69,176
21,71,131,177
14,34,76,178
9,18,25,179
8,39,71,180
11,48,92,181
8,22,46,182
14,37,62,183
1,18,41,184
11,28,40,185
16,38,78,186
9,31,63,187
7,48,80,188
11,41,84,189
10,59,108,190
3,28,46,191
15,36,58,192
6,46,81,193
11,43,81,194
8,40,74,196
15,40,67,197
11,29,38,198
10,55,99,200
8,26,53,201
5,44,77,202
6,47,87,203
17,60,109,204
15,35,78,205
3,34,51,206
21,70,133,207
21,70,133,208
4,30,43,209
19,34,85,210
4,31,44,211
6,25,37,212
10,51,99,213
9,32,58,214
18,59,108,215
6,19,42,216
11,31,48,217
10,36,66,218
6,36,69,219
17,58,110,221
17,55,103,222
19,34,85,223
8,40,74,224
9,45,78,225
10,27,45,226
15,40,66,227
12,32,49,228
4,26,55,229
10,45,79,230
21,70,133,231
11,47,90,232
11,35,59,233
11,47,91,234
15,32,66,235
11,53,104,236
12,34,72,237
11,34,79,240
9,52,88,241
12,58,105,242
25,63,115,243
12,39,80,244
4,37,67,245
9,36,68,246
8,47,88,247
13,45,86,249
11,45,84,250
11,32,58,251
10,26,37,252
11,23,34,253
10,47,88,254
12,29,44,255
13,38,79,256
20,56,104,258
9,38,69,259
18,63,114,260
10,54,98,261
8,34,63,262
4,32,57,263
6,49,84,264
4,40,67,265
12,28,40,266
14,33,75,267
8,27,52,268
11,41,84,269
19,40,69,270
8,34,63,271
12,38,69,272
8,35,66,273
9,28,40,274
9,49,94,275
7,34,67,276
3,43,76,277
12,32,50,278
6,49,84,279
9,41,75,280
7,28,37,281
1,18,41,282
8,35,63,283
21,69,131,284
6,28,49,285
6,36,69,286
15,36,59,287
12,34,69,288
14,39,67,290
15,36,84,291
23,67,129,292
23,67,129,293
13,28,38,294
9,52,88,295
6,47,87,296
8,35,63,297
5,34,67,298
30,69,130,299
16,63,118,300
7,32,55,301
15,35,80,302
15,35,80,303
13,45,90,304
15,38,79,305
16,34,74,306
21,70,133,307
8,25,35,308
6,47,87,309
14,32,75,310
7,51,92,311
20,62,112,312
15,33,68,313
9,25,37,314
10,27,45,315
12,45,91,316
21,56,104,317
11,46,92,318
9,35,68,319
11,29,43,320
14,33,78,321
9,24,35,322
12,43,77,323
11,39,81,324
5,39,69,325
13,40,82,326
20,62,112,327
7,31,84,328
9,39,58,329
9,52,88,330
21,71,131,331
20,62,112,332
17,59,108,333
7,31,84,334
10,29,57,335
12,38,69,336
15,38,81,337
30,72,134,338
11,45,88,339
23,67,129,340
9,52,88,341
12,34,81,342
15,41,70,343
1,22,43,344
13,36,84,345
8,29,56,346
8,52,94,347
12,49,103,348
9,38,69,349
13,35,78,350
12,34,69,351
10,48,92,352
12,39,87,353
8,35,69,354
3,10,28,355
5,7,20,357
4,10,25,358
14,27,67,359
11,34,83,360
4,23,54,361
8,21,46,362
18,25,71,363
2,6,14,364
18,25,76,366
5,32,82,367
15,27,69,368
9,22,65,369
6,21,52,370
5,28,58,371
4,23,74,372
5,21,53,373
4,29,64,374
9,15,35,375
10,30,80,376
16,29,74,377
15,27,71,378
18,25,72,379
21,30,74,380
4,12,36,381
18,26,75,382
5,33,83,383
8,28,66,384
21,30,73,385
15,33,82,386
15,27,70,387
9,18,41,388
3,23,51,389
7,20,39,390
6,17,52,391
2,13,28,392
18,25,71,393
13,27,68,394
18,25,72,395
4,29,69,396
9,17,52,397
8,15,50,398
12,20,44,399
10,32,80,400
8,15,50,401
2,6,14,402
18,26,75,403
6,33,68,404
15,27,70,405
10,32,79,406
2,31,82,407
18,25,72,408
4,15,46,409
14,26,77,410
9,15,34,411
18,25,72,412
4,10,25,413
4,16,50,414
6,22,50,415
17,25,73,416
15,29,71,417
2,6,15,418
5,33,79,419
21,30,73,420
13,32,89,421
18,25,76,422
5,10,29,423
4,13,31,424
2,13,30,425
9,19,41,426
4,22,53,427
18,27,80,428
17,28,75,429
14,27,69,430
8,21,48,431
9,20,55,432
3,14,34,433
18,24,68,434
11,34,83,435
18,27,80,436
17,27,73,438
7,25,52,440
3,24,52,441
9,24,70,443
6,37,88,444
12,17,39,445
3,19,45,446
19,28,71,447
3,22,53,448
3,31,76,450
4,21,48,451
5,35,81,452
6,27,56,453
5,36,80,455
10,22,67,456
6,34,77,457
18,25,71,458
9,15,33,459
3,21,47,460
13,29,71,461
5,35,80,462
15,27,70,463
5,20,45,464
8,23,52,465
8,15,50,466
17,26,75,467
5,7,20,468
12,17,39,469
6,43,96,471
15,33,82,472
9,27,65,473
4,25,57,474
8,30,74,475
9,19,42,476
12,33,77,477
2,13,25,478
4,7,20,479
18,25,75,480
18,26,75,481
8,15,50,482
4,21,48,483
17,29,84,484
17,30,71,485
5,35,83,486
8,18,41,487
5,15,36,488
3,14,34,489
14,27,65,490
10,32,80,491
1,6,24,492
19,28,72,493
17,27,70,494
4,15,48,495
16,29,73,496
14,27,70,497
3,13,28,498
4,23,74,499
9,15,48,500
3,23,51,501
10,32,80,502
21,30,74,503
10,18,62,504
4,15,48,505
0,0,1,506
17,32,85,507
6,37,81,508
2,6,14,509
6,8,15,510
2,6,14,511
18,25,71,512
18,26,75,513
11,33,79,514
8,15,50,515
17,29,84,516
18,25,72,517
6,34,81,518
13,29,71,519
19,49,103,521
0,49,79,522
4,32,57,523
7,38,97,524
19,44,99,525
11,21,66,526
20,44,85,527
12,38,65,528
12,54,100,529
10,50,110,530
18,50,107,531
21,52,107,532
26,46,88,533
18,49,106,534
11,31,72,535
9,29,50,536
11,21,66,537
10,24,56,538
20,47,97,539
19,49,106,540
6,25,58,541
20,45,93,542
5,31,83,543
6,46,102,544
13,33,70,546
8,37,85,547
6,40,104,548
21,48,104,549
10,34,76,550
8,40,76,551
8,34,61,552
5,25,63,553
8,30,68,554
5,27,57,555
3,48,78,556
11,36,99,557
13,21,62,558
17,50,98,559
9,24,58,560
6,44,78,561
20,44,85,563
28,46,87,564
17,32,72,565
6,41,69,566
25,46,89,567
6,25,57,568
5,44,94,570
20,51,107,571
20,46,96,572
2,22,57,574
10,24,41,575
6,43,73,576
11,36,99,577
20,46,101,578
23,44,93,579
4,38,76,580
13,56,93,581
18,49,106,582
25,52,108,583
5,28,62,584
19,51,109,585
5,40,65,586
23,55,110,587
13,39,70,588
3,51,113,589
8,42,107,590
7,30,76,591
8,38,103,592
5,32,70,593
5,27,57,594
23,50,110,595
5,36,63,596
19,49,106,597
9,40,90,598
2,20,33,599
22,42,79,600
6,40,90,601
11,27,84,602
5,38,100,603
22,50,103,604
5,44,88,605
6,43,73,606
5,44,88,607
26,50,106,608
25,50,106,609
22,53,108,610
11,55,99,611
10,21,66,612
17,48,100,613
27,50,108,614
25,50,107,615
24,46,98,616
25,52,108,617
6,44,78,618
4,19,48,619
21,39,89,620
23,44,93,621
19,51,109,622
5,30,79,623
10,38,95,624
10,37,91,625
14,43,79,626
14,26,77,627
11,53,101,628
23,55,110,629
26,51,107,630
18,44,97,631
13,21,62,632
19,45,93,633
20,48,103,634
23,44,93,635
10,37,95,636
21,52,108,637
6,40,73,638
7,49,105,639
21,44,88,640
10,36,92,641
14,48,94,642
11,23,64,643
10,39,92,644
21,52,107,645
20,51,107,646
7,37,88,647
14,25,68,648
25,46,85,649
28,51,104,650
20,35,81,651
27,47,93,652
28,50,104,653
10,37,91,655
5,44,88,656
26,46,90,657
20,44,85,658
7,21,55,659
9,28,65,660
10,38,96,661
25,50,106,662
19,51,109,663
5,28,74,664
21,52,102,665
2,15,43,666
11,23,41,667
14,41,79,668
2,22,57,669
17,48,100,670
15,49,111,671
5,32,76,672
20,47,97,673
0,49,79,674
11,31,72,675
5,44,88,676
10,32,59,677
5,30,67,678
14,41,79,679
17,48,99,680
7,29,75,681
11,53,101,682
24,46,95,683
5,28,74,684
23,46,94,685
3,15,41,686
16,50,102,687
6,26,67,688
19,51,107,689
21,46,95,690
11,53,101,691
6,47,103,692
17,48,91,693
28,50,104,694
8,31,56,695
19,53,108,696
11,36,99,697
20,35,81,698
21,42,90,699
3,45,98,700
26,51,105,701
10,19,61,702
25,46,89,703
27,49,100,704
7,34,76,705
20,47,97,706
13,52,105,707
10,57,98,708
21,52,108,709
10,35,84,710
13,26,82,711
23,46,94,712
2,22,57,713
9,24,58,714
10,24,56,715
20,44,81,716
6,13,28,717
16,32,69,718
11,31,82,719
10,45,82,720
33,64,115,722
9,21,40,724
13,40,71,725
13,39,73,726
13,25,50,727
11,36,84,728
14,30,60,729
14,29,59,730
16,41,73,731
29,57,99,732
14,35,68,733
14,60,112,734
9,26,78,735
14,35,66,736
14,49,89,737
21,63,117,738
21,42,74,739
15,31,64,740
19,64,115,741
9,26,78,742
14,49,89,743
15,44,91,744
14,34,66,745
13,32,78,746
5,22,52,747
10,45,96,748
5,57,104,749
20,44,72,750
7,51,100,751
11,31,52,752
29,66,120,753
13,32,55,754
18,60,114,755
22,66,124,756
15,43,73,757
19,46,82,758
16,60,106,759
10,33,54,760
7,26,77,761
15,41,71,762
18,59,107,763
9,30,51,764
28,62,115,765
7,45,88,766
7,41,74,767
22,38,69,768
13,41,73,769
10,31,83,770
5,8,21,771
10,45,96,772
7,52,99,773
29,56,98,774
22,38,69,775
11,30,50,776
39,60,105,777
9,23,53,778
39,63,111,779
19,37,65,780
7,19,38,781
17,32,67,782
9,38,91,783
20,48,79,784
33,59,105,785
12,41,67,786
11,36,87,787
9,36,89,788
22,62,115,789
20,66,123,790
7,33,73,791
10,29,59,792
13,41,73,793
8,46,89,794
14,31,64,795
2,28,74,796
22,49,87,797
10,27,58,798
6,10,23,799
14,31,62,800
29,53,88,801
30,59,103,802
23,34,64,803
13,28,60,804
33,54,95,805
8,29,79,806
13,37,60,807
10,31,81,808
23,57,100,809
29,63,116,810
5,8,21,811
39,58,102,812
13,29,80,813
9,30,81,814
15,33,65,815
15,31,64,816
3,6,18,817
13,28,54,818
7,52,99,819
9,43,95,820
6,28,64,821
11,22,46,822
10,35,87,823
9,33,55,824
10,42,95,825
12,42,70,826
13,30,60,827
34,64,117,828
27,55,92,829
12,39,69,830
23,46,77,831
14,33,64,832
13,29,58,833
29,59,101,834
21,65,123,835
11,32,83,836
19,49,80,837
13,30,81,838
20,48,82,839
14,48,97,840
14,48,90,841
11,29,77,842
5,47,111,843
11,35,83,844
26,47,79,845
20,44,72,846
10,29,79,847
11,40,86,848
24,46,80,849
33,64,115,850
22,49,79,851
15,57,102,852
8,44,80,853
11,30,74,854
20,60,108,855
16,60,106,856
21,63,111,857
11,41,102,858
8,22,46,859
5,27,55,860
14,29,60,861
11,27,56,862
9,58,108,863
20,48,78,864
5,21,48,865
16,41,72,866
23,43,75,867
11,44,95,868
33,53,92,869
12,44,82,870
30,62,107,871
14,30,49,872
14,29,59,873
12,42,79,874
22,66,124,875
23,46,78,876
29,59,101,877
33,55,98,878
30,58,102,879
33,55,98,880
4,47,111,881
15,56,100,882
13,32,78,883
5,20,56,884
10,36,74,885
16,34,71,886
31,56,96,887
6,13,28,888
13,32,90,889
38,64,116,890
19,49,84,891
33,53,92,892
14,30,61,893
10,33,85,894
11,33,86,895
7,41,74,896
10,25,51,897
6,10,25,898
12,37,65,899
7,36,70,900
14,39,78,901
13,34,79,902
25,63,117,903
12,38,91,904
9,21,31,905
13,37,94,906
6,27,71,907
25,60,106,908
7,33,73,909
10,44,84,910
39,60,105,911
12,40,66,912
12,35,89,913
20,64,115,914
21,60,114,915
9,41,72,916
13,33,62,917
15,39,74,918
18,60,114,919
26,47,79,920
16,56,101,921
3,6,18,922
21,48,78,923
6,48,91,924
15,51,93,925
12,37,68,926
26,49,85,927
33,55,98,928
37,60,106,929
6,26,71,930
11,30,50,931
12,44,72,932
11,29,77,933
21,50,88,934
21,63,111,935
6,47,94,936
5,42,86,937
8,34,74,938
9,26,78,939
12,37,92,940
12,31,91,941
14,42,102,942
3,6,18,943
14,45,93,944
13,35,69,945
11,32,83,946
14,52,89,947
12,31,91,948
19,64,115,949
8,29,79,950
8,29,79,951
6,24,66,952
17,60,106,953
5,47,111,954
8,29,79,955
15,47,96,956
9,26,78,957
7,33,50,958
20,48,82,959
11,44,90,960
18,59,107,961
11,36,84,962
6,27,61,963
28,63,116,964
8,29,79,965
14,31,61,966
11,23,48,967
12,26,54,968
21,48,80,969
16,38,74,970
6,47,94,971
13,30,60,972
12,25,49,973
7,22,32,974
11,47,80,975
11,37,83,977
11,23,48,978
13,31,61,979
10,38,88,980
8,36,80,981
20,43,78,982
4,20,36,983
11,33,63,984
21,37,71,985
7,59,103,986
13,58,114,987
4,34,75,988
13,33,72,989
9,37,82,991
20,35,72,992
18,55,81,993
12,27,62,994
12,30,68,995
12,39,82,996
0,10,26,997
4,34,75,998
13,58,114,999
20,35,72,1000
17,42,71,1001
13,30,69,1002
22,34,54,1003
9,20,55,1004
5,15,32,1005
2,24,45,1006
12,27,62,1007
17,39,64,1008
20,43,78,1009
12,39,82,1010
11,23,57,1011
7,28,48,1012
19,45,80,1013
7,30,51,1014
2,32,57,1015
5,39,71,1016
13,30,69,1017
22,40,77,1018
21,38,75,1019
14,51,95,1020
9,20,55,1021
13,41,68,1022
21,37,71,1023
23,34,54,1024
20,37,57,1025
7,30,51,1026
5,39,71,1027
6,28,49,1028
16,41,77,1029
7,28,65,1030
11,46,77,1031
12,35,82,1032
5,13,30,1033
17,43,73,1034
4,14,27,1035
5,38,81,1036
2,25,42,1037
16,34,76,1038
9,60,107,1039
18,34,71,1040
21,38,72,1041
8,37,60,1042
18,33,69,1043
13,29,50,1044
18,41,71,1045
16,43,81,1046
18,34,53,1047
22,55,85,1048
23,57,87,1049
12,32,53,1050
9,36,82,1051
8,60,107,1053
14,41,88,1054
4,37,80,1055
20,37,57,1056
16,44,81,1057
23,40,77,1058
21,33,51,1059
9,32,59,1060
19,37,57,1061
5,28,56,1062
14,31,57,1063
18,33,51,1064
18,55,81,1065
21,54,80,1066
12,33,80,1067
23,31,52,1068
12,31,52,1069
20,37,57,1070
8,28,67,1071
12,29,45,1072
10,31,57,1073
18,41,71,1074
13,30,76,1075
12,42,67,1076
7,30,51,1077
6,26,44,1078
9,33,59,1079
11,29,50,1080
14,31,52,1081
10,38,65,1082
22,33,54,1083
6,26,44,1084
11,27,60,1085
19,45,82,1086
5,10,22,1087
8,32,61,1088
15,57,86,1089
9,30,52,1090
11,21,48,1091
20,36,54,1094
19,53,86,1095
14,28,52,1096
16,35,64,1097
7,31,53,1098
20,44,80,1099
12,28,53,1100
23,34,54,1101
11,23,58,1102
6,48,82,1103
8,36,80,1104
11,30,51,1105
14,49,83,1106
23,34,55,1107
15,33,49,1108
6,49,105,1109
16,35,55,1110
11,25,49,1111
12,27,62,1112
19,45,82,1113
16,54,88,1114
17,50,78,1115
20,36,54,1116
17,36,72,1117
12,35,70,1118
14,28,52,1119
17,50,78,1120
9,23,54,1121
23,37,57,1122
9,37,82,1123
22,34,55,1124
13,29,52,1125
7,28,65,1126
17,43,78,1127
15,39,64,1128
16,34,55,1129
10,28,66,1130
13,29,52,1131
12,31,53,1132
17,43,79,1133
17,32,52,1134
20,46,80,1135
1,16,29,1136
17,49,78,1137
3,18,30,1138
12,33,53,1139
6,35,59,1140
13,36,72,1141
16,53,87,1142
8,48,96,1143
14,31,52,1144
9,51,83,1145
16,39,72,1146
6,27,54,1147
6,49,105,1148
10,41,84,1149
20,43,78,1150
21,46,84,1151
11,31,65,1152
6,27,46,1153
16,43,85,1154
11,56,98,1155
1,13,31,1156
19,36,54,1157
5,13,30,1158
2,20,38,1159
5,13,29,1160
19,59,87,1161
21,43,81,1162
16,56,82,1163
22,49,83,1164
21,38,75,1165
21,38,75,1166
6,28,63,1167
14,31,57,1168
18,34,71,1169
1,16,29,1170
6,27,47,1171
11,29,66,1172
17,49,85,1173
5,34,66,1174
14,42,69,1175
3,18,34,1176
15,33,53,1177
14,35,77,1181
14,51,78,1182
7,31,53,1183
5,37,71,1184
18,37,72,1185
3,18,33,1186
13,40,65,1187
21,36,54,1188
13,41,68,1189
12,42,67,1190
20,35,72,1191
1,16,34,1192
10,41,84,1193
20,46,81,1194
5,9,23,1195
18,38,70,1196
20,43,84,1197
11,32,73,1198
17,33,69,1200
14,30,57,1201
6,28,63,1202
6,30,51,1203
2,16,29,1204
6,31,50,1205
4,14,27,1206
19,53,81,1207
9,26,48,1208
6,33,71,1209
11,35,80,1210
15,48,80,1211
11,32,48,1212
4,14,27,1213
20,48,83,1214
2,25,42,1215
22,34,54,1216
7,34,68,1217
12,33,62,1218
14,30,57,1219
25,50,80,1220
5,37,70,1221
23,38,74,1222
14,30,54,1223
18,33,49,1224
8,36,82,1225
8,46,93,1226
5,15,32,1227
18,37,72,1228
21,36,54,1229
15,52,84,1230
9,26,48,1231
20,44,79,1232
10,36,80,1233
18,44,86,1234
17,37,54,1235
11,23,57,1236
16,35,55,1237
9,35,73,1238
5,25,50,1239
3,20,48,1240
4,29,65,1241
6,21,41,1242
16,32,70,1243
10,14,27,1244
3,10,25,1245
4,18,47,1246
6,26,47,1247
6,14,32,1248
10,14,29,1249
8,30,67,1250
2,9,18,1251
5,24,49,1252
8,22,43,1253
5,37,84,1254
8,20,41,1255
12,31,75,1256
14,25,51,1257
11,31,73,1258
8,25,49,1259
8,22,44,1260
3,21,50,1261
8,38,76,1262
15,39,81,1263
5,24,49,1264
8,29,57,1265
7,23,45,1266
4,21,47,1267
8,20,37,1268
6,25,44,1269
13,22,45,1270
2,10,26,1271
8,18,34,1272
5,40,84,1273
12,31,75,1274
7,35,83,1275
6,25,43,1276
8,20,37,1277
4,26,47,1278
13,27,56,1279
13,27,56,1280
14,40,82,1281
11,14,29,1282
5,26,49,1283
15,35,77,1284
10,14,29,1285
6,24,50,1286
3,22,52,1287
10,23,48,1288
15,39,85,1289
15,39,85,1290
8,25,48,1291
7,14,35,1292
8,28,55,1293
4,21,46,1294
8,35,76,1295
8,38,76,1296
8,30,63,1297
3,21,51,1298
4,22,53,1299
3,17,29,1300
8,23,47,1301
15,40,87,1302
9,37,74,1303
10,39,77,1304
18,34,73,1305
8,25,49,1306
7,25,47,1307
10,17,34,1308
9,24,44,1309
14,35,78,1310
5,37,78,1311
10,27,52,1312
2,6,17,1313
5,24,49,1314
6,38,79,1315
2,4,12,1316
15,40,78,1317
8,27,50,1318
7,14,35,1319
8,20,37,1320
2,10,26,1321
9,40,75,1322
6,24,50,1323
13,25,49,1324
8,21,41,1325
2,14,34,1326
6,18,41,1327
6,14,32,1328
5,29,64,1329
3,9,23,1330
13,25,50,1331
9,39,83,1332
2,3,11,1333
8,20,41,1334
11,26,50,1335
6,21,38,1336
6,18,42,1337
2,35,70,1338
6,33,55,1339
8,21,41,1340
5,24,50,1341
3,20,39,1342
7,11,30,1343
3,10,25,1344
16,38,84,1345
3,23,53,1346
3,21,51,1347
3,9,23,1348
3,26,48,1349
11,26,50,1350
5,39,82,1351
15,26,52,1352
7,18,34,1353
16,34,78,1354
16,37,82,1355
13,25,49,1356
6,13,33,1357
6,14,32,1358
9,20,37,1359
5,22,41,1360
8,23,47,1361
6,36,73,1362
16,37,83,1363
9,17,32,1364
2,8,20,1365
4,22,52,1366
10,22,43,1367
10,14,29,1369
5,40,84,1370
10,27,54,1371
4,20,48,1372
12,25,46,1374
11,25,46,1375
10,17,34,1376
9,24,46,1377
8,40,84,1378
1,20,47,1379
11,41,75,1380
15,38,85,1381
8,20,40,1382
8,29,61,1383
8,26,50,1384
14,38,81,1385
16,36,81,1386
9,35,74,1387
12,41,78,1388
16,26,53,1389
5,36,67,1390
3,18,34,1391
11,25,45,1392
6,18,43,1393
10,28,57,1394
6,27,55,1395
1,20,47,1396
9,24,44,1397
5,24,45,1398
9,27,67,1399
6,18,42,1400
14,27,55,1401
10,15,33,1402
10,14,29,1403
1,12,30,1404
14,36,78,1405
1,12,30,1406
16,37,78,1407
7,22,46,1408
16,38,84,1409
15,26,52,1410
10,25,50,1411
13,38,77,1412
6,25,45,1413
3,23,54,1414
7,24,52,1415
7,22,38,1416
16,38,84,1417
3,21,50,1418
10,14,29,1419
13,27,56,1420
2,10,26,1421
10,24,43,1422
10,14,30,1423
2,10,25,1424
6,26,54,1425
14,39,80,1426
15,38,82,1427
13,27,55,1428
30,49,97,1429
7,51,80,1430
13,31,57,1431
4,22,43,1433
7,32,58,1434
4,19,43,1435
10,45,92,1436
4,22,43,1437
8,40,82,1438
10,23,40,1439
21,53,108,1440
26,50,97,1442
7,32,58,1443
7,27,55,1444
11,34,66,1445
27,51,105,1446
14,27,60,1447
3,41,83,1448
1,12,26,1449
7,20,43,1450
10,18,31,1451
24,46,89,1452
12,31,57,1453
16,49,100,1454
8,35,69,1455
13,26,51,1456
7,23,47,1457
7,46,71,1458
2,16,33,1459
11,32,63,1460
9,22,44,1461
19,51,102,1462
33,52,101,1463
4,14,31,1464
6,30,60,1465
13,40,70,1466
8,22,44,1467
24,49,94,1468
9,14,34,1469
16,48,97,1471
18,44,89,1472
8,18,39,1473
8,18,35,1474
11,26,53,1475
6,31,63,1476
3,17,34,1477
7,49,91,1479
10,21,43,1480
4,11,25,1481
7,37,75,1482
7,46,73,1483
11,22,44,1484
11,29,52,1485
15,52,79,1486
11,32,63,1487
7,24,48,1489
4,19,43,1490
16,49,100,1491
6,23,48,1492
27,56,106,1493
9,23,46,1494
30,50,99,1495
7,19,39,1496
10,20,34,1497
6,51,78,1498
9,20,35,1499
2,18,35,1500
18,58,116,1501
12,52,102,1502
8,31,58,1503
9,21,44,1504
6,31,63,1505
8,21,43,1506
24,46,89,1507
6,49,101,1508
11,29,52,1509
9,23,46,1510
12,52,102,1511
8,22,43,1513
7,24,48,1514
7,27,55,1515
7,37,75,1516
28,54,107,1518
3,20,44,1519
27,50,98,1520
5,18,40,1521
17,55,110,1522
5,50,78,1523
17,52,95,1524
26,50,97,1525
9,33,78,1526
16,49,101,1527
21,53,108,1528
7,27,55,1529
25,47,89,1530
11,52,91,1531
15,39,86,1532
13,19,35,1533
12,18,36,1534
6,49,101,1535
6,49,101,1536
3,41,83,1537
11,19,36,1538
1,12,26,1539
18,50,92,1540
10,18,31,1541
5,48,73,1542
14,28,62,1543
13,31,56,1544
9,29,59,1545
24,49,96,1546
8,18,31,1547
4,15,34,1548
0,7,14,1549
30,52,96,1550
18,23,42,1551
8,40,82,1552
7,23,48,1554
16,23,43,1555
13,29,64,1556
9,18,40,1557
10,21,44,1558
8,19,40,1559
16,49,99,1560
27,51,105,1561
14,27,60,1562
13,31,57,1563
25,47,89,1564
13,41,88,1565
8,14,33,1566
6,20,41,1567
30,49,97,1568
16,51,102,1569
12,31,64,1570
3,18,40,1571
8,18,39,1572
11,19,36,1573
9,21,40,1574
30,46,88,1575
9,14,34,1576
14,28,62,1577
14,27,62,1578
28,49,94,1579
7,28,60,1580
8,18,33,1581
6,31,61,1582
3,32,64,1583
6,47,76,1584
6,29,53,1585
5,14,33,1586
3,8,15,1587
8,21,43,1588
11,30,64,1589
3,32,64,1590
5,18,31,1591
5,14,33,1592
9,39,75,1593
4,50,75,1594
4,9,23,1595
12,54,102,1596
26,50,96,1597
29,49,98,1598
6,23,51,1599
3,11,20,1600
3,12,30,1601
5,20,42,1602
11,32,65,1603
13,27,53,1604
9,21,44,1605
26,49,96,1606
9,33,63,1607
6,23,50,1608
16,44,91,1609
12,34,69,1610
27,49,94,1611
10,23,40,1612
13,31,57,1613
7,29,55,1614
25,47,89,1615
11,29,63,1616
10,34,66,1617
4,9,23,1618
9,23,46,1619
13,31,57,1620
13,39,85,1621
13,39,68,1622
5,37,58,1623
30,52,100,1624
7,24,48,1625
7,30,56,1626
30,50,99,1627
4,9,22,1628
4,9,22,1629
12,21,40,1630
28,50,93,1631
14,28,62,1632
16,50,99,1633
4,40,82,1634
7,32,58,1635
16,49,100,1636
6,13,29,1637
32,55,104,1638
30,49,97,1639
15,55,101,1640
13,37,65,1641
13,33,59,1642
11,32,58,1643
11,22,44,1644
4,7,20,1645
24,46,89,1646
11,36,71,1647
21,44,77,1648
5,29,58,1649
11,26,49,1650
15,40,73,1651
9,24,47,1652
9,30,61,1653
14,29,54,1654
11,17,34,1655
11,28,55,1656
11,28,55,1657
11,28,55,1658
26,47,84,1659
7,27,57,1660
5,7,12,1661
8,32,64,1662
14,40,72,1663
14,29,52,1664
12,28,55,1665
9,32,57,1666
14,31,54,1667
11,25,48,1668
12,39,72,1669
5,7,12,1670
14,27,51,1671
24,50,88,1672
13,45,75,1673
26,56,92,1674
27,45,78,1675
7,30,59,1676
21,44,77,1677
17,41,72,1678
9,22,43,1679
16,41,73,1680
11,26,50,1681
27,44,79,1682
14,38,70,1683
7,32,65,1684
11,26,49,1685
2,22,46,1686
1,3,4,1687
5,27,58,1688
8,28,53,1689
10,26,48,1690
11,35,66,1691
8,43,76,1692
8,30,58,1693
1,13,30,1694
9,28,51,1695
7,23,46,1696
15,39,71,1697
11,38,72,1698
2,5,8,1699
8,43,72,1700
10,23,47,1701
9,28,52,1702
11,26,49,1703
9,47,77,1704
3,14,29,1705
7,34,68,1706
12,28,55,1707
8,24,51,1708
14,29,52,1709
26,48,85,1710
23,49,88,1711
27,45,78,1712
6,19,38,1713
17,55,93,1714
5,19,33,1715
11,33,60,1716
10,23,47,1717
9,27,50,1718
9,40,76,1719
11,27,53,1720
12,37,68,1721
24,56,96,1722
5,10,17,1723
10,22,45,1724
13,33,59,1725
9,24,46,1726
11,24,47,1727
11,28,52,1728
3,13,26,1729
4,24,49,1730
15,28,54,1731
8,45,75,1732
16,42,76,1733
27,44,78,1734
22,42,74,1735
11,26,50,1736
7,20,37,1737
8,49,81,1738
9,28,51,1739
4,13,25,1740
6,39,75,1741
28,43,76,1742
3,34,66,1743
14,30,54,1744
4,11,19,1745
5,7,12,1746
6,20,34,1747
5,7,12,1748
29,56,93,1749
23,54,94,1750
24,55,93,1751
13,33,59,1752
25,45,77,1753
19,45,76,1754
13,45,78,1755
2,22,46,1756
5,27,57,1757
11,29,57,1759
27,46,79,1760
14,40,72,1761
6,26,50,1762
9,29,60,1763
7,31,60,1764
11,28,52,1765
8,32,62,1767
11,26,49,1768
10,41,75,1769
7,23,43,1770
5,7,12,1771
4,11,19,1772
27,45,78,1773
18,55,93,1774
12,37,71,1775
24,50,88,1776
15,26,50,1777
0,12,28,1778
20,55,94,1779
9,29,60,1780
11,26,49,1781
2,5,8,1782
2,39,67,1783
9,20,38,1784
7,23,44,1785
6,26,61,1786
26,45,77,1787
10,41,75,1788
9,30,58,1789
7,30,59,1790
7,27,57,1791
5,24,47,1792
4,11,19,1793
14,38,70,1794
4,11,24,1795
11,35,65,1796
12,39,72,1797
9,21,40,1798
12,39,72,1799
8,46,76,1801
21,42,74,1802
2,5,8,1803
26,45,77,1804
1,3,4,1805
26,45,80,1806
9,32,61,1807
12,39,80,1808
15,36,73,1809
5,29,46,1811
19,29,48,1812
13,46,91,1813
8,33,55,1814
10,29,51,1815
10,40,61,1816
14,28,42,1817
11,29,49,1818
14,27,57,1819
11,42,81,1820
12,40,62,1821
17,31,48,1822
11,43,85,1823
14,27,57,1824
11,45,87,1825
11,30,53,1826
4,28,44,1827
13,39,59,1828
10,40,74,1829
16,34,68,1830
14,32,65,1831
18,28,48,1832
4,7,15,1833
6,30,47,1834
14,32,61,1835
14,27,57,1836
5,23,35,1837
8,32,50,1838
9,32,61,1839
4,7,14,1840
4,7,14,1841
14,28,41,1842
11,24,44,1843
7,24,44,1844
15,33,49,1845
4,31,48,1846
16,36,74,1847
12,32,51,1848
19,34,68,1849
8,22,42,1850
10,32,65,1851
5,18,28,1852
15,43,72,1853
14,30,59,1854
15,31,54,1855
10,40,74,1856
18,27,46,1857
18,27,46,1858
5,16,26,1859
13,30,52,1860
8,37,75,1861
14,40,78,1862
10,31,57,1863
12,38,76,1864
9,47,93,1865
15,34,50,1866
2,23,40,1867
7,27,43,1868
8,32,50,1869
13,42,83,1870
5,22,34,1871
12,38,78,1872
5,27,41,1873
14,37,57,1874
11,29,49,1875
12,41,83,1876
7,22,40,1877
14,40,78,1878
15,31,61,1879
12,35,61,1880
14,28,59,1881
6,26,46,1882
5,22,34,1883
11,44,85,1884
14,34,64,1885
10,32,54,1886
9,39,75,1887
10,37,74,1888
17,27,44,1889
9,27,44,1890
8,35,55,1891
12,43,84,1892
15,34,50,1893
7,20,38,1894
12,34,68,1895
3,7,13,1896
7,23,41,1897
9,44,83,1898
11,29,50,1899
9,30,49,1900
15,34,50,1901
16,44,70,1902
14,38,61,1903
16,31,64,1904
13,42,83,1905
5,33,55,1906
9,39,80,1907
12,35,70,1908
15,33,49,1909
5,18,28,1910
16,27,58,1911
16,43,67,1912
8,37,74,1913
14,28,61,1914
4,28,45,1915
19,36,71,1916
17,29,51,1917
6,37,56,1918
10,43,81,1919
13,46,91,1920
11,30,52,1921
4,29,46,1922
15,33,49,1923
13,30,52,1924
16,37,56,1925
2,18,35,1926
18,35,69,1927
14,37,57,1928
10,32,56,1929
15,34,68,1930
13,21,39,1931
7,22,40,1932
8,23,43,1933
15,31,54,1934
8,36,56,1935
15,31,61,1936
16,51,88,1937
11,44,78,1938
10,40,74,1939
8,37,75,1940
11,36,70,1941
1,12,20,1942
14,34,69,1943
8,30,45,1944
12,41,83,1945
5,18,41,1946
10,49,100,1947
8,45,87,1948
21,28,55,1949
7,33,55,1950
5,13,27,1951
14,31,59,1952
15,31,55,1954
30,44,84,1955
11,23,50,1956
17,29,57,1957
16,33,61,1958
5,15,28,1959
9,19,45,1960
17,48,97,1961
20,28,55,1962
12,30,61,1963
28,44,84,1964
9,21,37,1965
14,31,57,1966
10,27,44,1967
2,3,10,1968
9,19,45,1969
11,22,49,1970
14,30,53,1971
7,28,50,1972
16,44,73,1973
9,28,44,1974
13,28,54,1976
7,26,55,1977
16,56,107,1978
5,15,28,1979
9,30,56,1980
9,21,50,1981
20,44,79,1982
16,33,50,1983
17,52,100,1984
5,33,63,1985
16,52,97,1986
22,56,105,1987
15,66,121,1988
14,34,54,1989
12,36,73,1990
5,33,63,1991
15,31,46,1992
21,61,110,1993
9,22,42,1994
3,15,30,1995
16,46,90,1996
12,51,104,1997
4,13,33,1998
2,24,57,1999
19,30,57,2000
8,27,54,2001
5,21,46,2002
15,31,55,2003
5,14,23,2004
6,13,35,2005
12,28,55,2006
16,38,71,2007
0,23,43,2008
16,33,61,2010
10,34,56,2011
12,30,62,2012
30,47,87,2013
18,53,99,2014
23,43,78,2015
6,35,64,2016
10,18,43,2017
12,17,38,2018
4,40,73,2019
8,16,40,2020
22,61,109,2021
26,51,98,2022
16,31,46,2023
20,52,99,2024
8,29,53,2025
2,5,12,2026
21,60,108,2027
8,36,62,2028
12,21,49,2029
4,13,26,2030
21,60,110,2031
12,30,61,2032
12,46,71,2033
21,53,98,2034
4,18,29,2035
12,28,56,2036
19,43,74,2037
5,16,40,2038
7,35,65,2039
26,51,98,2040
5,14,37,2041
29,51,93,2042
16,31,46,2043
5,13,27,2044
8,16,40,2045
26,44,78,2046
8,29,53,2047
4,27,46,2048
29,45,84,2049
5,6,13,2050
30,49,91,2051
14,34,54,2052
11,24,53,2053
9,24,44,2054
6,31,60,2055
28,44,84,2056
4,13,32,2057
19,31,58,2058
4,18,29,2059
16,46,86,2060
20,51,96,2061
29,51,93,2062
9,26,54,2063
17,40,62,2064
8,17,36,2065
17,29,56,2066
9,28,45,2067
30,48,89,2068
5,16,40,2069
10,46,89,2070
9,43,85,2071
12,34,53,2072
15,40,66,2073
10,34,60,2074
26,44,78,2075
6,45,87,2076
16,52,97,2077
5,31,53,2078
20,44,79,2079
12,44,85,2080
5,30,52,2081
10,27,45,2082
5,16,40,2083
17,44,74,2084
17,31,57,2085
12,28,56,2086
10,27,45,2087
4,10,23,2088
4,33,62,2089
10,34,64,2090
8,29,53,2091
16,38,74,2092
21,34,52,2093
13,40,67,2094
16,33,50,2095
4,13,26,2096
5,16,28,2097
15,31,56,2098
6,13,35,2099
16,31,58,2100
12,31,57,2101
11,29,60,2102
21,56,102,2103
21,56,102,2104
5,16,28,2105
7,35,65,2106
7,33,55,2107
12,34,51,2108
8,33,68,2109
14,31,57,2110
20,51,96,2111
17,29,56,2112
7,35,62,2113
21,60,108,2114
6,45,87,2115
4,13,26,2116
5,24,53,2117
6,13,35,2118
16,30,58,2119
19,43,73,2120
8,45,87,2121
21,34,52,2122
16,31,47,2123
0,25,45,2124
10,32,61,2125
22,61,114,2126
9,44,87,2127
9,33,55,2128
17,44,73,2129
9,38,80,2130
29,51,93,2131
13,17,38,2133
12,31,57,2134
5,8,18,2135
14,31,59,2136
30,47,87,2137
10,49,100,2138
12,27,56,2139
20,62,115,2140
16,46,89,2141
2,12,21,2142
4,24,50,2143
16,40,77,2144
19,43,74,2145
14,38,59,2146
12,33,68,2147
17,42,80,2148
9,48,95,2149
5,6,13,2150
5,13,27,2151
23,52,98,2152
4,34,62,2153
8,33,62,2154
8,25,44,2155
12,58,111,2156
5,16,39,2157
16,41,68,2158
11,29,54,2159
10,49,100,2160
5,14,27,2161
9,31,66,2162
9,48,93,2163
22,43,78,2164
15,38,60,2165
4,24,50,2166
29,48,91,2167
9,33,69,2168
6,15,40,2169
4,24,50,2170
18,51,98,2171
10,30,62,2172
5,14,27,2173
8,34,56,2174
9,36,76,2175
28,51,96,2176
16,51,103,2177
19,43,73,2178
10,20,49,2179
11,28,59,2180
15,21,43,2181
16,49,99,2182
17,25,49,2183
15,39,84,2184
5,33,71,2185
15,23,41,2187
5,16,50,2188
5,12,34,2189
10,34,77,2190
16,30,63,2191
7,31,76,2192
7,33,75,2193
14,28,50,2195
9,32,75,2196
5,18,48,2197
12,47,93,2198
7,25,57,2200
2,27,59,2201
2,13,31,2203
7,28,59,2204
16,30,63,2206
1,17,37,2207
7,27,64,2208
5,30,65,2209
9,18,37,2210
4,28,52,2211
15,23,41,2212
4,28,52,2213
10,23,56,2214
5,15,36,2215
11,32,80,2217
20,46,88,2218
0,13,29,2219
4,38,85,2220
15,29,67,2221
2,11,33,2222
7,33,78,2223
17,23,44,2224
6,15,35,2225
5,17,48,2226
16,35,68,2227
10,39,80,2229
1,20,41,2230
7,30,72,2231
5,17,51,2232
17,29,58,2233
15,23,40,2234
16,29,56,2235
22,48,98,2237
7,25,48,2238
9,18,36,2239
6,31,73,2240
17,26,54,2241
17,23,44,2242
8,30,64,2243
6,26,54,2244
17,20,42,2245
15,39,84,2246
14,30,57,2247
15,41,86,2248
5,43,93,2249
13,36,73,2250
20,49,97,2251
23,44,92,2252
19,46,87,2253
5,39,85,2254
13,36,79,2255
17,20,42,2256
1,20,34,2257
17,26,54,2258
7,33,78,2259
5,15,36,2260
7,25,63,2261
13,40,80,2262
10,25,60,2263
15,29,56,2264
7,28,70,2265
16,32,64,2266
15,36,72,2267
17,46,96,2268
7,28,59,2269
6,26,67,2270
1,20,34,2271
14,31,71,2272
8,37,88,2273
19,42,88,2274
13,30,58,2275
7,30,72,2276
18,44,84,2277
9,35,74,2278
1,6,17,2279
14,41,80,2280
0,20,38,2281
23,44,92,2282
1,20,34,2283
10,41,91,2284
15,23,40,2285
10,20,50,2286
1,20,34,2287
14,37,73,2288
15,23,41,2289
15,35,69,2290
9,27,62,2291
17,45,90,2292
17,29,58,2293
14,35,69,2294
9,35,74,2298
18,45,87,2299
4,41,87,2300
7,31,72,2301
14,33,70,2302
8,20,42,2303
13,30,68,2304
15,21,43,2305
10,39,83,2307
17,28,61,2308
9,39,91,2309
6,24,56,2310
18,45,87,2311
8,44,89,2312
0,0,0,2313
7,20,47,2315
17,27,55,2316
15,29,67,2317
4,45,91,2318
23,44,92,2319
9,18,36,2320
10,21,49,2321
20,47,94,2322
13,37,77,2323
10,34,77,2324
4,41,87,2325
17,27,57,2326
5,20,42,2327
8,34,80,2328
15,47,93,2329
10,39,80,2330
23,47,97,2331
16,32,69,2332
13,31,60,2333
21,44,91,2334
15,21,43,2335
10,41,86,2336
9,19,38,2337
14,33,63,2338
15,35,69,2339
11,48,97,2340
14,43,89,2341
15,38,82,2342
9,49,97,2343
14,41,87,2345
17,32,67,2346
16,32,67,2347
5,43,87,2348
10,28,58,2349
17,29,62,2350
7,31,76,2351
5,20,42,2352
7,15,37,2354
7,18,46,2355
15,21,43,2356
11,32,80,2357
8,38,84,2358
10,23,47,2359
6,20,54,2360
21,43,90,2361
6,22,50,2362
19,48,95,2363
15,21,43,2364
8,34,70,2365
6,17,46,2366
6,33,79,2368
10,25,63,2369
16,33,67,2370
15,36,73,2371
11,45,91,2372
17,29,58,2373
17,26,55,2374
2,16,42,2375
10,25,58,2376
5,21,54,2377
8,35,80,2378
14,44,90,2379
17,20,42,2380
7,31,72,2381
7,40,89,2382
0,13,29,2383
20,49,97,2384
15,44,89,2385
11,31,66,2386
10,24,56,2387
6,17,45,2388
15,42,88,2389
5,29,69,2390
5,12,35,2391
10,40,85,2392
18,50,99,2393
17,26,55,2394
5,19,53,2395
8,26,62,2396
16,34,67,2397
8,37,84,2398
7,32,77,2399
5,26,47,2400
17,20,42,2401
15,27,49,2402
5,32,69,2403
1,25,43,2404
7,31,73,2405
15,29,56,2406
2,12,29,2407
7,15,38,2408
10,25,61,2409
4,29,54,2410
1,27,68,2411
16,49,99,2412
5,16,45,2413
21,47,97,2414
6,19,49,2415
17,27,58,2416
16,34,67,2417
18,44,85,2418
5,28,52,2419
15,21,43,2420
5,25,52,2422
10,22,55,2423
17,26,54,2424
17,41,86,2425
10,24,62,2426
18,44,84,2427
1,6,17,2428
4,15,39,2429
5,26,59,2431
3,34,78,2432
27,52,110,2433
7,29,71,2434
9,21,53,2435
10,47,102,2436
3,28,74,2437
27,49,101,2438
4,30,58,2439
3,9,16,2440
13,22,48,2441
3,22,51,2442
12,22,46,2443
7,18,38,2444
20,51,100,2445
5,20,48,2446
27,49,97,2448
15,21,58,2449
25,50,100,2450
2,15,32,2451
4,24,54,2452
11,18,40,2453
18,55,111,2454
9,21,53,2455
14,48,95,2456
17,58,123,2457
5,13,31,2458
10,19,37,2459
8,25,51,2460
22,61,124,2462
21,58,121,2463
3,20,50,2464
7,15,37,2465
23,52,105,2466
11,21,43,2467
7,17,36,2468
10,24,55,2469
5,21,42,2470
17,26,70,2471
5,7,22,2473
3,13,33,2474
4,24,61,2475
13,19,44,2476
11,21,43,2477
2,16,34,2478
20,53,104,2479
14,22,52,2480
10,19,37,2481
1,21,51,2482
0,3,10,2483
21,54,114,2484
7,29,59,2485
13,22,46,2486
14,48,95,2487
18,49,99,2489
9,17,41,2490
7,30,72,2491
17,34,90,2492
3,22,46,2493
27,49,101,2494
17,26,72,2495
10,37,84,2497
14,20,50,2498
13,44,117,2499
8,18,42,2500
13,22,48,2502
17,26,72,2503
14,22,52,2504
4,18,47,2505
11,21,43,2506
10,47,102,2507
14,23,50,2508
7,21,42,2509
23,54,106,2510
24,52,110,2511
1,6,17,2512
5,13,27,2513
11,17,35,2514
18,35,93,2515
7,20,40,2516
33,51,103,2517
27,52,111,2518
5,23,44,2519
4,33,61,2520
13,56,130,2521
13,18,41,2523
4,24,61,2524
9,17,41,2525
10,37,84,2526
8,39,82,2527
18,34,91,2528
5,7,22,2529
11,18,41,2530
4,32,63,2531
17,31,81,2532
13,35,74,2533
17,26,72,2534
11,20,44,2535
7,18,37,2536
20,53,104,2537
20,54,114,2538
10,30,57,2539
4,32,63,2540
14,24,52,2541
7,18,37,2542
27,52,111,2543
5,29,62,2544
4,18,43,2545
3,13,33,2546
3,22,51,2547
12,18,40,2548
8,22,54,2549
1,4,13,2550
17,34,90,2551
8,25,51,2552
22,51,102,2553
8,16,38,2554
18,49,98,2555
13,19,43,2556
27,49,97,2557
16,23,64,2558
13,35,74,2559
28,53,119,2560
3,9,16,2561
17,30,77,2562
23,52,110,2563
17,26,72,2564
12,47,119,2565
10,25,64,2566
1,28,61,2567
2,9,25,2568
2,9,25,2569
17,24,67,2570
24,52,110,2571
11,17,35,2572
6,19,49,2573
2,16,34,2574
5,13,28,2575
29,51,103,2576
13,44,117,2577
33,53,116,2578
5,22,45,2579
10,48,103,2580
4,20,49,2581
19,49,97,2582
17,26,70,2583
0,17,38,2584
10,26,62,2585
17,30,78,2586
9,21,45,2587
7,21,43,2588
4,13,34,2589
11,25,64,2590
4,33,61,2591
30,49,98,2592
7,26,59,2593
17,51,103,2594
5,20,48,2595
3,21,49,2596
25,52,113,2597
17,25,71,2598
13,45,117,2599
5,23,47,2600
10,24,55,2601
4,14,27,2602
11,19,41,2603
4,11,20,2604
17,29,75,2605
4,20,49,2606
3,22,52,2607
17,25,71,2608
7,20,41,2609
14,22,47,2610
11,18,41,2611
17,26,72,2613
5,22,45,2614
20,54,108,2615
3,10,22,2616
7,17,36,2617
7,26,59,2618
31,49,101,2619
5,13,28,2620
17,26,71,2621
4,28,59,2622
4,22,54,2623
11,19,42,2624
22,50,104,2625
8,16,38,2626
4,32,63,2627
13,25,56,2628
10,21,43,2629
8,43,85,2630
24,60,131,2631
18,56,123,2632
12,45,104,2633
18,57,127,2634
8,36,77,2635
20,72,174,2636
24,86,188,2637
16,47,117,2638
21,65,135,2639
13,48,111,2640
24,57,112,2641
23,85,188,2642
3,30,56,2643
31,53,114,2644
23,72,144,2645
22,64,156,2646
26,73,170,2647
21,29,51,2648
17,60,136,2649
28,76,174,2650
29,48,112,2651
15,31,54,2652
18,44,85,2653
28,59,140,2654
10,50,118,2655
32,76,170,2656
15,31,54,2657
24,64,140,2658
9,28,48,2659
3,30,56,2660
18,44,85,2661
23,46,103,2662
26,60,140,2663
20,57,125,2664
21,85,189,2665
22,70,173,2666
26,60,141,2667
22,44,101,2668
24,64,140,2669
26,52,122,2670
11,35,77,2671
6,42,82,2672
26,71,138,2673
14,58,148,2674
16,59,123,2675
10,63,130,2676
11,50,119,2677
21,74,166,2678
17,52,125,2679
21,70,171,2680
29,47,108,2681
14,55,126,2682
14,52,119,2683
20,69,171,2684
26,89,189,2685
7,37,76,2686
17,63,137,2687
9,31,55,2688
28,67,156,2689
17,61,130,2690
23,64,141,2691
27,61,135,2692
26,57,128,2693
24,51,114,2694
20,69,166,2695
19,52,113,2696
12,57,126,2697
11,31,61,2698
17,46,117,2699
23,61,138,2700
17,45,107,2701
15,50,125,2702
20,78,180,2703
31,54,118,2704
12,60,129,2705
18,49,106,2706
31,73,161,2707
29,52,119,2708
19,47,91,2709
20,29,52,2710
19,42,76,2712
25,70,150,2713
5,38,84,2714
8,69,158,2715
17,53,118,2716
22,75,142,2717
21,58,141,2718
15,57,129,2719
15,43,93,2720
16,59,132,2721
6,29,62,2722
24,49,95,2723
7,37,76,2724
29,48,112,2725
20,47,99,2726
15,59,132,2727
16,58,129,2728
23,56,104,2729
16,67,134,2730
21,52,110,2731
20,45,99,2732
18,59,112,2733
18,59,134,2735
24,60,110,2736
22,51,111,2737
16,47,120,2738
14,57,120,2739
6,42,82,2740
14,62,158,2742
11,61,130,2743
10,63,130,2744
11,42,93,2745
16,69,167,2746
21,62,128,2747
12,28,49,2748
18,52,120,2749
14,52,119,2750
23,74,141,2751
27,70,153,2752
14,66,164,2753
15,32,55,2754
16,58,136,2755
19,28,53,2756
18,47,99,2757
8,69,158,2758
23,74,141,2759
26,71,137,2760
9,45,115,2761
27,52,123,2762
28,69,150,2763
11,49,99,2764
15,36,65,2765
16,44,93,2766
21,49,99,2767
25,76,149,2768
11,35,77,2769
26,52,118,2770
16,37,84,2771
14,28,52,2772
11,62,120,2773
17,28,48,2774
17,41,75,2775
15,49,122,2776
27,82,180,2777
27,75,174,2778
22,80,183,2779
13,42,83,2780
14,63,121,2781
17,61,135,2782
3,30,56,2783
18,56,123,2784
24,62,116,2785
18,45,78,2786
21,65,135,2787
26,77,154,2788
26,55,130,2789
18,65,138,2790
19,41,96,2791
13,55,130,2792
19,60,117,2793
19,42,98,2794
13,43,93,2795
21,46,102,2796
32,76,166,2797
22,70,173,2798
9,49,107,2799
10,47,104,2800
8,69,127,2801
29,68,152,2802
17,53,134,2803
21,55,102,2804
18,53,126,2805
29,48,112,2806
24,60,131,2807
12,39,80,2808
12,31,54,2809
23,70,140,2810
20,72,166,2811
26,57,127,2812
17,41,83,2813
25,47,108,2814
21,28,51,2815
18,57,127,2816
21,46,101,2817
6,74,175,2818
14,54,141,2819
14,24,43,2820
23,53,117,2821
25,76,149,2822
25,82,167,2823
16,28,52,2824
23,72,144,2825
20,57,123,2826
17,58,128,2827
28,49,115,2828
14,26,48,2829
18,52,120,2830
19,43,101,2831
14,28,52,2832
27,65,152,2833
16,42,101,2834
14,42,90,2835
15,36,66,2836
29,68,152,2837
31,75,166,2838
13,36,69,2839
14,48,112,2840
1,13,33,2841
21,70,171,2842
11,31,63,2843
13,47,92,2844
22,85,189,2845
13,44,88,2846
6,51,112,2847
21,65,135,2848
29,52,119,2849
21,28,51,2850
14,52,116,2851
19,46,98,2852
24,58,128,2853
23,59,133,2854
16,80,170,2855
17,61,137,2856
9,60,113,2857
23,56,104,2858
24,71,142,2859
16,67,141,2860
19,46,99,2862
8,36,77,2863
11,41,90,2864
17,45,94,2865
28,71,158,2866
11,39,81,2867
13,48,111,2868
14,28,49,2869
18,39,72,2870
16,55,122,2871
18,56,123,2872
22,85,188,2873
24,64,140,2874
16,55,131,2875
20,61,132,2876
17,48,112,2877
6,30,64,2878
13,74,146,2879
14,38,73,2880
12,47,97,2881
13,35,77,2882
31,54,118,2883
21,28,51,2884
13,47,92,2885
12,47,97,2886
24,59,114,2887
12,60,120,2888
24,72,144,2889
13,49,96,2890
27,71,139,2891
17,46,109,2892
7,32,54,2893
18,63,140,2894
11,46,97,2895
27,68,146,2896
17,48,111,2897
24,49,117,2898
26,81,166,2899
9,28,48,2900
17,59,115,2901
29,75,167,2902
18,56,123,2903
25,60,128,2904
13,59,121,2905
32,76,170,2906
23,83,181,2907
21,52,109,2908
23,80,182,2909
16,51,107,2910
22,61,138,2911
17,61,134,2912
29,60,143,2913
14,28,52,2914
21,28,51,2915
9,71,134,2916
14,44,117,2917
18,48,122,2918
28,73,168,2919
17,44,101,2920
20,85,187,2921
23,74,141,2922
17,43,87,2923
15,35,70,2924
21,52,132,2925
16,79,171,2926
17,43,83,2927
14,25,44,2928
12,60,128,2929
18,30,54,2930
29,52,119,2931
19,48,122,2932
14,53,123,2933
20,66,164,2934
7,33,55,2935
14,73,168,2936
20,55,124,2937
21,74,166,2938
24,48,108,2939
31,53,114,2940
17,57,128,2941
18,29,53,2942
28,62,145,2943
20,49,94,2944
4,36,86,2946
16,43,87,2947
17,51,101,2948
5,40,92,2949
7,42,94,2950
25,49,113,2951
1,23,38,2952
27,80,163,2953
7,42,97,2954
21,71,140,2955
21,70,129,2956
13,23,41,2957
20,47,96,2958
6,40,89,2959
17,38,81,2960
22,59,110,2961
1,32,79,2962
6,16,48,2963
20,55,104,2964
19,52,101,2965
30,53,112,2966
9,44,91,2967
10,59,111,2968
16,46,96,2969
20,74,148,2970
25,64,121,2971
11,41,79,2972
6,48,86,2973
25,78,162,2974
4,17,29,2975
12,31,60,2976
15,48,99,2977
6,32,55,2978
19,52,101,2979
26,66,142,2980
10,57,120,2981
8,37,65,2982
32,55,115,2983
31,52,109,2984
31,51,110,2985
4,12,24,2986
12,23,41,2987
19,59,120,2988
32,64,139,2989
21,70,131,2990
16,57,106,2991
22,68,149,2992
21,73,138,2993
10,26,51,2994
10,39,82,2995
21,78,164,2996
15,53,103,2997
15,59,121,2998
9,44,91,2999
7,10,34,3000
6,51,90,3001
13,23,41,3002
17,74,153,3003
13,23,41,3004
21,53,102,3005
25,50,104,3006
28,55,111,3007
24,51,117,3008
17,47,91,3009
33,54,114,3010
16,52,99,3011
17,46,91,3012
7,37,72,3013
11,22,39,3014
31,68,146,3015
22,66,127,3016
6,50,88,3017
21,70,134,3018
17,68,147,3019
16,41,88,3020
23,55,107,3021
3,13,21,3022
7,37,66,3023
9,42,90,3024
16,28,56,3025
7,14,43,3026
14,55,107,3027
9,35,76,3028
15,44,95,3029
6,39,80,3030
23,66,128,3031
17,57,118,3032
17,68,147,3033
13,44,95,3034
13,23,41,3035
27,81,167,3036
21,58,110,3037
17,51,113,3038
4,23,53,3039
19,54,114,3040
32,63,138,3041
20,55,104,3042
14,56,108,3043
23,66,128,3044
9,35,76,3045
21,72,134,3046
9,48,104,3047
26,63,123,3048
7,12,40,3049
25,64,141,3050
18,57,120,3051
32,62,134,3052
15,59,121,3053
9,43,90,3054
10,50,110,3055
19,42,88,3056
30,59,125,3057
27,56,110,3058
17,55,103,3059
8,41,94,3060
27,56,109,3061
28,74,159,3062
3,15,26,3063
19,53,113,3064
29,57,121,3065
17,72,155,3066
1,24,56,3067
26,66,142,3068
7,14,44,3069
6,40,89,3070
9,42,87,3071
12,53,106,3072
6,40,89,3073
4,37,76,3074
16,42,86,3075
17,56,106,3076
25,49,116,3077
20,51,102,3078
7,15,45,3079
19,39,85,3080
13,59,121,3081
29,56,109,3082
12,57,120,3083
30,68,149,3084
27,58,123,3085
4,35,84,3086
17,68,147,3087
22,68,136,3088
6,17,50,3089
22,59,110,3090
19,54,103,3091
21,44,92,3092
10,39,91,3093
9,42,93,3094
7,39,91,3095
16,46,90,3096
21,54,102,3097
7,13,39,3098
6,17,29,3099
25,64,141,3100
23,72,156,3101
27,56,109,3102
28,53,108,3103
25,49,113,3104
6,17,50,3105
5,16,26,3106
27,56,110,3107
27,80,163,3108
10,35,62,3109
26,55,120,3110
6,39,80,3111
4,38,78,3112
5,44,98,3113
25,52,112,3114
13,23,41,3115
8,37,65,3116
2,17,30,3117
22,76,152,3118
22,76,151,3119
23,51,119,3120
16,26,44,3121
21,54,103,3122
7,40,95,3123
25,54,118,3124
9,35,76,3125
15,53,103,3126
2,42,94,3127
11,41,79,3128
25,78,161,3129
16,42,86,3130
3,12,23,3131
15,52,104,3132
29,77,158,3133
21,68,136,3134
7,15,45,3135
26,65,134,3136
20,75,150,3137
32,62,134,3138
21,73,139,3139
16,37,79,3140
7,42,95,3141
14,49,98,3142
7,42,94,3143
1,20,31,3144
3,18,30,3145
27,63,126,3146
4,14,26,3147
3,19,45,3148
30,49,109,3149
8,46,112,3150
29,77,158,3151
7,14,43,3152
2,42,94,3153
2,6,10,3154
17,68,147,3155
19,51,102,3156
17,27,52,3157
21,56,115,3158
2,13,22,3159
14,51,103,3160
12,49,110,3161
18,35,76,3162
12,60,127,3163
3,22,53,3164
21,57,115,3165
6,32,57,3166
4,16,28,3167
16,39,76,3168
4,38,78,3169
9,48,104,3170
27,65,128,3171
12,23,41,3172
22,76,152,3173
2,42,94,3174
27,55,119,3176
16,77,160,3177
26,69,150,3178
5,17,29,3179
20,55,104,3180
4,14,26,3181
10,57,120,3182
3,12,23,3183
20,71,141,3184
17,68,147,3185
27,56,109,3186
17,69,149,3187
3,19,45,3188
11,38,81,3189
4,36,86,3190
32,64,139,3191
6,17,50,3192
21,56,114,3193
8,43,97,3194
8,43,97,3195
8,46,112,3196
4,37,76,3197
27,55,119,3198
25,50,104,3199
23,56,109,3200
21,78,164,3201
31,68,146,3202
2,19,39,3203
2,19,39,3204
19,60,120,3205
3,17,34,3206
6,34,61,3207
0,28,61,3208
10,35,62,3209
25,56,109,3210
8,42,72,3211
26,55,120,3212
21,58,110,3213
21,73,139,3214
3,25,57,3215
17,46,89,3216
29,50,111,3217
11,41,79,3218
17,46,89,3219
3,14,24,3220
1,17,29,3221
10,64,139,3222
11,22,40,3223
31,69,148,3224
18,33,70,3225
18,59,116,3226
6,30,56,3227
7,37,66,3228
12,31,62,3229
27,56,109,3230
16,39,76,3231
13,23,41,3232
17,68,147,3233
10,45,82,3234
8,48,73,3235
18,56,107,3236
19,30,54,3237
12,50,83,3238
8,20,37,3239
8,76,126,3240
35,84,157,3241
8,20,37,3242
14,62,141,3243
14,62,141,3244
10,50,95,3245
19,31,57,3246
37,80,152,3247
18,44,77,3248
38,86,172,3249
25,54,130,3250
23,55,106,3251
14,40,67,3252
10,25,45,3253
4,34,59,3254
14,32,58,3255
28,45,77,3256
18,43,83,3257
9,20,41,3258
18,51,98,3259
8,15,23,3260
12,40,77,3261
17,31,64,3262
19,27,50,3263
7,68,143,3264
11,80,133,3265
9,46,89,3266
18,82,131,3267
8,47,91,3268
7,37,68,3269
11,59,110,3271
21,51,96,3272
9,44,82,3273
30,53,104,3275
18,31,60,3276
3,13,21,3278
37,80,152,3279
19,47,91,3280
33,77,149,3281
12,48,86,3282
6,66,138,3283
8,18,35,3284
10,45,86,3285
9,25,46,3286
22,44,91,3287
8,25,48,3288
10,19,28,3289
17,40,72,3290
18,42,73,3291
10,50,98,3292
5,15,33,3293
4,42,83,3294
5,34,57,3295
28,43,75,3296
13,60,111,3297
10,81,136,3298
8,12,22,3299
17,49,98,3300
17,53,105,3301
16,40,80,3302
13,48,77,3303
3,40,78,3304
13,40,72,3305
18,31,60,3306
18,44,75,3307
9,36,67,3308
3,28,48,3309
4,27,50,3310
12,54,95,3311
3,24,37,3312
24,53,106,3313
14,44,82,3314
14,35,65,3315
24,53,106,3316
5,15,30,3317
23,50,95,3318
13,32,58,3319
14,38,66,3320
28,45,77,3321
7,68,143,3322
11,39,72,3323
35,76,153,3324
10,80,136,3325
15,45,76,3326
7,15,31,3327
18,51,98,3328
23,50,95,3329
6,32,56,3330
5,13,24,3331
18,51,100,3332
9,24,45,3333
5,34,61,3334
20,56,100,3335
25,50,93,3336
4,33,60,3337
27,48,79,3338
13,34,63,3339
9,46,87,3340
18,51,83,3341
7,11,20,3342
19,46,81,3343
22,43,73,3344
8,44,85,3345
20,51,103,3346
14,62,141,3347
36,80,152,3348
10,33,49,3349
15,48,89,3350
14,49,84,3351
15,43,74,3352
7,53,126,3353
23,50,95,3354
9,47,89,3355
20,28,53,3356
35,79,152,3357
20,27,49,3358
8,76,126,3359
11,29,49,3360
8,48,73,3361
18,51,100,3362
28,45,76,3363
18,32,66,3364
18,44,84,3365
29,44,75,3366
9,39,80,3367
8,18,26,3368
12,45,90,3369
24,68,116,3370
11,80,133,3371
7,32,60,3372
19,31,57,3373
5,25,46,3375
16,58,109,3376
22,50,92,3377
7,54,126,3378
9,46,87,3379
9,49,92,3380
13,35,71,3381
11,29,54,3382
22,51,96,3383
4,32,57,3384
5,32,57,3385
5,32,57,3386
10,36,66,3387
26,43,75,3388
8,44,85,3389
35,84,157,3390
22,66,126,3391
43,87,168,3392
24,53,125,3393
9,24,43,3394
41,87,172,3395
29,44,76,3396
42,84,169,3397
19,29,54,3398
40,88,187,3399
13,38,75,3400
26,44,76,3401
26,55,102,3402
36,80,152,3403
29,44,75,3404
38,85,171,3405
26,46,76,3406
13,40,79,3407
27,44,76,3408
40,88,187,3409
7,54,128,3410
8,19,36,3411
13,60,133,3412
24,54,101,3413
38,85,173,3414
14,45,87,3415
40,93,194,3416
38,85,175,3417
37,84,170,3418
14,43,74,3419
41,77,165,3420
19,28,52,3421
11,24,44,3422
25,50,92,3423
18,31,56,3424
8,20,37,3425
26,43,76,3426
18,32,58,3427
38,85,172,3428
13,40,79,3429
9,39,80,3430
7,68,143,3431
10,35,72,3432
7,12,25,3433
9,31,62,3434
13,41,87,3435
23,52,97,3436
37,85,168,3437
36,82,160,3438
20,45,83,3439
5,34,59,3440
27,45,77,3441
10,29,41,3442
25,46,78,3443
7,12,23,3444
22,45,92,3445
37,80,152,3446
8,80,130,3447
8,47,91,3448
13,40,80,3449
10,21,33,3450
27,48,79,3451
37,80,152,3452
17,27,53,3453
37,85,176,3454
4,53,97,3455
13,40,84,3456
13,63,144,3457
13,60,133,3458
38,85,173,3459
11,65,95,3460
9,36,67,3461
23,50,95,3462
9,39,80,3463
30,76,138,3464
9,43,85,3465
30,71,134,3466
9,43,85,3467
27,45,77,3468
18,45,86,3469
10,50,95,3470
10,44,79,3471
43,91,191,3472
15,43,67,3473
21,49,87,3474
5,44,86,3475
31,70,116,3476
31,84,155,3477
28,43,75,3478
8,43,79,3479
31,77,140,3480
20,41,73,3481
15,42,74,3482
8,36,67,3483
14,62,141,3484
16,57,106,3485
23,56,107,3486
43,87,168,3487
18,57,108,3488
25,46,91,3489
26,55,102,3490
13,38,75,3491
19,46,81,3492
25,54,130,3493
18,30,56,3494
24,80,129,3495
34,54,128,3496
12,45,69,3497
8,48,73,3498
10,80,136,3499
6,55,121,3500
8,18,36,3501
36,61,141,3502
8,57,108,3503
12,48,77,3504
14,41,79,3505
42,80,168,3506
21,53,107,3507
21,51,94,3508
34,77,146,3509
28,44,75,3510
7,68,144,3511
14,33,65,3512
9,46,87,3513
7,53,124,3514
39,86,171,3515
40,93,194,3516
19,46,81,3517
15,44,89,3518
27,45,76,3519
13,40,72,3520
36,59,139,3521
40,85,167,3522
20,43,77,3523
38,85,174,3524
31,54,130,3525
42,88,175,3526
7,40,82,3527
27,46,77,3528
18,51,98,3529
19,47,89,3530
18,29,62,3531
27,44,76,3532
4,51,97,3533
19,51,98,3534
6,15,32,3535
10,25,52,3536
31,63,112,3537
24,56,109,3538
19,47,91,3539
29,44,75,3540
10,45,83,3541
19,31,57,3542
24,50,98,3543
18,44,77,3544
21,52,98,3545
11,34,68,3546
8,15,26,3547
12,32,63,3548
13,41,87,3549
13,32,58,3550
19,32,58,3551
10,24,43,3552
18,44,75,3553
42,84,169,3554
24,72,130,3555
23,53,99,3556
19,51,99,3557
8,18,33,3558
7,53,122,3559
20,27,51,3560
16,29,61,3561
10,29,45,3562
10,35,73,3563
38,85,172,3564
22,43,75,3565
13,40,71,3566
26,44,76,3567
7,82,131,3568
12,49,78,3569
16,40,80,3570
20,27,50,3571
40,87,173,3572
8,41,81,3573
8,35,65,3574
35,54,129,3575
19,27,52,3576
37,80,152,3577
5,35,64,3578
9,48,90,3579
12,48,77,3580
18,50,101,3581
29,44,75,3582
18,49,98,3583
11,29,49,3584
12,38,78,3585
12,47,95,3586
15,41,87,3587
36,55,130,3588
36,80,152,3589
7,16,33,3590
22,66,126,3591
35,80,157,3592
10,32,48,3593
10,40,77,3594
8,29,56,3595
14,64,109,3596
4,14,27,3597
18,32,59,3598
34,78,148,3599
39,78,161,3600
7,12,24,3601
6,49,82,3602
24,50,99,3603
30,71,128,3604
1,11,19,3605
10,57,108,3606
23,50,99,3607
18,41,72,3608
6,42,73,3609
18,41,72,3610
9,24,46,3611
20,28,53,3612
19,27,53,3613
29,43,76,3614
5,13,24,3615
29,73,130,3616
17,74,126,3617
15,44,89,3618
19,31,57,3619
10,46,88,3620
5,55,91,3621
23,59,104,3622
29,43,75,3623
8,65,137,3624
4,26,47,3625
32,66,112,3626
7,33,62,3627
28,43,75,3628
13,40,80,3630
13,40,79,3631
38,81,161,3632
41,87,172,3633
16,52,106,3634
30,71,164,3635
9,54,82,3636
20,28,53,3637
9,50,91,3638
24,66,151,3639
8,15,23,3640
11,41,58,3641
9,46,87,3642
21,53,105,3643
15,47,86,3644
15,33,59,3645
26,66,111,3646
17,49,98,3647
6,78,168,3648
2,49,95,3649
9,40,81,3650
20,30,56,3651
13,48,77,3652
37,80,152,3653
18,28,54,3654
30,74,136,3655
14,62,141,3656
30,75,137,3657
20,51,103,3658
36,71,159,3659
19,49,95,3660
38,85,172,3661
29,44,75,3662
4,42,78,3663
18,52,79,3664
22,48,76,3665
11,26,50,3666
15,24,50,3667
1,3,5,3668
8,13,28,3669
24,49,81,3670
8,18,40,3671
16,66,91,3672
0,7,12,3673
13,30,55,3674
4,32,55,3675
14,31,58,3677
4,19,38,3678
6,30,62,3679
4,13,23,3680
14,64,91,3681
9,13,32,3682
3,23,37,3683
8,22,51,3684
7,28,49,3685
13,25,51,3686
5,25,43,3687
9,46,65,3688
10,19,38,3689
5,23,42,3690
9,22,47,3691
10,19,38,3692
1,6,12,3693
13,27,51,3694
12,22,47,3695
17,27,53,3696
26,47,79,3697
9,35,65,3698
25,54,85,3699
29,51,83,3700
11,23,53,3701
9,15,33,3702
15,22,47,3703
13,32,52,3704
8,21,46,3705
10,19,38,3706
5,28,53,3707
9,40,68,3708
9,38,69,3709
0,8,13,3710
3,17,35,3711
24,49,81,3712
12,25,50,3713
32,47,78,3714
0,8,13,3715
6,19,37,3716
4,16,23,3717
7,32,53,3718
9,30,59,3719
5,13,26,3720
15,58,84,3721
13,32,52,3722
3,17,35,3723
24,49,80,3724
9,27,52,3725
16,39,65,3726
11,31,58,3727
6,38,67,3728
1,20,38,3729
10,32,58,3730
18,64,96,3731
26,56,88,3732
10,23,47,3733
8,41,74,3734
1,25,43,3735
11,20,44,3736
18,49,74,3737
9,31,56,3738
12,30,56,3739
1,17,29,3740
5,17,26,3741
10,34,54,3742
11,31,58,3743
18,49,74,3744
19,60,89,3745
5,35,68,3746
12,22,47,3747
4,9,26,3748
1,11,25,3749
4,9,25,3750
25,48,75,3751
12,32,52,3752
4,19,37,3753
26,56,88,3754
5,24,55,3755
14,64,96,3756
9,15,33,3757
25,48,75,3758
5,20,38,3759
12,30,56,3760
20,57,87,3761
6,19,37,3762
25,46,76,3763
7,37,66,3764
9,13,32,3765
6,27,58,3766
7,13,27,3767
5,26,58,3768
7,13,27,3769
8,33,62,3770
14,20,44,3771
6,38,67,3772
2,8,16,3773
10,31,58,3774
6,38,67,3775
4,9,26,3776
25,50,81,3777
1,11,15,3778
13,32,52,3779
7,13,27,3780
13,22,51,3781
10,23,47,3782
9,30,56,3783
8,31,57,3784
4,10,20,3785
22,61,91,3786
9,20,44,3787
8,19,43,3788
18,64,96,3789
4,14,28,3790
11,24,47,3791
1,8,13,3792
3,17,35,3793
9,22,47,3794
1,17,36,3795
3,21,38,3796
10,23,54,3797
26,50,81,3798
6,42,64,3799
32,53,86,3800
5,20,38,3801
9,34,64,3802
8,32,56,3803
4,9,18,3804
28,51,85,3805
18,52,79,3806
9,30,56,3807
6,31,67,3808
8,23,48,3809
12,25,50,3810
19,60,89,3811
9,38,69,3812
5,30,62,3813
5,13,26,3814
21,53,73,3815
0,13,20,3816
5,17,34,3817
2,15,32,3818
0,20,37,3819
5,17,26,3820
11,31,58,3821
1,17,31,3822
10,23,47,3823
13,35,60,3824
8,23,48,3825
23,50,81,3826
13,22,51,3827
15,22,47,3828
15,58,84,3829
4,19,33,3830
25,63,95,3831
2,8,16,3832
5,35,68,3833
7,13,27,3834
25,46,76,3835
25,46,76,3836
9,47,66,3837
7,34,69,3838
15,24,50,3839
11,27,58,3840
4,32,54,3841
5,35,68,3842
8,13,28,3843
4,42,78,3844
1,3,5,3845
4,18,46,3846
29,49,77,3847
4,27,57,3848
5,24,42,3849
9,20,44,3850
14,71,102,3851
1,8,11,3852
9,15,33,3853
25,49,81,3854
27,48,80,3855
3,19,40,3856
4,16,23,3857
5,17,26,3858
12,25,50,3859
9,37,65,3860
9,38,69,3861
11,20,44,3862
5,25,43,3863
4,10,18,3864
9,40,67,3865
13,71,100,3866
23,50,81,3867
7,13,31,3868
11,33,62,3869
15,28,48,3870
11,26,50,3871
5,28,53,3872
29,49,77,3873
11,37,69,3874
17,57,86,3875
3,17,33,3876
7,18,35,3877
12,38,51,3878
10,44,55,3880
8,23,38,3881
14,24,39,3883
12,37,49,3884
12,38,51,3885
25,37,49,3887
21,31,41,3888
14,24,39,3889
7,43,62,3890
11,43,55,3892
7,43,62,3893
18,58,76,3894
3,15,27,3895
12,26,39,3896
12,38,51,3897
10,28,41,3898
10,42,64,3899
12,26,39,3900
7,21,38,3901
10,40,56,3902
10,20,37,3903
11,38,53,3904
12,46,65,3905
11,32,45,3906
7,23,40,3907
11,28,39,3908
23,41,56,3909
4,20,34,3910
10,40,56,3911
7,25,40,3912
23,41,56,3913
8,43,70,3914
3,27,43,3915
9,33,47,3916
23,47,65,3917
25,37,49,3918
10,44,55,3919
13,45,64,3920
11,58,76,3921
18,52,66,3922
12,33,44,3923
7,23,39,3924
11,45,61,3925
25,37,49,3926
10,27,40,3927
6,30,42,3928
20,50,69,3929
10,42,54,3930
9,59,78,3931
10,31,46,3932
9,31,47,3933
25,49,64,3934
11,27,39,3935
11,38,53,3936
12,48,77,3937
2,27,44,3938
10,26,41,3939
25,37,49,3940
22,34,44,3941
7,18,35,3942
9,37,51,3943
12,46,65,3944
12,38,51,3945
7,43,62,3946
13,40,51,3947
14,64,85,3948
7,38,54,3949
7,23,39,3950
11,66,89,3951
10,42,64,3952
5,30,37,3953
10,44,55,3954
10,27,39,3955
14,25,40,3956
10,42,55,3957
23,42,56,3958
9,25,40,3959
6,31,44,3960
13,30,45,3961
10,44,55,3962
12,27,40,3963
12,20,36,3964
12,38,51,3965
9,25,39,3966
0,4,8,3967
10,20,37,3968
10,28,41,3969
11,27,40,3970
14,25,40,3971
10,29,45,3972
10,44,55,3973
2,5,13,3974
10,44,55,3975
9,25,39,3976
6,41,73,3977
2,5,12,3978
3,27,43,3979
12,48,77,3980
1,29,37,3981
10,20,30,3982
5,30,37,3983
10,25,37,3984
9,36,46,3985
3,10,16,3986
12,39,53,3987
10,31,45,3988
8,14,23,3989
5,20,35,3990
11,38,53,3991
10,57,76,3992
12,43,55,3993
8,25,40,3994
8,30,47,3995
26,48,61,3996
11,32,46,3997
23,44,59,3998
25,44,56,3999
12,38,47,4000
10,27,40,4001
10,30,45,4002
9,61,81,4003
2,26,40,4004
10,44,55,4005
8,21,37,4006
10,20,30,4007
10,42,78,4008
3,10,16,4009
24,35,49,4010
8,23,38,4011
11,48,66,4012
5,30,37,4013
11,28,41,4014
23,47,65,4015
13,40,59,4016
11,40,51,4017
10,38,54,4018
4,14,25,4019
7,21,38,4020
11,26,41,4021
9,33,47,4022
22,34,44,4023
2,5,12,4024
10,32,44,4025
23,44,59,4026
10,42,64,4027
9,27,37,4028
7,18,35,4029
17,37,54,4030
23,47,62,4031
20,50,69,4032
5,38,51,4033
22,56,76,4034
5,30,37,4035
11,20,36,4036
9,42,52,4037
9,61,81,4038
8,39,50,4039
10,46,59,4040
9,27,38,4041
14,50,79,4042
6,30,42,4043
11,39,60,4044
19,65,115,4045
33,61,104,4046
36,80,136,4047
7,21,48,4048
29,67,120,4049
33,61,104,4050
27,40,84,4051
10,27,52,4052
5,30,61,4053
33,67,110,4054
26,68,120,4055
7,52,93,4058
7,31,52,4059
8,31,59,4060
31,42,88,4061
14,59,109,4062
5,25,46,4063
31,59,99,4064
8,25,50,4067
27,40,84,4068
5,34,59,4069
6,35,57,4070
4,25,49,4072
8,68,123,4073
28,63,103,4074
9,53,104,4075
5,36,60,4076
8,50,80,4077
6,58,106,4078
30,40,85,4079
11,27,52,4080
6,60,112,4081
26,86,147,4082
10,41,94,4083
15,68,127,4084
31,42,88,4085
5,34,58,4086
3,38,69,4087
6,47,82,4089
23,62,109,4090
3,43,76,4091
3,17,40,4092
33,67,110,4093
10,32,53,4094
33,79,137,4095
5,30,51,4096
18,37,84,4097
9,32,56,4098
11,30,54,4099
21,49,99,4100
22,59,95,4101
8,39,90,4102
4,56,107,4103
4,23,41,4104
32,59,100,4105
35,78,135,4106
33,73,124,4107
26,75,126,4108
6,35,57,4109
2,23,54,4110
30,43,90,4111
13,64,108,4112
26,86,147,4113
4,23,41,4114
8,34,68,4115
5,26,54,4116
5,26,54,4117
5,30,61,4118
7,28,59,4119
29,45,94,4120
4,56,107,4121
8,36,71,4122
10,26,48,4123
25,58,95,4124
12,60,106,4125
22,49,99,4126
11,41,76,4127
9,27,52,4128
26,61,101,4129
9,32,57,4130
12,44,84,4131
26,76,136,4132
10,37,69,4133
16,85,142,4134
9,31,53,4135
16,85,142,4136
30,63,106,4137
10,44,82,4138
10,26,46,4139
9,31,65,4140
6,23,48,4141
28,71,124,4142
7,29,54,4143
7,35,67,4144
6,28,52,4145
26,86,146,4146
30,41,88,4147
6,36,66,4148
9,23,44,4149
2,27,46,4150
26,66,107,4151
9,24,45,4152
27,65,106,4153
1,46,79,4154
6,15,31,4155
28,41,90,4156
6,11,33,4157
5,32,52,4158
9,32,56,4159
8,33,72,4160
14,62,107,4161
22,68,120,4162
36,80,136,4163
28,86,148,4164
14,29,52,4165
30,40,85,4166
8,34,56,4167
4,32,59,4168
27,40,84,4169
9,26,43,4170
7,35,69,4171
14,27,50,4172
29,86,145,4173
8,29,54,4174
9,28,48,4175
24,64,105,4177
12,32,62,4178
20,52,84,4179
33,67,110,4180
7,30,54,4181
8,33,56,4182
6,10,25,4183
32,59,100,4184
8,23,49,4185
6,10,25,4186
3,31,58,4187
10,49,90,4188
6,26,50,4189
9,31,65,4190
9,27,52,4191
5,32,54,4193
18,37,84,4194
2,48,81,4195
3,26,44,4196
8,30,52,4197
29,65,107,4198
5,32,51,4199
10,25,45,4200
5,47,86,4201
6,12,34,4202
7,29,54,4203
9,30,61,4204
6,30,52,4205
9,27,57,4206
4,31,55,4207
29,67,120,4208
24,81,137,4209
31,59,99,4210
2,35,81,4211
28,86,146,4212
10,28,55,4213
11,35,66,4214
17,66,113,4215
26,85,145,4216
32,75,135,4217
31,42,89,4218
9,27,59,4219
12,63,108,4220
27,64,114,4221
9,36,74,4222
19,36,65,4223
13,30,48,4224
9,32,53,4225
9,37,68,4226
10,48,96,4227
28,82,138,4228
6,22,54,4229
30,39,83,4230
12,60,106,4231
27,76,132,4232
21,41,92,4233
13,52,98,4234
11,47,85,4235
15,31,53,4236
23,72,119,4237
11,47,83,4238
11,57,96,4239
7,24,51,4240
21,73,128,4241
29,65,108,4242
32,74,128,4243
30,46,95,4244
18,42,70,4245
11,39,83,4246
10,41,81,4247
26,61,103,4248
22,57,92,4249
13,56,95,4250
10,42,79,4251
22,46,79,4252
5,26,46,4253
18,36,65,4254
1,39,71,4255
30,38,82,4256
5,50,97,4257
25,84,143,4258
28,86,146,4259
29,66,115,4260
10,29,54,4261
27,57,93,4262
7,26,59,4263
9,31,53,4264
19,65,115,4266
27,76,132,4267
26,76,136,4268
25,58,95,4269
5,24,50,4270
38,80,137,4271
10,41,82,4272
28,76,131,4273
16,60,110,4274
10,34,59,4275
30,73,127,4276
27,40,87,4277
22,35,78,4278
30,39,83,4279
21,74,127,4280
12,60,106,4281
26,44,93,4282
11,29,50,4283
30,40,87,4284
16,60,110,4285
6,22,50,4286
4,31,57,4287
11,30,54,4288
6,10,25,4290
10,38,73,4291
24,74,127,4292
33,66,116,4293
20,41,71,4294
10,49,87,4295
7,11,33,4296
31,37,81,4297
6,34,66,4298
25,65,115,4299
26,91,153,4300
16,85,142,4301
13,26,47,4302
29,45,94,4303
18,41,69,4304
32,64,109,4305
8,34,62,4306
24,64,105,4307
32,68,114,4308
31,37,81,4309
8,39,90,4310
26,76,134,4311
32,43,90,4312
5,22,47,4313
12,32,57,4314
14,57,95,4315
31,71,120,4316
27,40,87,4317
20,42,71,4318
9,27,51,4319
10,48,96,4320
22,68,120,4321
9,41,76,4322
4,24,49,4323
12,46,93,4324
3,17,39,4325
9,28,48,4326
5,24,50,4327
30,73,127,4328
7,30,54,4329
29,72,122,4330
13,83,141,4331
13,72,128,4333
26,84,143,4334
30,41,88,4335
10,43,82,4336
30,42,89,4337
21,70,117,4338
8,30,49,4339
33,40,84,4340
3,19,38,4341
27,64,114,4342
38,80,137,4343
27,82,141,4344
32,68,114,4345
25,65,113,4346
19,69,122,4347
6,28,59,4348
7,39,92,4349
9,43,71,4350
20,42,70,4351
27,40,84,4353
12,45,84,4354
27,40,84,4355
32,68,114,4356
6,48,88,4357
26,86,146,4358
26,44,93,4359
25,50,88,4360
25,58,95,4361
30,43,90,4362
10,29,56,4363
29,55,100,4364
26,37,82,4365
18,42,70,4366
11,39,83,4367
26,66,114,4368
11,41,76,4369
3,19,38,4370
11,27,52,4371
30,65,110,4372
7,39,92,4373
22,59,95,4374
5,48,87,4375
26,65,108,4376
22,59,95,4377
3,21,46,4378
20,70,118,4379
27,46,95,4380
26,64,113,4381
33,42,88,4382
10,32,53,4383
26,94,161,4384
22,56,89,4385
32,59,100,4386
29,82,140,4387
9,51,104,4388
8,23,41,4389
30,40,87,4390
4,56,107,4391
36,69,122,4392
8,27,56,4393
6,15,38,4394
28,63,103,4395
9,28,48,4396
25,64,105,4397
25,65,115,4398
5,42,74,4399
18,47,114,4400
24,60,133,4401
2,30,66,4402
6,48,91,4403
10,39,90,4404
18,48,114,4405
7,10,20,4406
20,43,82,4407
25,50,118,4408
21,50,90,4409
16,45,101,4410
18,32,43,4411
10,46,84,4412
18,32,44,4413
9,32,65,4414
9,28,51,4415
8,10,20,4416
19,47,116,4417
13,54,101,4418
19,41,59,4419
20,40,76,4420
22,46,113,4421
1,32,41,4422
16,45,84,4423
24,52,120,4424
10,47,111,4425
19,34,48,4426
16,45,101,4427
21,50,90,4428
14,28,58,4429
5,32,68,4430
4,11,23,4431
10,40,73,4432
13,50,98,4433
7,18,46,4435
4,20,41,4436
4,39,72,4437
15,35,89,4438
6,18,36,4439
8,33,61,4440
18,47,114,4441
20,48,78,4443
13,29,58,4444
10,35,76,4445
18,52,117,4446
7,52,99,4447
9,10,21,4449
6,11,21,4450
19,37,54,4451
14,46,87,4452
9,39,73,4453
14,43,105,4454
18,40,61,4455
25,50,125,4456
9,28,59,4457
1,36,48,4458
19,44,65,4459
7,9,19,4460
9,25,50,4461
17,48,80,4462
20,45,83,4463
9,35,80,4464
10,41,64,4465
7,55,91,4466
23,49,120,4467
21,41,77,4468
20,49,76,4469
23,55,124,4470
9,22,54,4471
20,45,83,4472
13,42,81,4473
13,49,109,4474
20,53,83,4475
7,10,21,4476
17,44,66,4477
8,29,53,4478
8,36,66,4479
8,42,79,4480
8,19,48,4481
2,31,65,4482
20,42,76,4483
10,41,81,4484
7,10,20,4485
1,27,34,4486
15,44,85,4487
13,34,68,4488
7,9,19,4489
19,44,65,4490
20,42,78,4491
14,46,87,4492
8,29,53,4493
9,39,73,4494
19,38,74,4495
18,38,55,4496
6,36,70,4497
18,34,47,4498
21,50,78,4499
13,50,91,4500
20,52,81,4501
16,45,101,4502
25,47,114,4503
19,37,52,4504
19,41,59,4505
4,45,81,4506
16,41,80,4507
15,35,70,4508
21,52,118,4509
16,45,101,4510
24,48,114,4511
15,32,84,4512
3,30,48,4513
20,42,74,4514
5,32,68,4515
20,40,74,4516
18,36,51,4517
18,47,91,4518
25,50,116,4519
9,20,51,4520
14,37,95,4521
2,31,59,4522
4,16,41,4523
7,48,85,4524
22,48,111,4525
8,20,51,4526
17,37,69,4527
7,62,120,4528
5,31,64,4529
7,42,83,4530
8,48,81,4531
18,48,114,4532
5,30,58,4534
7,10,21,4535
20,44,65,4536
7,47,91,4537
22,48,116,4538
7,46,78,4539
24,49,116,4540
8,33,61,4541
19,49,96,4542
7,55,91,4543
20,60,134,4544
21,41,78,4545
7,55,91,4546
6,41,77,4547
21,49,94,4548
13,33,67,4549
8,20,51,4550
10,39,90,4551
21,42,82,4552
9,32,67,4553
3,11,21,4554
20,41,76,4555
13,54,101,4556
18,34,55,4557
11,35,66,4558
20,51,80,4559
8,42,79,4560
18,48,114,4561
14,45,111,4562
21,41,73,4563
11,41,99,4564
9,43,103,4565
20,50,96,4566
19,43,63,4567
7,10,20,4568
7,18,36,4569
17,34,67,4570
8,27,51,4571
15,33,66,4572
9,39,73,4573
8,10,20,4574
20,43,82,4575
9,25,57,4576
10,34,62,4577
13,54,101,4578
25,50,118,4579
17,29,38,4580
13,35,69,4581
18,34,55,4582
17,47,104,4583
20,41,75,4584
8,10,20,4585
14,29,61,4586
20,44,65,4587
15,38,96,4588
6,71,122,4589
15,47,85,4590
24,52,93,4591
30,82,135,4592
6,7,19,4593
17,30,48,4594
12,27,58,4595
21,24,39,4596
21,26,41,4597
22,28,45,4598
22,28,43,4599
28,58,100,4600
21,25,40,4601
17,24,39,4602
46,72,130,4603
30,49,89,4604
22,54,97,4605
48,73,134,4606
25,48,89,4607
4,20,43,4608
18,27,43,4609
12,33,64,4610
46,73,130,4611
19,46,84,4613
29,52,92,4614
40,77,128,4615
12,42,77,4616
9,52,84,4617
17,35,67,4619
4,8,19,4620
14,37,56,4621
8,25,54,4622
15,24,53,4623
21,25,42,4625
15,67,115,4626
11,61,106,4627
24,28,44,4628
15,49,93,4629
32,40,69,4630
31,70,125,4631
6,7,19,4632
15,67,110,4633
24,30,48,4634
22,36,66,4635
6,8,20,4636
21,30,47,4637
21,25,41,4638
17,52,86,4639
9,29,57,4640
21,25,40,4641
32,49,87,4642
18,30,47,4643
12,49,83,4644
12,32,63,4645
45,73,128,4647
11,39,66,4648
31,40,69,4649
30,82,135,4650
21,56,92,4651
16,49,91,4652
10,29,54,4653
6,19,37,4654
21,50,84,4655
21,25,41,4656
12,30,59,4657
26,78,128,4658
28,39,65,4659
22,28,45,4660
24,51,91,4661
48,74,132,4662
18,24,39,4663
6,71,122,4664
30,49,89,4665
20,24,39,4667
10,29,55,4668
19,30,48,4669
20,24,39,4670
32,40,70,4671
6,7,19,4672
9,49,87,4673
22,29,46,4674
13,70,116,4675
46,77,136,4676
11,62,111,4677
41,68,121,4678
40,70,124,4679
2,14,37,4680
32,65,114,4681
19,49,80,4682
30,82,135,4683
14,32,79,4684
29,49,86,4685
6,68,114,4686
25,50,89,4687
24,54,97,4688
8,39,66,4689
14,50,86,4690
15,48,89,4691
20,47,80,4692
7,67,110,4693
43,72,132,4694
24,52,93,4695
31,41,71,4696
7,70,118,4698
24,52,92,4699
12,51,86,4700
10,40,78,4701
21,24,39,4702
6,68,114,4703
23,56,97,4704
24,52,92,4705
48,74,132,4706
9,23,47,4707
12,22,51,4708
42,80,132,4709
6,12,28,4710
31,42,72,4711
28,62,108,4712
21,25,41,4713
44,80,140,4714
0,0,0,4715
11,53,90,4716
10,20,58,4717
29,76,126,4718
28,60,101,4720
16,34,66,4721
30,48,85,4722
15,69,113,4723
8,49,86,4724
29,49,86,4725
14,31,77,4726
6,70,118,4727
10,30,55,4728
6,76,130,4729
2,7,16,4730
30,41,73,4731
47,74,134,4732
24,52,93,4733
31,48,85,4734
31,39,70,4735
16,46,83,4736
30,42,74,4737
27,50,91,4738
21,24,40,4739
44,83,137,4740
31,47,84,4741
2,4,11,4742
21,37,69,4743
15,59,105,4744
5,15,30,4745
16,26,54,4746
29,60,100,4747
2,7,16,4748
15,44,80,4749
28,45,79,4750
7,44,86,4751
29,52,92,4752
45,71,126,4753
26,48,85,4754
44,83,140,4755
10,54,99,4756
11,52,90,4757
20,56,98,4758
15,45,83,4759
30,47,85,4760
24,47,85,4761
24,30,48,4762
22,28,45,4763
45,70,121,4764
15,53,100,4765
34,68,117,4766
26,45,81,4767
40,70,124,4768
44,75,133,4769
29,39,71,4770
2,7,16,4771
25,80,131,4772
31,42,72,4773
12,27,58,4774
22,69,117,4775
12,51,86,4776
27,48,85,4777
14,56,103,4778
45,73,128,4779
12,27,57,4780
45,73,130,4781
11,36,60,4782
22,30,48,4783
12,22,51,4784
28,62,109,4785
1,5,13,4786
5,33,59,4787
30,72,122,4788
5,44,72,4789
5,15,29,4790
12,23,62,4791
15,44,81,4792
46,76,135,4793
5,55,96,4794
22,36,63,4795
10,52,97,4796
15,49,91,4797
13,67,115,4798
12,33,63,4799
25,40,74,4800
18,49,85,4801
34,64,115,4802
13,23,52,4803
12,65,111,4804
15,64,106,4805
13,31,78,4806
8,47,87,4807
22,54,97,4808
13,34,66,4809
44,80,140,4810
29,64,112,4811
30,44,82,4812
28,58,100,4813
27,66,113,4814
12,26,69,4815
46,70,126,4816
46,71,128,4817
43,72,132,4818
39,83,136,4819
19,30,47,4820
0,53,96,4821
48,73,134,4822
30,42,79,4823
33,67,116,4824
30,65,116,4825
7,70,118,4826
32,40,69,4827
10,42,76,4828
46,72,130,4829
4,8,21,4830
22,30,48,4831
13,29,73,4832
24,28,44,4833
13,32,62,4834
29,64,110,4835
12,33,64,4836
2,5,12,4837
23,52,92,4838
15,55,95,4839
15,48,89,4840
6,51,91,4841
6,73,120,4842
8,47,87,4843
1,24,39,4844
13,41,72,4845
17,29,57,4846
11,41,78,4847
42,80,132,4848
10,30,58,4849
28,61,105,4850
11,41,78,4851
1,21,30,4852
2,7,16,4853
44,68,121,4854
30,47,85,4855
10,34,69,4856
6,67,108,4857
6,12,27,4858
24,48,87,4859
20,30,47,4860
12,26,70,4861
25,39,73,4862
12,44,79,4863
16,69,115,4864
9,26,51,4865
16,24,39,4866
21,44,76,4867
18,46,81,4868
10,47,91,4869
7,22,45,4870
12,51,86,4871
8,49,81,4872
15,56,99,4873
19,69,116,4874
27,48,85,4875
20,47,80,4876
29,52,92,4877
15,67,115,4878
43,74,135,4879
43,72,132,4880
25,40,74,4881
15,48,93,4882
21,24,39,4883
6,12,27,4884
12,51,86,4885
7,38,64,4886
45,74,135,4887
24,51,91,4888
45,79,134,4889
30,42,79,4890
0,0,0,4891
15,69,114,4892
45,70,126,4893
31,69,120,4894
33,81,133,4895
31,70,125,4896
13,24,54,4897
10,30,58,4898
22,30,48,4899
29,69,117,4900
46,70,126,4901
17,24,39,4902
9,20,57,4903
18,80,159,4904
27,87,159,4905
16,79,147,4906
16,76,168,4907
1,30,55,4908
7,37,81,4909
16,62,151,4910
6,32,73,4911
6,32,73,4912
7,37,81,4913
28,100,177,4914
13,83,184,4915
24,46,104,4916
1,29,71,4917
7,52,121,4918
40,93,177,4919
17,50,116,4920
31,104,184,4921
40,107,193,4922
22,36,86,4923
21,92,187,4924
45,117,256,4925
25,72,156,4926
40,93,177,4927
27,130,269,4928
17,50,116,4929
22,61,121,4930
25,82,150,4931
32,92,212,4932
22,77,151,4933
27,110,194,4934
18,74,145,4935
23,41,95,4936
6,44,92,4937
38,105,232,4938
11,53,120,4939
45,116,253,4940
18,53,131,4942
17,78,141,4943
7,22,50,4944
28,101,173,4945
30,77,165,4946
18,86,194,4947
25,51,107,4948
17,98,173,4949
26,50,97,4950
34,105,193,4951
17,78,141,4952
24,39,91,4953
7,23,58,4954
11,54,127,4955
25,66,122,4956
1,6,19,4957
16,73,140,4958
17,78,141,4959
4,10,27,4960
25,55,131,4961
40,122,268,4962
23,45,105,4963
23,75,156,4964
10,49,96,4965
23,69,159,4966
34,72,138,4967
3,4,10,4968
10,37,81,4969
24,79,155,4970
16,43,91,4971
22,69,155,4972
46,105,197,4973
40,114,241,4974
27,88,161,4975
16,46,96,4976
28,101,173,4977
29,71,158,4978
17,50,116,4979
26,77,160,4980
48,107,201,4981
6,26,50,4982
16,41,97,4983
27,70,134,4984
11,34,62,4985
25,66,156,4986
14,78,176,4987
13,80,171,4988
8,47,91,4989
22,61,121,4990
6,27,50,4991
26,50,96,4992
9,34,72,4993
33,68,131,4994
44,122,260,4995
7,35,74,4996
21,77,156,4997
6,44,92,4998
4,10,28,4999
10,37,80,5000
37,99,222,5001
19,76,146,5002
15,45,96,5003
41,119,262,5004
20,88,189,5005
48,121,243,5006
35,71,139,5007
50,110,206,5008
15,50,113,5009
21,67,153,5010
24,66,149,5011
17,78,148,5012
27,75,164,5013
25,66,122,5014
7,35,77,5015
48,115,239,5016
29,68,126,5017
22,70,167,5018
14,46,107,5019
32,79,141,5020
25,48,109,5021
50,109,226,5022
8,35,75,5023
31,70,130,5024
25,45,105,5025
9,40,89,5026
45,113,220,5027
18,59,143,5028
33,94,209,5029
42,118,240,5030
49,105,191,5031
25,48,108,5032
37,97,219,5033
18,44,111,5034
17,67,133,5035
21,92,187,5036
6,30,51,5037
19,60,113,5038
20,99,175,5039
18,67,160,5040
16,87,162,5041
20,130,265,5042
36,83,165,5043
22,59,124,5044
24,52,122,5045
24,80,155,5046
43,117,252,5047
28,89,161,5048
22,50,125,5049
27,54,128,5050
18,79,156,5051
23,62,142,5052
16,46,96,5053
20,123,246,5054
20,111,220,5055
27,117,231,5056
23,75,156,5057
27,51,97,5058
46,105,197,5059
3,10,29,5060
34,106,192,5061
22,130,265,5062
46,105,197,5063
9,64,148,5064
14,51,113,5066
16,73,140,5067
31,120,254,5068
46,120,242,5069
25,47,107,5070
28,113,221,5071
29,78,140,5072
17,64,147,5073
45,97,180,5074
2,2,6,5075
39,118,258,5076
43,109,198,5077
40,128,272,5078
7,36,78,5079
7,29,52,5080
25,69,138,5081
34,122,265,5082
22,38,88,5083
23,83,173,5084
23,70,136,5085
45,125,262,5086
23,56,122,5087
23,62,142,5088
17,81,154,5089
11,38,66,5090
6,10,26,5091
4,7,23,5092
11,29,78,5093
28,91,164,5094
25,75,155,5095
42,105,230,5096
36,98,171,5097
19,47,117,5098
20,51,116,5099
24,77,148,5100
45,117,256,5101
25,53,107,5102
23,81,156,5103
51,106,190,5104
12,70,132,5105
15,81,142,5106
25,88,176,5107
15,41,71,5108
16,43,91,5109
27,106,199,5110
21,81,158,5111
27,79,163,5112
21,69,164,5113
26,95,169,5114
32,109,208,5115
20,55,99,5116
23,124,253,5117
42,102,188,5118
37,122,266,5119
21,73,164,5120
6,7,23,5121
22,64,136,5122
17,135,285,5123
4,10,29,5124
39,126,273,5125
44,95,179,5126
25,50,103,5127
24,69,156,5128
25,53,105,5129
12,70,132,5130
17,78,141,5131
0,42,91,5132
22,75,149,5133
28,106,197,5134
27,71,162,5135
28,68,122,5136
27,143,287,5137
5,17,38,5138
20,113,233,5139
36,116,260,5140
18,68,160,5141
25,55,107,5142
34,106,192,5143
19,60,141,5144
32,91,209,5145
3,3,8,5146
29,68,127,5147
37,122,259,5148
23,101,183,5149
10,49,96,5150
8,45,103,5151
1,1,5,5152
25,72,156,5153
3,10,29,5154
45,97,180,5155
37,122,259,5156
28,95,165,5157
18,49,105,5158
12,38,73,5159
34,72,138,5160
15,71,144,5161
3,10,28,5162
1,9,18,5163
7,29,52,5164
24,44,101,5165
4,7,23,5166
21,96,180,5167
22,65,157,5168
25,51,122,5169
12,70,132,5170
22,48,99,5171
23,37,87,5172
24,81,158,5173
29,69,142,5174
13,80,171,5175
30,106,186,5176
4,10,28,5177
4,10,28,5178
28,84,149,5179
26,50,97,5180
24,73,163,5181
29,76,158,5182
31,79,140,5183
27,81,199,5184
37,117,261,5185
22,64,125,5186
21,86,161,5187
28,69,154,5188
22,68,155,5189
16,46,96,5190
10,37,81,5191
29,130,268,5192
10,68,121,5193
45,95,179,5194
25,47,106,5195
39,102,226,5196
27,80,161,5197
24,46,104,5198
30,77,165,5199
8,47,106,5200
46,105,197,5201
27,69,138,5202
26,76,159,5203
49,112,209,5204
32,89,155,5205
19,130,257,5206
27,86,166,5207
26,49,95,5208
30,75,162,5209
43,114,245,5210
12,32,89,5211
46,110,213,5212
1,30,55,5213
28,79,161,5215
16,62,151,5216
8,32,74,5217
39,126,273,5218
32,66,120,5219
31,120,254,5220
28,85,164,5221
12,33,76,5222
19,76,146,5223
25,77,149,5224
25,52,121,5225
30,74,136,5226
26,93,168,5227
49,118,243,5228
37,108,197,5229
46,105,197,5230
11,29,81,5231
11,29,81,5232
31,70,128,5233
36,106,188,5234
21,69,149,5235
20,111,220,5236
16,79,147,5237
23,42,96,5238
25,45,103,5239
22,70,167,5240
24,53,123,5241
23,75,156,5242
34,101,223,5243
15,59,141,5244
15,81,143,5245
24,81,158,5246
25,50,103,5247
8,31,56,5248
32,79,141,5249
8,49,96,5250
50,109,226,5251
14,38,88,5252
16,105,195,5253
9,64,148,5254
23,83,161,5255
20,64,155,5256
15,33,92,5257
23,74,142,5258
50,109,226,5259
49,115,239,5260
25,58,131,5261
38,105,188,5262
23,37,87,5263
24,79,155,5264
17,56,133,5265
24,65,154,5266
23,69,159,5267
26,78,163,5268
20,65,158,5269
24,49,115,5270
19,56,136,5271
9,38,66,5272
31,68,129,5273
15,46,100,5274
23,52,123,5275
32,73,135,5276
23,63,146,5277
22,70,160,5278
8,52,125,5279
30,67,126,5280
21,52,133,5281
23,41,95,5282
34,96,216,5283
9,40,89,5284
18,66,151,5285
33,106,188,5286
40,93,177,5287
11,69,122,5289
15,77,137,5290
37,123,268,5291
10,59,114,5293
10,59,114,5294
28,76,167,5295
46,97,182,5296
48,121,243,5297
3,16,38,5298
31,70,128,5299
22,47,112,5300
13,83,184,5301
20,58,111,5302
19,71,167,5303
46,105,201,5304
8,56,123,5305
44,122,260,5306
22,89,160,5307
15,60,135,5308
25,72,160,5309
16,45,108,5310
17,50,116,5311
24,71,148,5312
23,37,87,5313
35,106,187,5314
19,46,110,5315
0,4,11,5316
26,50,98,5317
23,40,90,5318
30,76,172,5319
28,64,149,5320
11,37,68,5321
7,35,74,5322
22,34,83,5323
35,69,129,5324
17,76,141,5325
11,41,88,5326
14,38,90,5327
28,95,165,5328
8,45,103,5329
44,98,184,5330
11,60,138,5331
18,71,133,5332
32,74,142,5333
25,58,114,5334
44,112,241,5335
24,43,97,5336
19,61,126,5337
18,59,139,5338
34,121,263,5339
14,37,87,5340
11,37,68,5341
11,64,127,5342
22,55,131,5343
20,58,111,5344
40,128,272,5345
12,45,92,5346
17,70,134,5347
24,72,153,5348
18,74,173,5349
23,81,156,5350
28,51,96,5351
28,100,177,5352
8,35,75,5353
46,98,187,5354
26,60,114,5355
34,105,193,5356
43,117,252,5357
19,80,156,5358
16,76,143,5359
21,85,173,5360
34,96,216,5361
21,137,278,5362
33,77,141,5363
25,49,113,5364
26,51,100,5365
23,42,96,5366
17,76,141,5367
16,78,148,5368
30,130,270,5369
22,61,121,5370
7,32,58,5371
45,117,256,5372
50,107,201,5373
23,41,93,5374
42,95,179,5375
26,62,116,5376
39,107,237,5377
20,41,92,5378
25,66,143,5379
9,34,72,5380
3,25,59,5381
7,32,73,5382
16,80,152,5383
28,113,221,5384
22,54,134,5385
47,99,185,5386
27,123,253,5387
36,108,240,5388
16,47,109,5389
38,98,206,5390
17,69,159,5391
35,104,201,5392
10,46,119,5393
44,120,240,5394
12,51,116,5395
34,97,228,5396
37,122,278,5397
28,80,158,5398
33,116,268,5399
25,115,257,5400
21,62,147,5401
2,35,94,5402
52,92,192,5403
35,108,215,5404
6,22,77,5405
24,98,201,5406
36,107,212,5407
33,124,281,5408
55,99,210,5409
27,88,204,5410
26,114,246,5411
30,127,236,5412
22,101,210,5413
27,95,207,5414
35,132,291,5415
33,108,250,5416
11,109,229,5417
45,86,183,5418
7,15,41,5419
7,14,44,5420
8,15,39,5421
29,118,251,5422
17,84,197,5423
22,71,169,5424
25,103,195,5425
42,99,211,5426
29,131,242,5427
10,12,35,5428
43,114,251,5429
34,92,194,5430
22,100,191,5431
25,93,188,5432
32,117,273,5434
30,81,166,5435
32,131,258,5436
45,88,184,5437
52,95,201,5438
34,101,223,5439
50,89,191,5440
26,93,187,5441
52,104,216,5442
36,95,211,5443
49,99,209,5444
24,133,263,5445
39,116,269,5446
14,107,223,5447
7,11,42,5448
27,102,207,5449
9,14,37,5450
7,59,131,5451
26,90,228,5452
14,73,165,5453
34,107,202,5454
42,104,229,5455
23,81,195,5456
28,112,255,5457
41,129,275,5458
31,114,264,5459
18,64,138,5460
27,95,228,5461
28,101,229,5462
29,96,191,5463
29,88,186,5464
10,53,116,5465
33,94,208,5466
6,9,23,5467
20,63,144,5468
43,131,281,5469
34,87,192,5470
35,100,206,5471
24,94,227,5472
6,9,22,5473
11,98,200,5474
26,99,246,5475
22,86,195,5476
19,67,141,5477
27,90,205,5478
33,84,180,5479
29,89,190,5480
29,116,242,5481
43,125,255,5482
38,115,246,5483
30,101,225,5484
33,125,283,5485
23,137,298,5486
33,108,250,5487
34,94,192,5488
36,130,288,5489
7,59,131,5490
33,98,219,5491
34,142,309,5492
28,103,217,5493
35,121,236,5494
25,79,164,5495
7,16,54,5496
42,120,267,5497
6,34,96,5498
34,87,183,5499
24,106,208,5500
38,96,208,5501
6,9,23,5502
25,111,247,5503
44,120,240,5504
52,110,236,5505
33,94,201,5506
30,95,201,5507
46,108,221,5508
27,100,225,5509
42,99,211,5510
44,109,219,5511
34,92,194,5512
28,92,217,5513
7,14,47,5514
7,16,52,5515
24,94,201,5516
41,133,281,5517
31,112,245,5518
25,81,167,5519
30,105,221,5520
49,106,233,5521
39,94,197,5522
28,110,242,5523
27,108,233,5524
16,114,241,5525
39,107,224,5526
7,23,52,5527
34,127,292,5528
19,94,202,5529
25,86,207,5530
34,94,192,5531
11,95,207,5532
7,50,114,5533
4,6,18,5534
28,101,229,5535
32,108,236,5536
20,105,239,5537
40,100,222,5538
6,15,41,5539
32,106,248,5540
7,56,133,5541
27,84,199,5542
3,7,23,5543
41,126,282,5544
17,87,198,5545
24,120,225,5546
43,79,169,5547
44,104,230,5548
24,95,223,5549
24,115,248,5550
24,77,172,5551
6,15,36,5552
30,122,277,5553
22,70,148,5554
21,91,202,5555
12,42,100,5556
31,126,276,5557
30,98,205,5558
33,118,219,5559
23,94,190,5560
22,80,178,5561
28,92,212,5562
29,100,205,5563
44,135,294,5564
40,134,285,5565
39,98,226,5566
19,97,223,5567
42,113,243,5568
17,93,209,5569
39,130,284,5570
12,53,119,5571
53,96,208,5572
11,50,129,5573
28,90,198,5574
8,38,103,5575
25,124,250,5576
33,104,233,5577
24,110,243,5578
43,106,235,5579
33,108,213,5580
10,53,116,5581
43,116,241,5582
34,142,309,5583
20,109,245,5584
30,103,207,5585
26,114,250,5586
18,86,176,5587
23,91,185,5588
34,106,234,5589
37,123,276,5590
15,48,108,5591
38,100,205,5592
18,52,119,5593
36,111,224,5594
10,63,134,5595
30,96,200,5596
54,102,215,5597
30,129,278,5598
4,23,76,5599
23,86,179,5600
39,126,272,5601
10,31,93,5602
30,107,224,5603
36,122,268,5604
57,97,209,5605
38,115,241,5606
33,115,250,5607
27,113,220,5608
26,73,176,5609
34,94,209,5610
7,16,55,5611
24,99,191,5612
26,81,161,5613
24,98,194,5614
40,127,252,5615
42,116,259,5616
24,113,214,5617
8,102,206,5618
42,119,263,5619
5,45,109,5620
39,107,236,5621
10,63,147,5622
32,80,187,5623
32,112,249,5624
34,132,274,5625
31,104,210,5626
30,128,260,5627
35,119,226,5628
38,111,240,5629
3,7,19,5630
7,51,116,5631
11,119,228,5632
35,120,238,5633
1,45,100,5634
29,100,204,5635
25,123,240,5636
28,95,178,5637
6,7,17,5638
31,110,250,5639
4,34,91,5640
19,100,227,5641
34,133,283,5642
34,101,204,5643
46,129,265,5644
7,16,55,5645
29,106,230,5646
47,99,204,5647
34,122,280,5648
29,121,258,5649
7,30,71,5650
27,95,233,5651
32,112,237,5652
29,80,195,5653
27,85,183,5654
29,115,258,5655
42,110,233,5656
24,81,165,5657
30,102,215,5658
17,109,235,5659
4,25,59,5660
16,47,109,5661
38,116,262,5662
47,124,255,5663
28,128,236,5664
26,139,257,5665
43,104,216,5666
26,95,192,5667
23,85,194,5668
21,132,264,5669
23,101,195,5670
40,105,231,5671
36,129,274,5672
18,56,125,5673
8,114,224,5674
24,102,217,5675
29,119,221,5676
30,92,203,5677
29,117,252,5678
27,120,223,5679
18,83,175,5680
8,38,103,5681
15,56,126,5682
30,134,282,5683
38,120,271,5684
42,108,240,5685
23,95,204,5686
38,121,228,5687
38,128,280,5688
15,72,164,5689
56,98,215,5690
36,126,270,5691
10,31,93,5692
4,23,76,5693
32,113,239,5694
28,118,222,5695
42,112,250,5696
6,33,89,5697
43,108,231,5699
10,57,124,5700
5,18,68,5701
6,31,84,5702
29,95,216,5703
21,107,200,5704
36,98,225,5705
3,15,57,5706
36,107,239,5707
30,115,239,5708
17,68,155,5709
20,68,153,5710
21,78,180,5711
36,98,215,5712
27,108,238,5713
3,7,17,5714
39,107,239,5715
34,127,292,5716
42,105,233,5717
30,145,316,5718
32,122,278,5719
42,126,286,5720
17,133,257,5721
15,60,130,5722
20,108,240,5723
5,12,34,5724
23,75,173,5725
22,71,150,5726
27,92,198,5727
23,75,173,5728
40,125,263,5729
7,23,52,5730
21,100,228,5731
31,120,246,5732
37,136,283,5733
40,80,174,5734
26,80,165,5735
32,112,241,5736
18,97,219,5737
39,104,212,5738
31,130,261,5739
30,72,159,5740
40,127,252,5741
35,125,257,5742
53,99,210,5743
19,68,163,5744
29,121,261,5745
29,102,205,5746
33,112,229,5747
31,99,220,5748
35,103,210,5749
41,109,238,5750
4,9,17,5751
42,116,270,5752
31,97,195,5753
40,122,254,5754
30,83,163,5755
22,104,222,5756
37,75,150,5757
45,97,201,5758
33,113,217,5759
24,82,183,5760
18,57,142,5761
8,52,120,5762
43,120,254,5763
28,99,212,5764
15,44,106,5765
14,73,151,5766
25,87,191,5767
42,132,281,5768
1,17,62,5769
26,114,247,5770
23,89,180,5771
42,121,259,5772
34,116,218,5773
35,132,291,5774
43,129,277,5775
24,139,306,5776
22,76,181,5777
23,88,182,5778
34,140,311,5779
33,116,250,5780
47,124,290,5781
37,130,257,5782
22,80,191,5783
25,94,189,5784
19,97,223,5785
37,112,221,5786
1,16,58,5787
20,84,174,5788
34,121,272,5789
25,98,209,5790
42,125,263,5791
31,112,251,5792
34,100,206,5793
34,87,192,5794
26,84,176,5795
6,10,24,5796
24,114,223,5797
17,87,198,5798
41,125,273,5799
33,84,180,5800
47,130,275,5801
25,93,206,5802
26,99,184,5803
38,102,229,5804
4,8,22,5805
18,113,244,5806
5,18,68,5807
2,44,105,5808
35,128,267,5809
29,100,201,5810
33,98,210,5811
9,14,47,5812
30,95,202,5813
27,125,254,5814
26,127,236,5815
23,88,182,5816
33,101,202,5817
28,116,245,5818
38,107,240,5819
8,106,211,5820
41,113,257,5821
16,80,186,5822
20,68,141,5823
25,81,167,5824
53,107,233,5825
40,123,281,5826
23,100,227,5827
7,50,117,5828
30,85,189,5829
32,95,212,5830
41,133,284,5831
9,63,157,5832
51,95,204,5833
27,95,210,5834
51,115,242,5835
24,99,191,5836
30,105,233,5837
4,18,43,5838
9,51,121,5839
3,7,23,5840
22,66,144,5841
5,18,68,5842
26,88,197,5843
34,87,183,5844
21,84,173,5845
46,109,240,5846
25,102,222,5847
24,98,194,5848
9,51,121,5849
27,115,248,5850
44,132,281,5851
6,33,96,5852
11,44,107,5853
26,88,204,5854
34,92,205,5855
20,141,269,5856
33,117,246,5857
12,62,152,5858
18,52,120,5859
36,98,215,5860
43,112,240,5861
39,126,270,5862
31,112,245,5863
32,121,290,5864
11,48,116,5865
1,16,60,5866
41,129,270,5867
18,83,179,5868
53,105,232,5869
41,106,234,5870
41,97,199,5871
18,80,170,5872
37,86,176,5873
30,115,220,5874
26,104,212,5875
23,79,183,5876
23,84,176,5877
13,66,160,5878
41,119,260,5879
25,95,214,5880
14,47,114,5881
25,74,157,5882
16,77,181,5883
40,130,290,5884
44,124,272,5885
23,85,176,5886
23,90,177,5887
35,118,252,5888
25,106,203,5889
28,93,187,5890
29,83,162,5891
6,9,23,5892
36,122,246,5893
32,118,263,5894
33,102,209,5895
20,90,212,5896
36,104,236,5897
41,107,218,5898
28,112,255,5899
30,120,274,5900
34,94,209,5901
6,9,23,5902
41,123,254,5903
27,100,218,5904
32,129,245,5905
7,45,104,5906
35,125,255,5907
28,97,215,5908
21,93,216,5909
32,116,248,5910
31,112,243,5911
36,94,207,5912
23,86,179,5913
25,112,208,5914
27,92,184,5915
36,98,215,5916
22,89,179,5917
28,88,189,5918
39,105,230,5919
32,100,204,5920
19,61,144,5921
8,27,67,5922
43,120,259,5923
32,109,219,5924
34,122,270,5925
32,100,224,5926
21,81,189,5927
42,120,260,5928
27,94,204,5929
39,118,274,5930
37,123,234,5931
28,122,245,5932
45,127,270,5933
35,125,257,5934
16,57,130,5935
18,84,188,5936
17,105,201,5937
26,70,159,5938
43,123,266,5939
26,85,182,5940
32,134,293,5941
39,111,249,5942
43,114,251,5943
19,75,169,5944
8,57,145,5945
17,59,137,5946
23,114,250,5947
32,126,245,5948
8,44,95,5949
32,102,206,5950
24,97,191,5951
20,105,239,5952
29,84,166,5953
26,75,159,5954
6,26,78,5955
6,24,78,5956
39,105,235,5957
28,89,212,5958
34,122,270,5959
41,116,263,5960
25,87,191,5961
40,110,248,5962
4,6,16,5963
18,94,213,5964
6,34,96,5965
30,115,220,5966
33,127,286,5967
18,84,193,5968
26,82,168,5969
23,109,248,5970
19,80,172,5971
21,105,230,5972
34,120,274,5973
40,116,268,5974
28,118,234,5975
33,107,234,5976
25,78,201,5977
29,89,186,5978
32,102,206,5979
36,108,240,5980
36,131,279,5981
30,101,227,5982
19,65,139,5983
28,80,168,5984
12,88,193,5985
27,94,215,5986
32,96,214,5987
6,30,81,5988
20,93,205,5989
41,109,247,5990
3,33,88,5991
8,115,226,5992
49,115,237,5993
23,71,151,5994
46,113,237,5995
6,33,96,5996
41,118,260,5997
22,81,185,5998
38,98,229,5999
6,28,84,6000
17,69,159,6001
30,106,248,6002
8,62,136,6003
48,114,232,6004
38,108,231,6005
39,119,273,6006
46,104,227,6007
12,51,118,6008
6,26,78,6009
9,24,63,6010
2,31,91,6011
30,120,274,6012
22,84,170,6013
18,110,206,6014
37,96,213,6015
15,94,190,6016
19,100,227,6017
30,129,278,6018
42,99,211,6019
16,114,241,6020
7,51,116,6021
23,122,249,6022
27,112,206,6023
34,92,194,6024
35,140,291,6025
37,102,223,6026
32,117,263,6027
6,26,78,6028
36,139,303,6029
41,103,226,6030
42,113,239,6031
20,65,138,6032
31,101,221,6033
25,87,191,6034
44,82,173,6035
28,88,212,6036
32,100,224,6037
43,112,240,6038
19,132,261,6039
19,68,163,6040
29,121,258,6041
34,118,234,6042
35,125,255,6043
22,70,148,6044
25,94,189,6045
16,75,162,6046
41,113,257,6047
30,113,258,6048
41,111,245,6049
27,100,225,6050
45,124,255,6051
41,120,262,6052
32,100,204,6053
36,122,249,6054
41,103,228,6055
16,83,181,6056
29,131,265,6057
37,123,234,6058
31,90,198,6059
27,134,288,6060
24,86,175,6061
33,122,278,6062
20,105,239,6063
41,126,275,6064
37,75,150,6065
32,122,278,6066
13,63,153,6067
23,84,176,6068
33,129,248,6069
23,85,176,6070
16,58,132,6071
39,119,271,6073
42,124,272,6074
4,18,43,6075
18,83,179,6076
27,114,253,6077
39,105,218,6078
7,56,133,6079
22,112,219,6080
28,96,191,6081
32,112,249,6082
33,125,283,6083
6,24,78,6084
51,93,199,6085
11,119,228,6086
24,110,236,6087
42,117,255,6088
10,63,134,6089
36,139,303,6090
43,119,269,6091
8,102,206,6092
24,82,166,6093
34,92,194,6094
27,90,178,6095
17,87,198,6096
40,115,257,6097
33,94,201,6098
19,122,253,6099
41,133,281,6100
44,135,294,6101
27,123,253,6102
17,62,141,6103
35,140,291,6104
42,99,211,6105
22,119,245,6106
44,104,230,6107
38,116,249,6108
25,81,167,6109
36,103,211,6110
44,124,272,6111
38,99,220,6112
42,117,255,6113
16,75,162,6114
28,89,212,6115
26,78,163,6116
19,139,296,6117
43,137,294,6118
33,98,210,6119
26,75,159,6120
40,91,189,6121
28,114,244,6122
21,119,254,6123
32,112,249,6124
29,89,186,6125
30,101,227,6126
18,115,234,6127
23,85,194,6128
21,139,301,6129
17,76,172,6130
9,63,157,6131
28,81,168,6132
17,62,132,6133
39,127,258,6134
38,78,167,6135
24,114,223,6136
27,84,183,6137
23,90,177,6138
24,141,302,6139
31,98,207,6140
34,127,292,6141
36,75,151,6142
8,15,39,6143
35,125,257,6144
19,85,183,6145
41,116,265,6146
24,112,247,6147
37,99,221,6148
32,101,228,6149
11,60,139,6150
35,120,238,6151
38,99,220,6152
34,122,270,6153
41,113,240,6154
17,76,172,6155
31,112,251,6156
36,138,304,6157
40,103,224,6158
31,114,264,6159
14,104,216,6160
45,114,252,6161
6,24,78,6162
7,51,116,6163
25,86,194,6164
22,124,255,6165
38,126,289,6166
30,96,200,6167
29,114,244,6168
1,8,22,6169
8,106,211,6170
5,26,71,6171
42,128,280,6172
38,100,205,6173
52,103,215,6174
23,131,241,6175
36,108,215,6176
29,102,205,6177
31,101,215,6178
38,103,230,6179
35,111,240,6180
29,111,228,6181
37,115,257,6182
30,106,226,6183
25,113,250,6184
43,114,251,6185
36,104,236,6186
28,123,241,6187
33,107,246,6188
37,103,230,6189
34,92,194,6190
29,84,166,6191
36,77,166,6192
29,121,261,6193
38,109,240,6194
19,97,223,6195
38,126,289,6196
42,110,236,6197
16,120,257,6198
22,88,192,6199
9,14,37,6200
30,94,182,6201
42,124,274,6202
31,128,279,6203
12,98,194,6204
37,115,257,6205
2,31,91,6206
36,73,146,6207
18,66,150,6208
42,87,180,6209
38,99,220,6210
28,100,213,6211
7,16,53,6213
31,97,211,6214
33,108,220,6215
43,120,259,6216
11,57,133,6217
30,107,224,6218
24,115,248,6219
33,97,215,6221
40,119,266,6222
48,106,234,6223
34,100,200,6224
33,95,211,6225
35,90,205,6226
29,89,186,6227
2,35,94,6228
4,24,76,6229
27,94,215,6230
22,77,182,6231
35,119,226,6232
17,97,221,6233
24,133,247,6234
37,130,294,6235
7,14,44,6236
29,86,180,6237
31,108,229,6238
26,94,203,6239
53,99,213,6240
7,11,42,6241
44,122,271,6242
6,33,96,6243
28,83,165,6244
18,78,176,6245
10,31,93,6246
7,57,129,6247
25,84,188,6248
4,18,43,6249
12,65,160,6250
29,89,186,6251
26,81,161,6252
32,108,236,6253
17,69,159,6254
26,115,252,6255
30,81,153,6256
24,86,165,6257
39,107,236,6258
12,88,193,6259
5,45,109,6260
19,131,258,6261
16,112,236,6262
36,104,217,6264
34,124,283,6265
40,127,259,6266
34,98,218,6267
15,63,155,6268
7,117,227,6269
25,129,274,6270
7,112,226,6271
39,118,249,6272
42,109,238,6273
28,116,245,6274
27,132,267,6275
35,134,281,6276
30,74,172,6277
23,129,258,6278
16,79,183,6279
23,134,291,6281
9,52,119,6282
8,106,211,6283
32,136,293,6284
15,72,164,6285
17,69,159,6286
23,109,209,6287
13,22,43,6288
5,18,68,6289
23,109,209,6290
32,122,250,6291
44,128,277,6292
25,84,188,6293
24,88,174,6294
34,132,277,6295
22,87,180,6296
37,103,230,6297
10,45,107,6298
24,83,190,6299
29,121,261,6300
37,96,216,6301
21,78,180,6302
8,31,78,6303
36,122,249,6304
24,81,185,6305
26,84,176,6306
8,51,119,6307
23,109,209,6308
35,113,246,6309
37,132,290,6310
9,51,121,6311
34,110,220,6312
44,120,240,6313
21,132,264,6314
41,113,257,6315
41,116,265,6316
33,118,223,6317
11,96,194,6318
42,129,287,6319
22,102,196,6320
36,105,212,6321
40,121,266,6322
32,95,194,6323
23,109,248,6324
33,96,216,6325
32,101,228,6326
43,131,283,6327
21,132,264,6329
27,108,236,6330
28,116,245,6331
7,106,211,6332
53,99,213,6333
11,57,133,6334
42,109,240,6335
4,24,78,6336
19,81,176,6337
31,79,158,6338
31,74,125,6339
27,68,145,6340
36,89,178,6341
21,80,149,6342
35,75,148,6343
36,68,136,6344
9,46,94,6345
32,71,122,6346
22,82,138,6347
7,25,55,6348
25,83,154,6349
26,54,87,6350
31,74,125,6351
33,76,130,6352
33,61,135,6353
13,71,133,6354
14,69,143,6355
15,87,154,6356
12,46,89,6357
23,62,128,6359
1,21,46,6360
23,53,88,6361
2,13,33,6362
46,85,172,6363
31,93,175,6364
28,87,172,6365
16,45,91,6366
11,67,109,6367
22,76,154,6368
14,22,51,6369
1,26,57,6370
15,33,72,6373
35,85,168,6374
16,71,134,6375
22,70,137,6377
15,20,43,6378
28,64,131,6379
21,109,190,6380
21,109,190,6381
13,20,50,6382
11,41,83,6383
35,91,180,6384
2,32,53,6385
32,97,174,6386
36,77,157,6387
1,17,40,6388
10,42,88,6389
16,39,81,6390
4,40,93,6391
2,13,33,6392
31,65,127,6393
28,55,92,6394
6,18,38,6395
13,54,121,6396
13,20,50,6397
3,16,37,6398
4,18,46,6399
22,67,138,6400
2,26,69,6401
14,40,82,6402
1,24,56,6403
14,62,124,6404
50,83,167,6405
31,69,140,6406
15,30,64,6407
12,50,97,6408
14,46,89,6409
30,93,179,6410
15,66,145,6411
3,16,37,6412
28,87,172,6413
22,73,150,6414
25,88,151,6415
4,40,93,6416
15,31,64,6417
2,40,93,6419
46,85,172,6420
23,59,96,6421
21,74,148,6422
15,66,145,6423
7,18,50,6424
26,54,87,6425
34,80,154,6426
1,26,57,6427
15,40,80,6428
25,106,191,6429
24,93,180,6430
40,87,176,6431
30,73,139,6432
26,86,173,6433
18,54,115,6434
22,84,169,6435
5,42,88,6436
25,74,150,6437
26,77,147,6438
15,37,76,6439
11,49,110,6440
15,46,92,6441
42,78,157,6442
22,76,154,6443
18,91,174,6444
53,83,169,6445
13,20,50,6446
8,22,47,6447
1,20,43,6448
27,64,137,6449
26,64,128,6451
28,83,151,6452
28,94,177,6453
39,81,165,6454
29,91,176,6455
26,64,128,6456
13,26,62,6457
32,74,151,6458
23,55,90,6459
28,83,161,6460
4,17,36,6461
40,71,145,6462
38,98,180,6463
15,66,145,6464
33,85,164,6465
28,106,208,6466
13,47,91,6467
31,63,106,6468
34,94,168,6469
28,100,194,6470
24,84,174,6471
34,87,164,6472
26,70,146,6473
33,64,124,6474
32,69,147,6475
29,91,176,6477
4,18,37,6478
33,96,185,6479
10,30,89,6480
11,29,77,6481
21,88,170,6482
40,78,157,6483
14,46,87,6484
42,76,154,6485
31,61,100,6486
21,74,163,6487
14,42,83,6488
26,61,131,6489
35,68,114,6490
1,21,46,6491
15,63,124,6492
49,76,151,6494
16,65,143,6495
11,44,99,6496
30,93,182,6498
9,33,77,6499
26,54,87,6500
24,78,154,6501
25,103,187,6502
18,42,99,6503
26,83,151,6504
9,38,84,6505
33,93,175,6507
23,61,132,6508
4,74,135,6509
46,78,160,6510
8,33,77,6511
26,87,180,6512
7,25,55,6513
32,98,186,6514
22,84,169,6515
22,70,137,6516
14,22,51,6517
26,77,147,6518
11,44,91,6519
37,71,146,6520
36,68,136,6521
31,73,145,6522
8,26,83,6523
37,96,185,6524
17,59,128,6525
13,20,50,6526
1,29,74,6527
17,57,126,6528
25,83,154,6529
23,91,181,6531
56,83,168,6532
7,20,52,6533
37,71,146,6534
29,83,152,6536
31,98,179,6537
26,84,157,6538
14,62,131,6539
24,75,146,6540
33,76,130,6541
20,82,152,6542
27,87,180,6543
5,18,60,6544
5,18,61,6545
12,60,119,6547
13,26,63,6548
25,86,142,6549
24,49,81,6551
33,64,124,6552
25,80,160,6553
33,60,100,6555
12,45,88,6556
39,81,165,6557
25,80,160,6558
35,88,167,6559
28,100,194,6560
28,68,144,6561
16,28,60,6562
9,46,90,6565
17,89,167,6566
31,84,168,6567
31,97,194,6568
14,22,51,6569
30,90,173,6570
33,66,110,6571
25,54,120,6572
33,66,110,6573
26,107,190,6574
25,69,134,6575
23,69,137,6576
40,71,145,6577
18,42,99,6578
31,79,158,6579
5,16,53,6580
21,74,163,6581
32,103,201,6582
35,97,189,6583
8,29,93,6584
20,64,130,6585
12,41,82,6586
6,18,38,6588
15,87,154,6589
10,77,147,6590
23,70,140,6591
14,35,76,6592
21,61,130,6593
22,65,136,6594
1,28,61,6595
38,78,157,6596
14,58,126,6597
6,23,80,6598
27,65,136,6599
27,71,120,6600
8,23,61,6601
26,64,127,6602
32,95,175,6603
29,67,154,6604
5,18,61,6605
13,20,50,6606
37,97,187,6607
40,71,145,6609
24,84,164,6610
15,49,108,6611
20,80,162,6612
15,66,145,6613
22,96,182,6614
8,37,84,6615
30,93,181,6616
25,106,191,6617
30,84,155,6618
29,95,192,6619
28,71,142,6620
14,22,48,6621
23,74,150,6622
18,42,99,6623
18,71,160,6624
2,40,93,6625
1,38,67,6626
25,68,136,6627
19,61,130,6628
25,83,153,6629
45,84,170,6630
35,68,136,6631
26,92,180,6632
26,70,146,6633
21,74,163,6634
26,64,128,6635
31,87,173,6636
22,73,150,6637
11,67,109,6638
30,80,133,6639
6,23,80,6640
7,18,37,6641
24,105,202,6642
14,44,89,6643
37,97,188,6644
27,88,164,6645
30,73,139,6646
7,53,108,6647
20,85,167,6648
20,82,152,6649
38,78,157,6650
30,63,104,6651
11,49,110,6652
26,65,135,6653
18,42,99,6654
5,34,86,6655
31,87,173,6656
33,60,101,6657
27,91,177,6658
51,83,169,6659
19,61,130,6660
40,83,169,6661
1,26,57,6663
2,36,60,6664
10,58,100,6665
38,79,160,6666
21,82,158,6667
24,53,120,6668
23,50,82,6669
26,97,190,6670
47,83,168,6672
19,61,130,6673
38,78,158,6674
23,93,182,6675
30,72,139,6678
8,33,77,6679
34,87,164,6680
14,34,68,6681
40,79,162,6682
31,69,140,6683
3,36,86,6684
14,41,85,6685
23,74,148,6686
15,20,43,6687
17,60,117,6688
27,66,137,6689
19,56,122,6690
13,20,50,6691
24,94,180,6692
37,71,146,6693
9,47,88,6694
22,94,181,6696
25,85,174,6697
33,64,107,6698
12,53,98,6699
24,84,174,6700
18,42,99,6702
1,10,29,6703
16,28,62,6704
14,22,52,6705
10,38,85,6706
13,41,82,6707
24,85,168,6708
12,66,109,6709
19,72,159,6710
15,73,159,6711
1,38,67,6712
13,20,50,6713
15,20,42,6714
14,24,59,6715
24,90,173,6716
9,21,56,6717
4,74,135,6718
26,77,145,6719
5,46,111,6720
26,95,194,6721
14,45,104,6722
9,41,85,6723
35,68,114,6725
4,38,90,6726
27,88,176,6727
21,82,152,6728
14,24,54,6729
23,93,180,6730
24,80,156,6731
15,37,76,6732
16,41,81,6733
31,85,168,6734
14,22,51,6736
33,64,124,6737
24,104,201,6738
19,56,124,6740
13,20,50,6741
37,74,152,6742
22,82,138,6743
17,61,117,6744
27,102,194,6745
12,67,109,6746
20,74,162,6747
11,67,109,6748
28,55,92,6749
8,28,79,6750
18,71,160,6751
31,79,158,6752
28,55,92,6753
28,80,137,6754
32,61,135,6755
14,24,51,6756
11,44,99,6757
26,78,140,6758
28,98,189,6759
40,71,144,6760
14,23,52,6761
17,46,90,6762
19,96,167,6763
7,20,51,6764
29,73,143,6765
15,33,73,6766
37,83,165,6767
8,33,77,6768
23,82,165,6769
28,83,151,6770
5,16,43,6771
53,82,165,6772
22,73,146,6773
31,79,158,6774
24,75,146,6775
21,71,147,6776
27,106,197,6777
30,98,176,6778
19,71,152,6779
26,78,140,6780
30,89,170,6781
25,84,167,6782
33,91,176,6783
23,80,162,6784
8,37,84,6785
32,62,119,6786
5,46,111,6787
14,24,51,6788
33,60,100,6789
30,84,156,6790
10,31,90,6791
19,57,120,6792
5,46,111,6793
14,22,51,6794
33,66,111,6795
30,60,118,6796
11,65,111,6797
29,60,117,6798
29,58,128,6799
15,47,92,6800
51,78,161,6801
20,63,122,6802
30,72,138,6803
6,25,69,6804
25,103,187,6805
31,58,97,6806
4,38,90,6807
13,20,50,6808
11,50,94,6809
8,39,90,6810
26,94,181,6811
21,45,71,6812
14,32,65,6813
29,67,135,6814
9,39,81,6816
12,46,89,6817
20,76,149,6818
24,93,180,6819
23,55,90,6820
40,71,145,6821
25,69,129,6822
36,89,178,6823
14,36,69,6824
9,50,114,6825
35,91,180,6826
38,76,155,6828
31,90,173,6829
38,74,145,6832
27,75,140,6833
15,54,116,6834
32,103,204,6835
21,50,116,6836
33,99,195,6837
28,97,186,6838
26,72,139,6840
26,73,148,6841
35,65,126,6842
18,54,115,6843
36,93,178,6844
36,65,130,6846
29,61,132,6847
12,25,58,6848
39,82,166,6849
18,90,162,6850
17,43,97,6851
38,98,188,6852
14,61,100,6853
19,73,162,6854
35,68,114,6855
21,50,116,6856
20,73,147,6857
26,54,120,6858
15,34,72,6860
24,52,83,6861
22,99,187,6863
34,89,174,6864
13,56,115,6865
29,61,131,6866
38,79,162,6867
40,73,145,6868
2,12,30,6869
36,68,136,6870
33,67,113,6871
9,49,108,6872
39,91,182,6873
2,32,53,6874
19,45,73,6875
18,81,153,6876
11,41,87,6877
24,71,141,6878
7,22,58,6879
28,82,151,6880
14,20,45,6881
37,71,146,6882
36,65,127,6883
12,68,112,6884
14,55,110,6885
12,61,110,6886
7,49,107,6887
25,105,187,6888
8,39,90,6889
12,67,109,6891
12,45,88,6892
29,58,128,6893
27,56,93,6894
9,39,86,6895
14,24,54,6896
32,97,186,6898
30,95,172,6899
26,70,158,6900
2,13,33,6901
20,73,149,6902
33,85,164,6903
5,17,45,6904
50,83,167,6906
7,20,51,6907
30,105,207,6908
13,31,70,6909
8,18,37,6910
16,41,83,6911
23,50,79,6912
30,93,181,6913
36,71,115,6914
9,44,90,6915
27,64,137,6916
8,28,79,6917
23,104,184,6918
12,54,110,6919
21,75,152,6920
14,32,65,6921
29,80,158,6922
30,62,120,6923
15,73,159,6924
30,93,181,6925
24,78,154,6926
0,12,41,6927
10,50,102,6928
39,73,145,6929
12,50,97,6930
14,46,89,6931
24,52,86,6932
20,73,147,6933
11,48,95,6934
33,95,176,6935
13,54,113,6936
32,61,132,6937
36,84,167,6938
18,81,148,6939
39,81,165,6940
27,92,183,6941
30,98,176,6942
8,37,84,6943
12,44,80,6944
7,14,31,6945
24,40,86,6946
20,54,104,6947
14,40,78,6948
6,13,34,6949
3,56,95,6950
20,54,112,6951
27,43,82,6952
14,65,132,6953
22,37,83,6954
12,49,94,6955
19,56,111,6956
7,25,46,6957
4,25,51,6958
24,43,89,6959
1,33,63,6960
12,49,102,6961
27,46,87,6962
14,55,120,6963
7,39,89,6964
1,6,14,6965
19,30,59,6966
13,41,105,6967
11,33,92,6969
24,43,89,6970
14,50,96,6971
5,64,113,6972
13,41,105,6973
28,42,83,6974
3,50,92,6975
14,53,110,6977
14,53,110,6978
12,21,47,6979
14,55,127,6980
4,51,87,6981
3,57,101,6982
11,27,55,6983
21,27,44,6984
3,50,92,6985
8,17,37,6986
4,37,69,6987
8,42,96,6988
10,35,81,6989
18,51,101,6990
16,45,83,6992
19,66,136,6994
5,46,79,6995
10,49,106,6996
20,28,49,6997
14,55,127,6998
3,50,92,6999
7,46,83,7000
29,41,82,7001
18,30,59,7003
12,23,49,7004
12,43,78,7005
7,31,56,7006
11,37,92,7007
20,28,49,7008
11,35,63,7009
22,53,104,7010
14,72,145,7011
4,53,91,7012
20,30,53,7013
21,28,50,7014
11,35,83,7016
21,29,52,7017
8,22,63,7018
20,64,131,7019
11,35,83,7020
27,41,80,7021
19,56,111,7022
14,41,76,7023
19,46,86,7024
10,47,99,7025
6,14,31,7026
12,31,62,7027
18,30,59,7028
7,31,56,7029
17,47,94,7030
8,11,28,7031
15,43,87,7032
19,55,114,7033
21,52,102,7034
23,29,51,7035
15,50,88,7036
22,49,104,7037
11,49,97,7038
21,28,48,7039
15,57,116,7040
26,41,80,7041
11,33,66,7042
24,41,88,7043
14,66,125,7044
12,37,95,7045
19,32,59,7046
4,21,41,7047
12,42,74,7048
7,15,37,7049
5,54,96,7050
22,54,105,7051
10,30,75,7052
25,46,93,7053
22,29,51,7054
6,21,41,7055
25,50,109,7056
20,28,49,7057
7,7,16,7058
14,61,116,7059
7,13,28,7060
11,33,61,7061
13,33,91,7062
20,54,105,7063
6,39,76,7064
10,44,94,7065
14,72,145,7066
24,43,92,7067
10,49,106,7068
20,36,80,7069
25,43,83,7070
12,31,62,7071
12,40,75,7072
28,42,84,7073
14,66,125,7074
9,33,64,7075
13,48,86,7076
4,51,87,7078
3,57,101,7079
12,33,81,7080
15,48,86,7081
10,45,97,7082
9,25,66,7083
12,40,75,7084
5,23,43,7086
5,63,111,7087
12,31,62,7089
11,52,110,7090
29,44,90,7091
13,33,91,7092
15,46,85,7093
3,30,56,7094
23,30,52,7095
11,34,62,7096
14,55,120,7097
18,53,109,7098
16,45,83,7099
23,29,51,7100
15,65,123,7101
22,29,51,7102
22,29,51,7103
4,20,38,7104
4,16,41,7105
28,42,83,7106
15,45,82,7107
7,45,83,7108
25,53,103,7109
11,35,83,7110
23,29,51,7111
2,8,18,7112
7,17,34,7113
19,56,111,7114
18,53,108,7115
21,28,49,7116
12,31,62,7117
21,62,120,7118
19,50,97,7119
8,27,48,7120
6,19,39,7121
12,45,81,7122
14,53,110,7123
3,14,33,7124
33,52,107,7125
15,31,79,7126
7,10,23,7127
12,49,102,7129
19,55,108,7130
1,33,63,7131
11,37,85,7132
9,44,99,7133
18,32,57,7134
13,31,77,7135
7,14,31,7136
18,58,116,7137
5,18,37,7138
12,29,74,7139
4,25,51,7140
16,27,50,7141
3,56,95,7142
4,14,32,7143
25,44,86,7144
22,39,83,7145
3,46,81,7146
4,21,40,7147
8,22,63,7148
11,71,153,7149
29,41,82,7150
21,52,107,7151
22,45,81,7152
23,29,51,7153
25,53,102,7154
19,29,51,7155
4,14,32,7156
5,64,113,7157
14,40,78,7158
8,23,64,7159
7,31,56,7160
20,54,105,7161
12,29,58,7162
15,65,141,7163
19,46,94,7164
21,29,52,7165
21,38,86,7166
14,66,125,7167
11,27,55,7168
8,23,62,7169
22,29,51,7170
13,36,85,7171
6,13,34,7172
19,36,73,7173
3,46,80,7174
13,46,92,7175
19,55,107,7176
14,55,99,7177
21,40,78,7178
14,70,147,7179
21,52,107,7180
8,23,62,7181
29,49,95,7182
27,51,97,7183
29,44,90,7184
11,33,67,7185
10,52,93,7186
14,55,120,7187
23,29,51,7188
24,55,105,7189
29,45,97,7190
4,53,91,7191
14,48,121,7192
15,43,87,7193
17,48,94,7194
29,43,87,7195
28,48,91,7196
6,13,28,7197
19,63,134,7198
4,38,71,7199
21,29,52,7200
21,60,119,7201
5,24,42,7202
10,56,97,7203
6,14,31,7205
4,14,32,7206
27,43,88,7207
10,29,70,7208
7,26,47,7209
27,46,87,7211
13,40,78,7212
27,41,81,7213
10,38,86,7214
8,20,60,7215
21,43,89,7216
11,56,94,7217
6,39,76,7218
24,41,88,7219
21,49,91,7220
26,60,122,7221
4,21,41,7222
7,15,33,7223
15,42,77,7224
14,53,110,7225
15,43,87,7226
8,43,88,7227
12,55,121,7229
8,37,74,7230
9,28,69,7231
2,40,91,7232
22,54,105,7233
10,33,80,7234
4,21,41,7235
19,46,86,7236
9,31,79,7237
8,42,76,7238
12,23,43,7239
23,31,53,7240
15,55,113,7241
17,26,46,7242
10,35,81,7243
10,54,95,7244
16,68,132,7245
14,59,111,7246
21,45,83,7247
3,49,85,7248
11,27,55,7249
13,53,112,7250
10,35,81,7251
11,33,92,7252
9,21,61,7253
5,46,79,7254
22,42,89,7255
23,44,90,7256
10,50,106,7257
12,41,89,7258
6,14,31,7259
12,39,75,7260
21,49,91,7261
8,48,85,7262
13,35,93,7263
24,49,103,7264
23,42,89,7265
30,45,95,7266
8,22,63,7267
20,64,131,7268
25,41,82,7269
19,28,50,7270
16,48,94,7271
17,58,115,7272
24,49,103,7273
21,45,83,7274
4,30,68,7275
3,57,101,7276
27,41,81,7277
13,40,77,7278
27,43,84,7279
10,33,61,7280
11,33,67,7281
7,9,18,7282
13,35,93,7283
24,41,88,7284
21,27,44,7285
6,26,50,7286
5,22,44,7288
4,17,26,7289
10,26,50,7290
10,27,52,7291
9,30,58,7292
13,24,48,7293
8,27,50,7294
11,27,51,7295
11,26,48,7296
3,22,38,7297
12,23,44,7298
13,26,48,7299
12,23,44,7300
6,24,47,7301
13,25,49,7302
13,22,43,7303
10,27,50,7304
5,16,30,7305
7,20,45,7306
11,31,59,7307
12,27,52,7308
7,20,44,7309
8,27,52,7310
12,23,45,7311
10,27,52,7312
10,27,52,7313
8,24,49,7314
13,25,49,7315
14,29,57,7316
11,24,44,7317
14,31,57,7318
9,30,58,7319
13,24,48,7320
14,25,50,7321
11,31,59,7322
13,28,53,7323
9,30,58,7325
14,26,54,7326
7,25,53,7327
14,31,57,7328
13,31,60,7329
14,30,57,7330
13,28,54,7331
2,16,24,7332
6,24,47,7333
12,24,44,7334
12,23,44,7335
13,24,48,7336
5,21,39,7338
11,29,55,7339
9,26,53,7340
6,28,52,7341
4,16,25,7342
9,23,44,7343
8,10,24,7344
4,6,10,7346
6,25,50,7347
5,10,25,7348
4,6,10,7349
7,11,25,7350
7,18,38,7351
6,25,50,7352
8,15,31,7353
9,24,44,7354
6,17,36,7355
7,11,25,7356
7,21,41,7357
1,9,23,7358
8,11,25,7359
5,17,37,7360
4,6,10,7361
5,17,36,7362
8,15,31,7363
6,15,33,7364
2,6,11,7365
6,19,42,7366
6,20,43,7367
5,6,11,7368
7,24,48,7369
4,16,34,7370
0,4,8,7371
9,23,44,7372
8,10,24,7373
7,15,33,7374
11,26,48,7375
2,5,9,7376
2,13,28,7377
6,18,37,7378
1,9,23,7380
9,15,34,7381
11,23,43,7382
8,10,24,7383
3,11,26,7384
4,16,33,7385
7,18,38,7386
8,15,33,7387
5,10,25,7388
5,17,37,7389
0,5,9,7390
2,7,16,7391
0,4,8,7392
8,10,24,7393
4,6,10,7394
8,11,25,7395
7,15,33,7396
7,22,45,7397
8,15,32,7398
12,17,33,7399
7,18,33,7400
4,4,10,7401
14,18,35,7402
2,4,9,7403
12,18,35,7404
9,22,34,7405
14,17,34,7406
2,4,9,7407
12,17,34,7408
4,4,10,7409
14,30,45,7410
12,18,35,7411
6,21,29,7412
1,4,12,7413
15,25,34,7414
11,25,38,7415
7,18,32,7416
12,18,35,7417
14,18,35,7418
10,17,33,7419
12,18,35,7420
8,27,40,7421
13,25,34,7422
9,18,34,7423
12,18,35,7424
8,19,24,7425
12,18,35,7426
14,25,34,7427
10,18,35,7430
11,24,33,7431
15,17,33,7432
2,13,28,7434
4,10,22,7435
12,18,35,7436
16,30,45,7437
11,26,39,7438
4,4,10,7439
12,18,35,7440
12,18,35,7441
15,26,39,7442
16,28,39,7443
7,18,33,7444
14,18,35,7445
0,2,9,7446
3,6,17,7447
1,11,28,7448
6,7,14,7449
3,7,18,7450
3,6,13,7451
3,8,21,7452
6,7,14,7453
1,1,4,7454
4,9,22,7455
4,6,13,7456
0,1,3,7457
0,6,15,7458
3,7,15,7459
5,9,22,7460
5,7,19,7461
5,7,14,7462
5,7,14,7463
1,6,12,7464
5,7,19,7465
5,11,28,7466
1,1,4,7467
1,1,4,7468
6,7,15,7469
1,6,12,7470
1,6,13,7471
4,6,13,7472
1,1,4,7473
0,0,5,7474
0,1,5,7475
3,6,17,7476
4,10,21,7477
42,77,136,7478
0,14,34,7479
7,33,62,7480
26,73,131,7481
36,77,133,7482
35,77,135,7483
32,73,128,7484
11,25,48,7485
24,72,127,7486
43,75,132,7487
32,81,140,7488
5,18,46,7489
41,76,135,7490
12,29,65,7491
18,55,102,7492
4,21,49,7493
16,67,114,7494
13,36,67,7495
34,76,134,7496
2,12,38,7497
9,16,40,7498
39,77,136,7499
11,24,47,7500
21,53,94,7501
9,25,50,7502
20,56,104,7503
3,7,15,7504
39,77,136,7505
8,62,109,7506
6,60,106,7507
37,80,139,7508
47,76,133,7509
24,62,109,7510
23,71,124,7511
4,14,40,7513
4,13,35,7514
9,19,44,7515
3,16,35,7516
9,18,42,7517
2,14,37,7518
12,35,63,7519
34,74,130,7520
8,28,64,7521
41,76,135,7522
6,9,24,7523
32,73,128,7524
16,31,47,7525
34,75,132,7526
24,62,112,7527
3,16,44,7528
12,24,50,7529
15,62,100,7530
10,19,43,7531
16,61,111,7532
25,70,125,7533
6,36,66,7534
36,74,133,7535
14,17,36,7536
41,79,135,7537
26,72,129,7538
39,77,136,7539
4,25,49,7540
30,72,128,7541
35,80,135,7542
6,6,20,7543
14,58,106,7544
9,19,44,7545
28,74,128,7546
21,73,127,7547
19,56,104,7548
8,18,35,7549
11,17,33,7550
11,16,32,7551
11,16,33,7552
3,11,22,7553
0,14,34,7554
4,10,21,7555
4,10,21,7556
3,7,15,7557
11,23,47,7558
12,24,47,7559
4,22,44,7560
9,24,48,7561
10,35,55,7562
0,36,63,7563
47,76,136,7564
2,12,38,7565
42,76,135,7566
22,72,130,7567
17,60,106,7568
3,11,22,7569
5,10,29,7570
37,80,139,7571
28,74,128,7572
14,19,45,7573
3,9,19,7574
25,62,111,7575
25,62,111,7576
0,14,35,7577
42,77,136,7578
42,78,134,7579
7,17,41,7580
32,80,140,7581
11,21,46,7582
15,32,49,7583
14,18,41,7584
0,14,34,7585
14,17,36,7586
34,79,139,7587
11,17,33,7588
12,69,121,7589
28,74,128,7590
6,6,18,7591
6,10,29,7592
7,21,43,7593
16,29,42,7594
0,14,29,7595
14,58,106,7596
11,26,49,7597
23,69,123,7598
12,56,94,7599
11,15,31,7600
30,74,128,7601
10,19,43,7602
14,31,47,7603
2,15,33,7604
11,24,47,7605
7,33,62,7606
15,22,51,7607
3,14,38,7608
9,25,50,7609
5,14,38,7610
16,60,111,7611
2,23,53,7612
11,22,46,7613
33,72,130,7614
9,19,44,7615
8,63,108,7616
10,24,49,7617
32,77,135,7618
12,63,113,7619
46,77,133,7620
22,69,122,7621
26,63,114,7622
9,67,119,7623
11,20,38,7624
12,24,50,7625
42,77,136,7626
24,66,120,7627
30,74,128,7628
36,77,133,7629
7,18,43,7630
9,16,40,7631
43,78,136,7632
11,25,48,7633
11,19,43,7634
43,75,132,7635
25,58,106,7636
11,24,49,7637
11,16,33,7638
5,12,37,7639
41,78,137,7640
38,71,127,7641
13,36,67,7642
0,14,34,7643
29,70,126,7644
8,19,41,7645
2,10,18,7646
32,80,140,7647
14,33,51,7648
2,10,18,7649
33,81,142,7650
42,72,129,7651
7,17,39,7652
40,73,131,7653
8,31,70,7654
23,54,103,7655
3,11,22,7656
3,10,32,7657
30,74,130,7658
12,24,34,7659
7,33,64,7660
40,79,137,7661
4,9,21,7662
8,31,70,7663
38,78,135,7664
24,61,109,7665
38,79,137,7666
6,13,40,7667
12,21,44,7668
4,14,34,7669
0,10,16,7670
4,21,49,7671
2,18,38,7672
46,76,133,7673
39,72,130,7674
3,16,31,7675
36,72,128,7676
4,14,40,7677
8,18,35,7678
25,74,130,7679
11,22,45,7680
2,7,14,7681
24,56,104,7682
26,67,118,7683
23,66,117,7684
13,35,78,7685
8,63,108,7686
16,32,49,7687
3,16,37,7688
38,72,128,7689
15,31,47,7690
6,31,72,7691
11,17,34,7692
16,32,48,7693
5,24,49,7694
9,19,44,7695
3,18,39,7696
23,58,102,7697
13,46,75,7698
4,22,44,7699
13,56,98,7700
6,17,34,7701
8,30,68,7702
5,18,48,7703
11,23,47,7704
14,17,35,7705
12,64,114,7706
21,57,104,7707
3,16,37,7708
11,22,46,7709
19,68,120,7710
42,78,137,7711
3,10,22,7712
6,40,79,7713
10,17,39,7714
9,25,50,7715
22,73,131,7716
36,77,133,7717
39,78,136,7718
39,78,136,7719
5,12,34,7720
2,13,38,7721
11,18,42,7722
14,18,41,7723
8,23,46,7724
17,66,117,7725
28,70,125,7726
27,71,128,7727
6,13,37,7728
4,18,37,7729
14,17,36,7730
14,17,35,7731
4,11,21,7732
4,20,42,7733
2,18,38,7734
7,17,41,7735
11,20,45,7736
9,25,50,7737
14,32,49,7738
14,39,62,7739
12,49,79,7740
42,78,137,7741
48,77,136,7742
1,6,12,7743
9,63,107,7744
2,7,14,7745
9,19,44,7746
12,19,41,7747
4,18,37,7748
3,9,19,7749
21,74,123,7750
13,57,94,7751
30,74,128,7752
4,10,21,7753
3,7,19,7754
41,78,137,7755
40,78,137,7756
4,9,21,7757
46,77,135,7758
13,58,95,7759
16,67,121,7760
46,77,135,7761
20,53,95,7762
7,64,113,7763
16,66,117,7764
12,64,113,7765
24,70,125,7766
5,29,54,7767
7,18,41,7768
46,77,133,7769
34,71,126,7770
9,18,43,7771
5,21,49,7772
4,22,44,7773
3,21,48,7774
32,80,141,7775
10,38,72,7776
8,45,92,7777
17,33,78,7778
16,40,71,7779
14,28,69,7780
19,33,75,7781
12,42,87,7782
17,32,57,7783
8,27,63,7784
15,36,73,7785
10,38,72,7786
15,30,73,7787
11,44,84,7788
14,43,79,7789
11,40,72,7790
14,28,70,7791
11,35,71,7792
8,24,57,7793
7,44,79,7794
4,27,43,7795
7,17,39,7796
1,6,13,7797
0,20,31,7799
10,19,41,7800
20,36,78,7801
7,44,80,7802
1,5,11,7803
10,27,46,7804
14,43,79,7805
14,32,52,7806
9,51,84,7807
5,22,47,7808
9,35,71,7809
14,36,58,7810
9,28,61,7811
2,19,36,7812
2,7,17,7813
2,31,67,7814
20,34,77,7815
12,29,57,7816
3,21,46,7817
3,14,30,7818
3,23,49,7819
8,28,64,7820
3,17,37,7821
3,23,50,7822
13,30,54,7823
11,39,70,7824
4,28,44,7825
5,21,45,7826
8,24,57,7827
16,39,72,7828
8,19,41,7829
15,28,61,7830
16,35,55,7831
17,33,78,7832
15,30,52,7833
11,31,64,7834
9,35,71,7835
10,38,72,7836
12,42,87,7837
6,38,57,7838
15,30,73,7839
4,19,37,7840
15,30,73,7841
12,27,46,7842
11,23,55,7843
14,31,55,7844
14,24,60,7845
12,37,64,7846
4,20,42,7847
18,33,75,7848
2,31,67,7849
11,39,70,7850
12,44,80,7851
8,29,55,7852
15,33,70,7853
6,50,82,7854
9,48,89,7855
13,41,66,7856
15,36,62,7857
10,38,72,7858
5,23,44,7859
12,31,67,7860
10,36,85,7861
9,25,51,7862
5,26,50,7863
14,26,62,7864
18,34,58,7865
5,26,51,7866
12,34,61,7867
15,36,58,7868
18,30,51,7869
13,29,53,7870
12,26,45,7871
12,29,66,7872
16,41,87,7873
11,45,80,7874
12,29,66,7875
7,26,49,7876
2,8,20,7877
10,27,59,7878
15,29,61,7879
11,30,58,7880
4,25,45,7881
8,21,42,7882
10,50,83,7883
10,19,41,7884
15,36,67,7885
2,9,20,7886
6,28,57,7887
2,8,20,7888
2,22,49,7889
2,5,14,7890
14,29,62,7891
17,33,78,7892
12,44,78,7893
15,30,74,7894
1,12,27,7895
15,30,73,7896
6,22,48,7897
15,42,74,7898
11,44,83,7899
7,27,55,7900
16,35,55,7901
7,26,49,7902
12,22,48,7903
14,28,70,7904
4,27,43,7905
10,47,79,7906
11,31,64,7907
5,21,45,7908
14,26,63,7909
16,45,80,7910
12,41,73,7911
12,44,80,7912
8,29,55,7913
11,44,84,7914
12,44,89,7915
13,36,62,7916
17,29,49,7917
13,34,75,7918
10,26,62,7919
14,26,63,7920
11,31,64,7921
14,39,72,7922
8,28,53,7923
18,33,75,7924
10,31,64,7925
3,23,50,7926
11,38,77,7927
17,39,84,7928
16,35,55,7929
9,29,61,7930
14,43,79,7931
14,47,94,7932
10,47,79,7933
17,40,76,7934
8,28,62,7935
14,42,79,7936
14,42,79,7937
7,19,41,7938
13,41,78,7939
11,26,58,7940
13,31,55,7941
14,30,72,7942
8,44,84,7943
17,32,52,7944
11,38,77,7945
11,26,60,7946
15,30,74,7947
17,40,76,7948
15,38,65,7949
3,18,38,7950
15,38,85,7951
8,21,42,7952
14,28,60,7953
12,29,67,7954
13,31,55,7955
1,11,26,7956
13,39,84,7957
11,23,55,7958
16,32,57,7959
3,13,28,7960
10,20,48,7961
4,25,42,7962
4,25,42,7963
10,26,44,7964
20,34,77,7965
6,21,42,7966
9,25,59,7967
22,36,79,7968
0,3,9,7969
12,43,81,7970
0,7,11,7971
24,48,91,7972
22,48,96,7973
2,5,5,7974
12,43,81,7976
1,14,27,7977
4,11,23,7978
24,48,91,7979
4,5,10,7980
3,10,26,7981
3,15,27,7982
3,9,14,7983
18,29,48,7984
3,12,20,7985
17,25,45,7986
3,10,26,7987
3,11,22,7988
22,46,93,7989
6,43,79,7990
0,8,19,7991
5,16,38,7992
3,15,27,7993
4,15,26,7994
5,16,38,7995
22,47,89,7996
5,16,38,7997
2,2,4,7998
5,16,38,7999
6,13,21,8000
4,6,8,8001
22,45,92,8002
12,42,80,8003
4,11,23,8004
3,10,22,8005
15,41,79,8006
3,11,23,8007
4,9,13,8008
21,43,81,8009
12,37,73,8010
23,50,96,8011
4,6,8,8012
26,50,96,8013
6,22,35,8014
3,10,26,8015
18,38,77,8016
12,24,44,8017
22,45,93,8018
15,37,74,8019
22,47,89,8020
25,48,89,8021
5,29,59,8022
6,52,90,8023
23,47,91,8024
22,48,92,8025
0,1,4,8026
4,9,14,8027
8,35,67,8028
1,17,31,8029
26,44,84,8030
19,32,61,8031
3,6,14,8032
15,46,95,8033
22,49,90,8034
15,37,72,8035
2,5,7,8036
3,10,24,8037
19,25,46,8038
4,9,13,8039
1,7,9,8040
15,42,80,8041
6,22,35,8042
23,48,92,8043
1,5,8,8044
22,47,90,8045
22,48,86,8046
2,6,18,8047
4,6,8,8048
20,27,47,8049
5,16,38,8050
5,24,50,8051
4,40,63,8052
4,15,26,8053
0,8,19,8054
2,2,4,8055
4,6,9,8056
12,43,81,8057
23,53,105,8058
1,6,18,8059
3,12,20,8060
0,1,4,8061
20,27,49,8062
0,3,9,8063
3,30,48,8064
3,23,40,8065
8,35,67,8066
4,6,8,8067
4,6,8,8068
4,6,8,8069
4,9,14,8070
24,48,91,8071
15,29,54,8072
0,1,4,8073
0,1,4,8074
13,24,44,8075
4,34,55,8076
14,38,75,8077
4,5,10,8078
22,47,94,8079
3,7,12,8080
3,9,14,8081
2,6,20,8082
2,2,4,8083
3,12,23,8084
4,6,11,8085
1,27,44,8086
5,24,50,8087
5,24,50,8088
4,34,55,8089
23,48,91,8090
12,43,81,8091
24,48,91,8092
23,53,105,8093
31,43,86,8094
3,10,23,8095
2,2,4,8096
22,46,89,8097
5,11,20,8098
14,42,78,8099
4,15,26,8100
23,42,80,8101
5,38,68,8102
5,38,68,8103
2,2,4,8104
14,25,46,8105
28,49,92,8106
12,24,44,8107
23,47,90,8108
3,6,16,8109
4,8,14,8110
17,44,81,8111
23,48,93,8112
22,45,92,8113
19,26,46,8114
5,16,38,8115
24,48,91,8116
22,49,90,8117
15,42,81,8118
22,47,91,8119
5,16,38,8120
11,23,43,8121
6,13,21,8122
22,47,89,8123
22,47,89,8124
6,47,77,8125
5,7,9,8126
3,8,14,8127
22,50,89,8128
2,6,6,8129
21,52,102,8130
2,2,4,8131
3,11,22,8132
3,9,14,8133
22,50,89,8134
2,19,37,8135
21,47,88,8136
15,29,54,8137
4,12,20,8138
2,10,21,8139
6,10,17,8140
6,10,17,8141
30,32,58,8142
8,9,22,8143
22,31,57,8144
9,9,22,8145
5,15,29,8146
4,11,26,8147
12,13,26,8148
30,32,58,8149
30,32,58,8150
8,14,27,8151
30,32,57,8152
7,15,27,8153
1,3,6,8154
6,12,19,8155
3,13,25,8156
30,32,58,8157
30,32,57,8158
9,9,22,8159
8,10,29,8160
5,15,29,8161
4,13,25,8162
30,33,59,8163
6,10,29,8164
30,32,58,8165
9,15,29,8166
9,15,29,8167
7,14,27,8168
7,16,27,8169
1,2,5,8170
27,32,58,8171
0,2,6,8172
9,15,29,8174
4,10,21,8175
2,2,4,8176
2,4,8,8178
12,13,26,8179
9,15,29,8180
7,11,30,8181
8,10,24,8182
30,31,57,8183
8,9,22,8185
10,15,28,8186
30,31,58,8187
8,14,27,8188
6,10,29,8189
2,38,70,8190
2,2,4,8192
6,12,25,8193
7,15,26,8194
6,15,26,8195
6,12,32,8196
6,12,32,8197
9,15,29,8198
6,10,17,8199
0,6,22,8200
6,12,32,8201
9,9,22,8202
30,31,58,8203
8,12,32,8204
30,33,60,8205
30,32,58,8206
2,11,24,8207
8,10,29,8208
8,15,33,8209
4,11,26,8212
2,4,8,8213
2,3,8,8214
7,10,29,8215
0,2,7,8216
30,33,59,8217
30,32,57,8218
30,32,57,8219
1,3,6,8220
2,38,70,8221
30,32,58,8222
9,15,29,8223
30,32,58,8224
12,13,26,8225
30,32,58,8226
2,10,21,8227
7,10,29,8228
2,2,5,8229
2,2,5,8230
4,8,19,8231
2,5,12,8232
6,10,17,8233
8,9,22,8234
2,2,4,8235
30,31,57,8236
30,32,58,8237
30,32,58,8238
30,32,58,8239
2,2,5,8240
7,10,29,8241
1,33,55,8242
7,14,27,8243
9,14,27,8244
6,12,32,8245
8,10,30,8246
4,10,18,8247
30,33,59,8248
30,31,57,8249
9,9,22,8250
30,32,58,8251
8,12,27,8252
30,32,58,8253
30,32,58,8254
7,14,27,8255
1,32,53,8256
8,9,22,8257
2,10,21,8258
6,12,32,8259
8,12,32,8260
7,10,29,8261
8,10,29,8262
6,10,29,8263
9,9,22,8264
8,33,60,8265
30,32,58,8266
6,12,32,8267
6,10,18,8268
8,15,48,8269
8,15,48,8270
9,11,40,8271
6,17,48,8272
35,68,133,8273
35,68,133,8274
7,17,36,8275
15,30,66,8276
6,26,61,8277
27,60,111,8278
3,12,18,8279
4,48,92,8280
15,44,84,8281
8,15,48,8282
2,2,3,8283
2,15,53,8284
6,23,45,8285
4,10,15,8286
24,63,126,8287
4,17,50,8288
6,19,50,8289
6,17,48,8290
6,27,44,8291
11,63,126,8292
20,64,124,8293
18,27,49,8295
22,69,139,8296
34,63,121,8297
19,69,132,8298
17,70,138,8299
7,33,60,8300
8,20,36,8301
18,69,136,8302
8,52,112,8303
4,17,50,8304
9,18,32,8305
8,15,48,8306
15,27,49,8307
11,25,59,8308
17,37,76,8309
9,18,32,8310
4,7,10,8311
9,13,33,8312
36,62,123,8313
9,14,47,8314
36,64,130,8315
35,65,127,8316
9,18,32,8318
15,30,66,8319
7,20,51,8320
7,29,52,8321
10,17,31,8322
34,63,121,8323
9,26,58,8324
36,68,138,8325
26,67,130,8326
9,18,32,8327
9,12,44,8328
16,60,114,8329
33,64,129,8330
6,18,48,8331
2,11,29,8332
29,64,124,8333
32,69,136,8334
6,15,36,8335
29,67,130,8336
7,19,40,8337
10,18,40,8338
6,19,39,8339
9,12,44,8340
14,16,32,8341
9,10,42,8342
15,30,66,8343
8,49,97,8344
18,31,66,8345
8,16,42,8346
8,39,83,8347
12,16,37,8348
31,63,121,8349
9,10,41,8350
36,69,139,8351
31,63,121,8352
35,63,122,8353
9,10,42,8354
12,37,76,8355
12,14,34,8356
7,14,50,8357
1,23,49,8358
32,61,122,8359
13,28,49,8360
7,32,59,8361
9,38,77,8362
8,20,52,8363
36,64,128,8364
11,35,73,8365
29,63,122,8366
13,28,49,8367
6,17,48,8368
35,68,133,8369
12,34,73,8370
4,10,42,8371
29,64,124,8372
14,24,54,8373
9,50,94,8374
2,2,3,8375
9,10,42,8376
17,30,53,8377
0,1,14,8378
9,11,40,8379
8,16,36,8380
12,14,34,8381
34,67,131,8382
18,60,115,8383
30,61,113,8384
4,17,50,8385
9,12,42,8386
13,28,49,8387
12,14,34,8388
18,31,66,8389
9,13,45,8390
23,59,108,8391
7,14,33,8392
9,47,98,8393
16,66,131,8394
32,55,106,8395
6,17,48,8396
3,16,42,8397
9,10,41,8398
17,44,87,8399
33,65,133,8400
18,69,136,8401
4,17,34,8402
30,52,100,8403
2,2,3,8404
9,19,35,8405
32,67,131,8406
0,2,5,8407
0,15,46,8408
5,54,103,8409
2,13,18,8410
5,38,75,8411
6,31,69,8412
15,44,84,8413
1,1,3,8414
9,20,32,8415
34,73,146,8416
10,17,30,8417
4,10,14,8418
18,37,76,8419
2,5,6,8420
4,6,10,8421
9,38,67,8422
10,33,70,8423
11,28,61,8424
10,17,38,8425
2,2,3,8426
32,61,122,8427
34,67,131,8428
9,10,42,8429
9,10,42,8430
14,33,58,8431
36,64,129,8432
13,32,69,8433
13,28,49,8434
9,14,47,8435
12,28,60,8436
13,32,66,8437
10,14,34,8438
2,2,4,8439
15,44,86,8440
6,17,35,8441
8,18,42,8442
11,18,43,8443
9,12,44,8444
36,68,138,8445
32,69,136,8446
7,33,60,8447
7,20,51,8448
11,29,65,8449
9,14,47,8450
32,69,136,8451
7,18,32,8452
13,34,73,8453
27,67,130,8454
13,34,73,8455
11,43,85,8456
14,33,58,8457
19,69,132,8458
9,10,41,8459
9,10,42,8460
9,10,42,8461
7,17,36,8462
29,65,134,8463
26,67,130,8464
5,23,62,8465
8,49,97,8466
35,68,133,8467
4,21,39,8468
9,18,32,8469
29,67,130,8470
32,67,131,8471
1,1,13,8472
12,34,73,8473
7,29,52,8474
1,1,3,8475
0,8,22,8476
0,1,3,8477
12,62,123,8478
8,29,66,8479
2,15,21,8480
30,61,122,8481
12,29,64,8482
33,64,133,8483
11,17,31,8484
7,32,59,8485
2,15,53,8486
12,34,73,8487
17,70,138,8488
24,63,121,8489
2,2,3,8490
12,34,73,8491
34,63,121,8492
6,30,65,8493
8,16,36,8494
14,16,32,8495
5,17,42,8496
2,15,21,8497
6,22,54,8498
5,16,33,8499
8,15,48,8500
14,55,106,8501
11,26,44,8502
8,17,35,8503
6,17,48,8504
7,14,33,8505
2,2,3,8506
32,61,122,8507
29,67,130,8508
8,26,43,8509
10,32,68,8510
0,7,15,8511
15,30,66,8512
13,28,49,8513
18,69,136,8514
13,28,49,8515
36,68,138,8516
7,20,34,8517
17,30,53,8518
18,32,60,8519
9,10,42,8520
9,11,40,8521
36,69,139,8522
17,30,53,8523
9,20,36,8524
9,11,40,8525
14,30,67,8526
9,10,41,8527
10,25,55,8528
14,61,117,8529
19,69,132,8530
5,37,69,8531
30,61,113,8532
7,20,51,8533
8,15,48,8534
6,17,48,8535
32,69,136,8536
31,67,130,8537
7,33,60,8538
0,2,4,8539
5,9,13,8540
5,21,37,8541
16,25,39,8542
13,22,43,8543
1,7,9,8544
5,7,17,8545
5,13,21,8546
4,5,9,8547
1,4,7,8548
3,8,18,8549
4,8,22,8551
11,23,36,8552
0,3,11,8553
11,22,40,8554
6,20,33,8555
4,10,17,8556
5,10,19,8557
1,4,6,8558
3,5,12,8559
10,24,39,8560
1,5,10,8561
4,9,12,8562
2,20,37,8563
3,8,18,8564
4,11,21,8565
4,20,36,8566
5,10,23,8567
4,9,17,8568
1,4,7,8569
4,11,23,8570
5,9,13,8571
5,8,19,8572
4,12,23,8573
1,4,7,8574
2,8,16,8575
2,6,13,8576
4,18,33,8577
5,21,37,8578
14,27,49,8579
2,13,21,8580
5,7,19,8581
0,1,10,8582
3,8,18,8583
5,7,18,8584
5,7,17,8585
12,27,49,8586
2,9,15,8587
4,8,19,8588
4,10,22,8589
3,8,18,8590
4,9,23,8591
5,11,20,8592
6,11,18,8593
1,4,6,8594
3,8,18,8595
2,20,33,8596
3,6,15,8597
1,5,11,8599
4,7,12,8600
0,12,24,8601
3,6,15,8602
2,12,23,8603
2,9,21,8604
3,9,14,8605
5,7,18,8606
11,21,35,8607
4,10,24,8608
3,8,18,8609
1,5,11,8610
4,8,15,8611
1,7,9,8612
6,11,18,8613
1,20,31,8614
4,16,32,8615
8,11,16,8616
13,27,44,8617
5,11,18,8618
0,4,7,8619
1,3,12,8620
1,11,22,8621
15,27,44,8622
2,7,15,8623
2,11,18,8624
4,23,45,8625
3,20,38,8626
5,23,43,8627
6,14,25,8628
14,26,48,8629
15,25,39,8630
3,13,24,8631
13,27,48,8632
4,16,32,8633
10,17,28,8634
14,27,49,8635
7,21,38,8636
13,27,49,8637
4,8,19,8638
0,3,11,8639
3,8,21,8640
2,8,16,8641
13,27,48,8642
4,8,19,8643
5,10,23,8644
5,21,37,8645
13,27,49,8646
11,23,35,8647
0,1,10,8648
1,8,18,8649
5,11,18,8650
4,8,19,8651
4,10,17,8652
2,11,22,8653
3,6,17,8654
5,7,18,8655
13,22,43,8656
5,10,19,8657
0,3,11,8658
7,21,39,8660
3,8,18,8661
5,9,15,8662
5,7,17,8663
14,27,48,8664
13,27,48,8665
7,18,33,8666
10,18,31,8667
11,21,39,8668
13,27,45,8669
5,9,13,8670
2,7,15,8671
5,23,43,8672
1,4,6,8673
14,26,47,8674
3,6,15,8675
1,7,9,8676
14,28,50,8677
13,24,44,8678
9,15,26,8679
5,9,13,8680
3,8,15,8681
5,11,18,8682
4,7,12,8683
10,21,34,8684
11,22,40,8685
11,21,39,8686
2,7,14,8687
4,5,9,8688
1,2,7,8689
4,8,19,8690
5,11,18,8691
13,26,42,8692
1,4,7,8693
1,8,18,8694
4,9,17,8695
10,21,34,8696
4,9,19,8697
6,11,18,8698
13,27,48,8699
2,9,15,8700
3,10,19,8701
15,26,42,8702
2,6,14,8703
4,18,33,8704
3,8,21,8705
4,8,19,8706
3,10,20,8707
1,7,9,8708
9,31,58,8709
8,19,32,8710
21,41,73,8711
6,39,71,8712
7,10,13,8713
1,5,13,8714
4,4,10,8715
4,8,10,8716
6,13,17,8717
21,39,71,8718
2,5,11,8719
16,27,58,8720
6,16,24,8721
4,5,12,8722
7,20,45,8723
21,34,65,8724
5,13,17,8725
19,39,71,8726
13,37,67,8727
13,30,59,8728
11,37,67,8729
1,2,2,8730
13,37,64,8731
15,25,55,8732
18,40,73,8733
20,37,65,8734
20,40,72,8735
4,22,45,8736
12,17,32,8737
9,26,52,8738
5,13,17,8739
7,20,45,8740
19,39,71,8741
5,31,57,8742
19,40,72,8743
20,38,69,8744
4,8,10,8745
7,10,13,8746
11,18,35,8747
8,37,62,8748
5,19,30,8749
12,38,66,8750
19,38,69,8751
4,5,11,8752
11,37,65,8753
5,9,13,8754
7,21,50,8755
3,5,11,8756
4,10,13,8757
9,34,64,8758
4,22,45,8759
0,11,21,8760
1,6,9,8762
7,24,50,8763
8,23,49,8764
9,34,64,8765
4,5,11,8766
10,21,44,8767
21,39,70,8768
9,26,52,8769
4,21,39,8770
6,21,48,8771
6,21,48,8772
19,39,71,8773
6,23,49,8774
5,13,17,8775
13,39,64,8776
14,37,64,8777
20,40,72,8778
8,21,49,8779
7,20,46,8780
10,20,45,8781
11,28,55,8782
11,28,55,8783
7,20,46,8784
19,39,71,8785
11,18,34,8786
4,5,12,8787
21,41,73,8788
9,31,55,8789
15,39,64,8790
1,3,4,8791
3,5,11,8792
11,19,38,8793
7,21,47,8794
4,5,11,8795
9,39,71,8796
9,23,47,8797
3,18,30,8798
1,4,11,8799
13,37,67,8800
4,8,10,8801
17,38,64,8802
7,10,13,8803
14,37,64,8804
7,34,59,8805
9,31,58,8806
0,12,22,8807
4,4,10,8808
4,5,11,8809
10,21,44,8810
6,21,48,8811
18,37,66,8812
21,41,75,8813
5,19,31,8814
4,4,10,8815
13,36,63,8816
1,6,8,8817
6,20,30,8818
7,23,49,8819
9,20,48,8820
6,16,28,8821
11,34,64,8822
18,40,73,8823
4,34,57,8824
8,23,49,8825
9,23,47,8826
12,17,33,8827
18,34,66,8828
8,21,49,8829
7,20,46,8830
17,37,68,8831
17,37,68,8832
14,25,54,8833
21,42,76,8834
9,34,64,8835
17,37,68,8836
3,29,53,8837
14,37,63,8838
10,20,45,8839
12,21,44,8840
7,24,50,8841
6,20,45,8842
13,38,67,8843
7,20,48,8844
5,23,49,8845
14,37,64,8846
8,37,68,8847
7,20,46,8848
6,21,48,8849
18,34,66,8850
19,41,75,8851
17,20,40,8852
3,22,49,8853
0,0,0,8854
17,20,40,8855
17,20,40,8856
17,17,34,8857
7,9,14,8858
7,9,14,8859
10,20,55,8860
21,24,45,8861
17,20,40,8862
17,18,36,8863
2,9,14,8864
21,24,44,8866
7,9,14,8867
1,1,5,8868
14,15,45,8869
14,15,45,8870
7,9,14,8871
4,24,45,8872
7,9,14,8873
7,9,14,8875
21,24,45,8876
20,25,49,8877
21,24,45,8878
17,17,33,8879
20,25,49,8880
20,25,49,8881
7,20,51,8882
21,24,45,8883
17,17,34,8884
17,20,40,8885
12,14,44,8886
9,15,44,8887
21,24,45,8888
17,17,35,8889
10,15,44,8890
21,24,45,8891
21,24,45,8892
4,24,45,8893
14,15,46,8894
10,20,55,8895
14,15,46,8896
5,14,39,8897
14,15,46,8898
7,9,14,8899
17,17,35,8900
1,21,46,8901
11,23,48,8902
1,1,5,8903
17,17,34,8904
7,9,14,8905
10,15,44,8906
17,20,40,8907
3,22,49,8908
17,20,40,8909
17,17,34,8910
7,9,14,8911
17,20,40,8912
3,27,66,8913
21,24,45,8914
10,18,50,8915
17,17,33,8916
9,15,31,8917
6,33,61,8918
14,34,70,8919
4,27,70,8921
3,26,65,8922
1,27,60,8923
5,29,68,8924
8,21,49,8925
4,14,35,8926
10,21,48,8927
17,39,77,8928
14,39,76,8929
11,35,59,8930
9,15,31,8931
14,38,75,8932
17,43,78,8933
12,34,73,8934
4,36,53,8935
14,35,72,8936
9,23,48,8937
10,34,63,8938
15,38,74,8939
11,33,69,8940
4,20,54,8941
2,13,36,8942
5,23,63,8943
4,33,49,8944
3,26,65,8945
1,15,38,8946
15,28,51,8947
18,37,74,8948
14,38,61,8949
14,35,73,8950
17,36,71,8951
3,6,23,8952
9,15,31,8953
6,26,40,8954
2,30,55,8955
4,31,67,8956
13,35,62,8957
14,38,61,8958
7,35,84,8959
4,31,64,8960
10,38,59,8961
12,33,73,8962
12,27,50,8963
17,32,72,8964
10,38,59,8965
17,38,78,8966
7,27,54,8967
14,37,65,8968
10,33,70,8969
14,35,73,8970
3,7,27,8971
15,40,76,8972
12,36,60,8973
4,9,30,8975
10,21,50,8976
3,11,31,8977
2,30,57,8978
2,30,67,8979
10,21,45,8980
5,14,31,8981
8,15,32,8982
18,39,77,8983
7,13,31,8984
5,17,37,8985
7,32,71,8986
15,37,77,8987
4,32,65,8988
6,31,63,8989
6,38,73,8990
18,37,74,8992
5,14,34,8993
14,42,75,8994
7,35,84,8995
12,36,74,8996
17,39,75,8997
4,8,28,8998
17,38,78,8999
6,29,62,9000
9,21,49,9001
4,31,64,9002
14,38,61,9003
13,35,62,9004
12,27,50,9005
8,25,63,9006
10,38,59,9007
14,39,76,9008
11,33,69,9009
12,26,50,9010
5,17,37,9011
4,6,22,9012
18,36,74,9013
6,26,43,9014
8,15,32,9015
18,39,77,9016
7,36,62,9017
16,37,78,9018
14,36,74,9019
3,26,65,9020
12,26,50,9021
13,35,59,9022
18,37,74,9023
13,37,64,9024
10,20,46,9025
2,30,55,9026
12,38,76,9027
3,19,50,9028
14,37,78,9029
14,37,61,9030
11,28,51,9031
4,9,30,9032
17,37,75,9033
1,8,23,9034
3,6,23,9035
5,6,23,9036
6,18,44,9037
12,26,50,9038
8,16,33,9039
5,33,51,9040
4,11,35,9041
4,18,46,9042
10,36,73,9043
5,13,31,9044
2,29,52,9045
6,15,31,9046
5,36,79,9047
14,34,70,9048
13,34,74,9049
4,31,64,9050
3,11,29,9051
4,10,37,9052
19,34,67,9053
6,24,53,9054
3,26,72,9055
18,36,72,9056
1,8,21,9057
14,31,59,9058
18,32,67,9059
18,33,77,9060
19,32,63,9061
2,8,22,9062
16,27,59,9063
4,17,51,9064
8,39,80,9065
15,30,57,9066
19,31,59,9067
24,44,97,9068
5,20,56,9069
25,42,94,9070
5,12,29,9071
19,54,109,9072
1,22,44,9073
7,38,87,9074
15,31,57,9075
3,26,57,9076
9,42,73,9077
3,10,30,9078
19,51,110,9079
4,30,77,9080
7,29,76,9081
1,33,54,9082
22,54,115,9083
18,36,72,9084
20,38,81,9085
15,31,59,9086
4,12,27,9087
7,23,60,9088
18,33,77,9089
16,27,59,9090
17,36,78,9091
3,38,79,9092
17,31,59,9093
18,36,74,9094
3,8,25,9095
20,57,124,9096
18,28,71,9097
18,36,74,9098
3,9,22,9099
7,26,68,9100
17,35,76,9101
3,31,69,9102
21,36,73,9103
16,27,58,9104
3,12,32,9105
7,29,63,9106
13,34,64,9107
15,31,59,9108
3,7,20,9109
18,34,76,9110
1,35,58,9111
1,8,21,9113
19,38,80,9114
21,35,72,9115
6,49,98,9116
20,38,81,9117
21,35,72,9118
5,12,29,9119
3,11,29,9120
19,38,80,9121
3,31,69,9122
18,32,66,9123
14,36,80,9124
4,31,67,9125
21,40,85,9126
1,33,54,9127
7,29,76,9128
21,54,117,9129
7,29,56,9130
6,28,62,9131
17,36,78,9132
5,24,52,9133
18,32,66,9134
5,13,30,9135
18,29,75,9136
5,9,23,9137
20,50,112,9138
3,8,25,9139
17,35,76,9140
17,35,76,9141
19,35,73,9142
18,32,67,9143
16,33,61,9144
21,36,74,9145
4,30,77,9146
9,28,61,9147
7,28,63,9148
16,30,58,9149
14,34,62,9150
7,29,63,9151
3,21,57,9152
22,58,120,9153
3,12,32,9154
7,39,86,9155
18,36,74,9156
21,36,74,9157
21,40,85,9158
20,40,84,9159
18,57,119,9160
5,10,24,9161
20,38,82,9162
20,38,82,9163
18,36,78,9164
3,9,22,9165
21,55,121,9166
21,35,72,9167
21,55,121,9168
3,31,69,9169
3,9,25,9170
20,34,70,9171
20,34,70,9172
24,44,98,9173
20,35,73,9174
10,29,60,9175
6,28,62,9176
18,32,67,9177
19,35,76,9178
5,12,29,9179
6,49,98,9180
8,34,74,9181
19,55,111,9182
20,34,68,9183
21,35,72,9184
5,27,73,9185
20,39,83,9186
7,31,61,9187
3,9,22,9188
21,55,120,9189
18,37,75,9190
5,24,52,9191
23,47,101,9192
4,6,20,9193
10,18,35,9194
9,16,28,9195
13,18,32,9196
5,14,30,9197
1,10,28,9198
2,8,24,9199
8,16,30,9200
3,6,11,9201
1,7,25,9202
1,11,14,9203
4,8,13,9205
2,8,24,9206
1,12,27,9207
4,12,19,9208
3,4,8,9209
0,5,10,9210
9,16,29,9211
13,18,32,9212
10,22,40,9213
0,2,8,9214
1,6,19,9215
5,7,14,9216
1,3,7,9217
5,7,21,9218
4,7,12,9219
9,16,28,9220
4,7,12,9222
6,12,19,9223
3,6,11,9224
5,12,19,9225
5,15,34,9226
1,3,7,9227
4,12,19,9228
5,14,30,9229
0,5,6,9230
1,11,14,9231
1,8,24,9232
5,13,20,9233
8,16,36,9234
0,4,6,9235
8,16,32,9236
4,12,28,9237
9,17,34,9238
4,6,20,9239
8,11,20,9240
1,18,33,9241
2,12,15,9242
8,16,36,9243
9,18,34,9244
4,8,11,9245
4,6,21,9246
1,6,9,9247
8,15,34,9248
13,18,32,9249
2,4,9,9250
1,10,28,9251
1,11,27,9252
9,19,36,9253
2,4,8,9254
2,6,10,9255
12,18,32,9256
8,18,34,9257
9,18,32,9258
7,9,14,9259
2,4,8,9260
5,9,15,9261
9,16,32,9262
5,13,20,9263
13,18,32,9264
5,6,21,9265
9,16,33,9266
9,21,42,9267
1,7,22,9268
10,21,40,9269
4,8,11,9270
1,5,18,9271
4,8,13,9272
5,9,14,9273
1,3,7,9274
10,22,41,9275
4,7,21,9276
1,11,27,9277
3,4,8,9278
4,14,29,9279
10,18,34,9280
7,22,37,9281
4,11,13,9282
4,7,12,9283
1,3,7,9284
6,8,13,9285
4,7,12,9286
9,18,35,9287
10,18,34,9288
1,3,7,9289
1,5,19,9290
9,18,36,9291
9,19,36,9292
10,18,34,9293
8,16,35,9294
8,16,32,9295
2,10,13,9296
6,9,14,9297
4,12,28,9298
5,9,14,9299
10,18,34,9300
5,12,19,9301
3,13,30,9302
15,20,42,9303
5,12,28,9304
7,9,13,9305
6,9,19,9306
8,12,24,9307
15,19,41,9308
7,8,11,9309
4,9,19,9310
5,12,28,9311
7,11,27,9312
6,12,28,9313
6,12,24,9314
0,17,38,9315
1,1,1,9316
15,19,40,9317
1,5,11,9318
5,9,23,9319
7,11,27,9320
15,19,42,9321
0,0,0,9322
7,10,15,9323
9,12,24,9324
15,19,41,9325
3,13,30,9326
15,19,40,9327
15,19,40,9328
15,20,42,9329
8,12,24,9330
4,10,22,9331
6,12,24,9332
5,9,23,9333
3,13,30,9335
6,9,19,9336
0,0,1,9337
5,11,27,9338
15,19,40,9339
15,19,40,9340
7,8,11,9341
3,9,20,9342
3,8,19,9343
15,19,40,9344
7,8,11,9345
5,12,27,9346
15,20,42,9347
3,10,22,9348
1,10,16,9349
15,20,42,9350
15,19,40,9351
0,0,0,9352
2,18,35,9353
8,9,13,9354
15,18,38,9355
7,9,13,9356
15,19,40,9357
6,10,22,9358
5,10,22,9359
4,12,28,9360
5,12,28,9361
6,12,28,9362
5,12,28,9363
5,12,27,9364
5,9,23,9365
15,19,40,9366
15,20,42,9367
15,19,40,9368
8,20,49,9369
11,30,72,9370
8,31,74,9371
8,30,71,9372
8,32,76,9373
5,22,57,9374
3,24,55,9375
14,31,73,9376
15,28,67,9377
12,24,57,9378
6,23,54,9379
10,30,70,9380
5,14,36,9381
10,34,77,9382
14,30,71,9383
5,25,55,9384
8,29,65,9385
5,33,79,9386
8,29,65,9387
7,26,64,9388
12,24,57,9389
9,42,86,9390
1,15,34,9391
3,22,51,9392
1,17,40,9393
3,29,68,9394
5,22,51,9395
15,24,59,9396
4,27,60,9397
9,20,45,9398
4,25,55,9399
5,20,54,9400
5,16,42,9401
1,14,31,9403
4,27,60,9404
5,16,44,9405
7,31,71,9406
9,22,52,9407
9,22,52,9408
3,20,50,9409
6,25,55,9410
13,29,67,9411
12,26,59,9412
13,23,60,9413
8,21,47,9414
4,30,75,9415
6,40,86,9416
14,29,70,9417
15,31,70,9418
11,33,77,9419
3,20,50,9420
8,22,55,9421
10,30,70,9422
6,23,54,9423
7,24,56,9425
1,15,34,9426
7,20,42,9427
13,29,67,9428
15,24,58,9429
1,15,34,9430
7,28,63,9431
7,26,64,9432
9,21,43,9433
5,23,51,9435
13,23,60,9436
16,27,64,9437
4,30,72,9438
15,31,70,9439
9,20,42,9440
4,6,17,9441
4,11,34,9442
4,11,31,9443
13,23,60,9444
14,30,71,9445
13,32,74,9446
7,18,42,9447
14,30,71,9448
8,31,74,9449
5,28,58,9450
5,28,58,9451
2,20,51,9452
1,14,31,9453
2,12,35,9454
6,23,54,9455
3,22,51,9456
8,26,59,9457
8,20,43,9458
12,25,63,9459
9,28,67,9460
4,34,81,9461
10,26,58,9462
10,30,70,9463
4,22,52,9464
9,23,47,9465
11,24,52,9466
3,33,77,9467
4,30,75,9468
9,36,82,9469
7,20,42,9470
17,27,65,9471
13,23,59,9472
16,27,63,9473
5,16,37,9474
2,13,36,9475
8,21,44,9476
1,2,4,9477
1,8,11,9478
5,31,54,9479
16,39,71,9480
5,21,38,9481
3,4,12,9482
3,3,5,9483
0,4,7,9484
4,41,86,9485
5,31,54,9486
3,3,5,9487
1,5,8,9488
4,18,39,9489
0,3,5,9490
1,5,6,9491
1,8,13,9492
4,18,39,9493
1,8,12,9494
3,16,28,9495
3,3,4,9496
7,10,26,9498
3,3,4,9499
0,3,6,9500
6,10,25,9501
1,4,6,9502
2,9,22,9504
0,5,7,9505
1,6,7,9506
3,6,8,9507
7,9,14,9508
1,6,9,9509
9,15,31,9510
2,8,10,9511
7,15,25,9512
7,10,26,9513
5,10,24,9514
2,10,27,9515
6,15,29,9516
2,5,10,9517
11,12,23,9518
13,44,100,9519
15,42,84,9520
7,12,24,9521
6,10,25,9522
5,19,35,9523
8,13,25,9524
0,4,7,9525
3,3,5,9526
2,9,13,9527
9,23,43,9528
3,5,8,9529
13,48,104,9530
8,10,27,9531
3,5,7,9532
1,3,5,9533
10,13,23,9534
9,13,24,9535
4,4,10,9536
14,41,81,9537
7,15,25,9538
9,15,31,9539
1,8,15,9540
2,13,24,9541
5,8,13,9542
2,5,10,9543
2,8,10,9544
2,4,6,9545
6,14,24,9546
4,4,11,9547
6,14,24,9548
3,3,4,9549
10,13,24,9550
6,10,25,9551
5,16,33,9552
12,12,23,9553
1,8,12,9554
4,14,28,9555
7,10,15,9556
12,44,98,9557
14,48,108,9558
3,21,38,9559
6,16,34,9560
2,17,29,9561
2,7,10,9562
8,13,25,9563
8,11,21,9564
0,5,9,9565
1,12,25,9566
3,3,4,9567
5,10,15,9568
12,12,23,9569
9,16,32,9570
1,8,19,9571
1,8,11,9572
4,18,34,9573
1,4,5,9574
3,7,10,9575
3,3,5,9576
1,7,10,9577
2,6,8,9578
1,8,13,9579
5,34,57,9580
0,1,3,9581
2,7,15,9582
7,9,14,9583
4,13,25,9584
3,3,5,9585
7,17,34,9586
3,7,10,9587
11,28,51,9588
3,10,27,9589
8,24,44,9590
3,13,25,9591
2,13,23,9592
4,18,32,9593
5,13,25,9594
5,8,12,9595
3,5,8,9596
8,12,22,9597
8,12,23,9598
0,5,8,9599
7,9,14,9600
3,27,59,9601
1,8,11,9602
6,10,25,9603
6,14,24,9604
7,10,15,9605
7,12,24,9606
2,7,15,9607
9,12,23,9608
7,24,44,9609
11,36,67,9610
6,10,25,9611
2,12,23,9612
12,13,24,9613
13,44,100,9614
12,14,25,9615
2,17,30,9616
2,10,27,9617
11,12,23,9618
6,10,25,9619
5,22,45,9620
8,12,23,9621
1,7,10,9622
2,6,10,9623
6,15,28,9624
6,45,96,9625
5,31,53,9626
11,12,23,9627
9,12,23,9628
12,12,23,9629
3,13,25,9630
3,9,18,9631
2,2,5,9632
3,10,27,9633
1,21,39,9634
7,10,26,9635
5,8,13,9636
3,11,24,9637
5,10,15,9638
14,34,61,9639
3,4,10,9640
9,33,64,9641
9,15,32,9642
4,4,10,9643
9,15,31,9644
2,10,21,9645
7,14,25,9646
1,4,6,9647
1,5,10,9648
1,14,32,9649
5,10,17,9650
1,5,8,9651
3,5,12,9652
2,11,19,9653
1,16,29,9654
1,16,29,9655
2,8,21,9656
2,5,7,9657
0,9,24,9658
4,9,16,9659
4,7,15,9660
5,7,13,9661
6,18,33,9662
5,13,25,9663
7,11,23,9664
3,14,23,9665
4,12,20,9666
5,18,33,9667
2,11,19,9668
4,13,25,9669
3,5,12,9670
3,5,12,9671
3,16,28,9672
2,6,11,9673
2,7,10,9674
2,7,10,9675
2,7,15,9676
2,8,11,9677
2,8,16,9678
2,9,22,9679
0,7,16,9680
5,14,30,9681
2,15,25,9682
6,16,31,9683
5,10,17,9685
2,5,10,9686
2,6,9,9687
6,16,29,9688
1,4,7,9689
0,8,12,9690
1,10,22,9691
3,5,14,9692
5,12,20,9693
5,18,33,9694
1,8,16,9695
3,13,32,9696
1,8,14,9697
2,12,21,9698
1,7,18,9699
5,15,31,9700
3,6,13,9701
1,10,24,9702
6,11,25,9703
7,15,29,9704
6,17,32,9705
2,9,20,9706
6,11,24,9707
1,17,31,9708
0,10,25,9709
1,4,9,9710
3,6,14,9711
0,5,6,9712
7,11,23,9713
4,7,15,9714
2,7,17,9715
1,10,20,9716
1,10,20,9717
5,12,29,9718
3,12,26,9719
3,11,21,9720
2,6,11,9721
2,3,8,9722
3,11,21,9723
3,10,20,9724
4,10,19,9725
5,20,46,9726
4,15,29,9727
4,18,41,9728
4,15,35,9729
3,11,21,9730
4,27,56,9731
5,11,28,9732
5,13,28,9733
2,10,18,9734
2,4,9,9735
4,15,31,9736
8,16,34,9737
0,1,5,9738
1,6,11,9739
5,12,29,9740
6,29,61,9741
4,7,14,9742
3,11,15,9743
4,8,15,9744
5,11,26,9745
2,16,35,9746
1,12,25,9747
1,11,21,9748
4,11,26,9749
9,18,38,9750
9,22,42,9751
9,13,33,9752
1,5,9,9753
4,16,35,9754
4,11,25,9755
3,11,21,9756
3,19,41,9757
3,19,41,9758
8,19,34,9759
4,14,28,9760
6,11,27,9761
6,16,34,9762
6,16,41,9763
3,11,21,9764
4,15,33,9765
2,3,8,9766
1,4,6,9767
1,4,5,9768
2,11,20,9769
4,15,33,9770
2,12,19,9772
1,5,6,9773
5,11,26,9774
7,11,29,9775
2,17,34,9776
1,6,9,9777
6,11,27,9778
3,11,15,9779
3,11,21,9780
0,1,5,9781
3,9,16,9782
3,10,20,9783
2,3,8,9784
4,15,29,9785
3,8,11,9786
8,18,34,9787
5,20,38,9788
2,18,42,9789
5,20,36,9790
5,7,12,9791
4,9,15,9792
4,9,16,9793
13,30,61,9794
0,12,26,9795
2,14,23,9796
2,20,36,9797
1,14,26,9798
3,19,43,9799
2,7,16,9800
2,7,14,9801
2,10,31,9802
1,3,10,9803
22,26,46,9804
0,0,0,9805
7,8,15,9806
15,30,63,9807
22,26,46,9808
23,32,67,9809
3,12,19,9810
4,15,36,9811
20,32,67,9812
18,30,62,9813
9,11,23,9814
10,13,26,9815
1,14,26,9816
3,3,12,9817
4,8,16,9818
6,25,49,9819
21,28,54,9820
20,29,64,9821
2,7,16,9822
17,27,53,9823
3,3,12,9824
16,30,63,9825
18,29,64,9826
21,30,64,9827
7,21,37,9828
11,18,33,9829
7,10,26,9830
5,9,18,9831
5,17,32,9832
21,25,51,9833
18,27,53,9834
5,5,11,9835
15,29,65,9836
21,30,64,9837
15,29,64,9838
3,24,54,9839
3,13,22,9840
19,28,57,9841
1,29,51,9842
4,10,18,9843
1,3,10,9844
7,8,15,9845
11,26,51,9846
3,8,11,9847
5,21,38,9848
8,12,23,9849
2,24,50,9850
3,10,21,9851
7,8,15,9852
8,8,15,9853
2,7,16,9854
4,9,16,9855
4,12,24,9856
4,10,21,9857
19,26,48,9858
9,32,70,9859
15,29,65,9860
4,9,16,9861
21,30,63,9862
21,30,64,9863
4,9,15,9864
13,20,37,9865
12,20,36,9866
7,16,28,9867
1,11,18,9868
3,12,19,9869
11,19,34,9870
21,26,52,9871
3,5,10,9872
0,12,26,9873
18,27,54,9874
21,26,52,9875
5,5,11,9876
21,27,53,9877
21,29,58,9878
3,3,12,9879
7,32,71,9880
3,3,12,9881
3,19,43,9882
4,7,16,9883
3,21,37,9884
13,21,39,9885
9,21,41,9886
12,20,37,9887
15,25,43,9889
6,33,72,9890
21,27,53,9891
19,25,49,9894
6,8,14,9895
21,26,53,9896
18,30,62,9897
5,10,17,9898
5,11,18,9899
2,7,16,9900
3,15,37,9901
17,30,63,9902
9,11,23,9903
3,14,38,9904
5,9,19,9905
18,27,56,9906
20,30,63,9907
5,5,11,9908
17,30,63,9909
8,21,39,9910
2,4,7,9911
17,32,69,9912
8,21,39,9913
2,19,31,9914
5,5,11,9915
21,27,53,9916
21,26,52,9917
5,5,11,9918
18,29,64,9919
5,9,19,9920
14,29,65,9921
5,7,12,9922
2,8,14,9923
7,32,71,9924
4,12,21,9925
1,12,21,9926
7,8,15,9927
17,29,64,9928
13,20,36,9929
20,28,57,9930
2,12,27,9931
15,30,63,9932
6,33,72,9933
3,21,37,9934
21,27,53,9935
21,28,54,9936
0,1,5,9937
19,27,53,9938
7,8,15,9939
7,16,28,9940
22,30,64,9941
21,30,64,9942
9,32,71,9943
2,12,31,9944
1,9,18,9945
2,8,14,9946
1,19,31,9947
0,0,1,9948
1,7,10,9949
8,21,39,9950
2,8,17,9951
12,20,36,9952
2,12,25,9953
3,21,35,9954
10,18,33,9955
7,21,39,9956
3,21,37,9957
5,17,32,9958
2,20,46,9959
3,7,16,9960
4,15,36,9961
5,13,25,9962
4,9,15,9964
0,12,31,9965
13,20,36,9966
4,9,16,9967
21,27,53,9968
2,12,27,9969
3,8,11,9970
18,27,53,9971
1,3,5,9972
0,2,4,9973
5,9,16,9974
7,8,15,9975
2,8,13,9976
3,21,37,9977
4,9,16,9978
7,17,32,9979
6,14,29,9980
22,30,64,9981
0,10,27,9982
7,8,15,9983
0,12,31,9984
21,30,64,9985
3,7,16,9986
0,4,7,9987
22,30,64,9988
11,29,64,9989
21,27,53,9990
4,9,15,9991
2,8,13,9992
10,18,33,9993
5,15,26,9994
21,26,52,9995
21,30,64,9996
7,16,37,9997
25,34,61,9998
5,34,87,9999
6,25,61,10000
5,19,48,10001
4,10,27,10002
3,21,43,10003
3,27,52,10004
25,34,59,10005
20,58,131,10006
6,18,44,10007
7,21,59,10008
1,5,9,10009
9,29,72,10010
7,42,108,10011
10,32,79,10012
10,46,88,10013
10,46,89,10014
14,45,115,10015
13,29,48,10016
7,21,59,10017
8,34,83,10018
4,8,17,10019
11,23,66,10020
7,22,62,10021
16,53,127,10022
13,53,106,10023
5,31,82,10024
8,30,52,10025
15,17,36,10026
16,34,62,10027
15,20,36,10029
22,57,136,10030
4,12,22,10031
24,32,54,10032
6,12,31,10033
5,19,38,10034
12,20,47,10035
1,23,44,10036
3,13,23,10037
15,20,35,10038
7,56,120,10039
1,23,43,10040
15,53,117,10041
4,12,19,10042
10,22,42,10043
3,8,19,10044
8,28,52,10045
20,29,49,10046
16,31,54,10047
6,23,41,10048
14,61,127,10049
4,7,16,10050
24,68,156,10051
7,19,37,10052
15,19,38,10053
10,46,89,10054
13,29,47,10055
6,12,32,10056
19,67,153,10058
3,28,51,10059
8,36,66,10060
1,17,34,10061
7,23,51,10062
4,19,29,10063
24,68,156,10064
14,61,126,10065
6,21,56,10066
19,64,144,10067
5,21,56,10068
15,20,36,10069
22,31,55,10070
5,14,34,10071
20,30,51,10072
4,8,17,10073
9,31,88,10074
3,17,32,10075
4,12,24,10076
10,44,88,10077
15,20,36,10078
24,30,51,10079
11,30,52,10080
4,18,38,10081
6,20,53,10082
20,58,131,10083
11,23,66,10084
4,30,51,10085
14,54,114,10086
19,56,130,10087
6,16,41,10088
5,17,31,10089
6,17,45,10090
12,22,44,10091
0,2,3,10092
13,51,101,10093
10,18,55,10094
2,5,11,10095
19,58,135,10097
12,20,47,10098
1,23,43,10099
5,29,67,10100
15,19,38,10101
5,30,52,10102
11,25,69,10103
15,20,36,10104
14,56,128,10105
4,12,22,10106
11,31,75,10107
10,30,70,10108
10,26,69,10109
4,10,27,10110
24,35,60,10111
0,4,8,10112
29,58,140,10113
21,64,142,10114
3,29,56,10115
15,52,113,10116
3,15,43,10117
7,42,108,10118
21,69,157,10119
2,7,12,10120
15,52,113,10121
17,62,137,10122
20,32,54,10123
14,52,112,10124
17,59,132,10125
15,20,36,10126
9,22,53,10127
8,20,43,10128
11,30,52,10129
15,33,57,10130
15,33,57,10131
12,22,44,10132
21,70,157,10133
7,19,37,10134
14,47,100,10135
22,56,129,10136
18,61,142,10137
10,18,55,10138
7,11,26,10139
13,58,119,10140
24,30,51,10141
23,33,59,10142
9,23,55,10143
24,34,60,10144
1,8,17,10145
7,28,78,10146
23,58,131,10147
9,21,47,10148
19,55,123,10149
8,27,72,10150
24,33,55,10151
22,33,59,10152
14,47,115,10153
10,24,54,10154
6,21,44,10155
14,56,112,10156
11,19,42,10157
8,30,52,10158
11,18,42,10159
6,16,41,10160
26,61,142,10161
8,20,43,10162
15,51,110,10164
25,34,61,10165
15,20,36,10166
7,24,56,10167
21,69,157,10169
2,7,12,10170
15,26,48,10171
15,17,36,10172
1,24,44,10173
5,21,54,10174
17,59,132,10175
6,14,35,10176
17,48,108,10177
15,20,36,10178
12,54,117,10179
4,12,19,10180
15,20,35,10181
15,35,63,10182
16,33,56,10183
1,6,12,10184
6,11,30,10185
8,28,50,10186
0,2,3,10187
2,15,27,10188
25,33,60,10189
10,22,45,10190
16,52,115,10191
6,12,30,10192
6,26,46,10193
26,65,153,10194
9,27,75,10195
18,61,136,10196
25,34,60,10197
15,20,36,10198
13,35,69,10199
15,19,38,10200
3,8,19,10201
16,54,120,10202
18,59,135,10203
7,19,39,10204
0,9,25,10205
15,20,36,10206
12,42,99,10207
22,31,52,10208
17,59,132,10209
4,12,22,10210
3,19,40,10211
15,51,114,10212
5,11,23,10213
15,53,128,10214
2,7,12,10215
14,36,65,10216
6,13,29,10217
9,22,53,10218
2,10,28,10219
21,56,124,10220
15,20,36,10221
4,17,26,10222
5,25,61,10223
11,23,63,10224
22,56,128,10225
28,63,150,10226
22,56,128,10227
19,58,135,10228
5,36,92,10229
22,58,129,10230
11,60,121,10231
10,46,88,10232
25,34,59,10233
8,33,81,10234
15,18,37,10235
15,34,59,10236
17,53,114,10237
14,26,48,10238
13,60,128,10239
15,19,38,10240
12,22,44,10241
22,57,136,10242
22,57,136,10243
9,27,67,10244
17,33,57,10245
12,54,104,10246
20,61,139,10247
20,61,139,10248
3,27,53,10249
17,55,119,10250
11,35,77,10251
7,22,62,10252
12,44,107,10253
4,28,75,10254
24,33,56,10255
15,26,48,10256
6,22,41,10257
15,30,53,10258
3,21,43,10259
22,56,128,10260
5,21,54,10261
15,45,103,10262
15,54,115,10263
18,29,49,10264
26,68,155,10265
2,5,11,10266
14,52,112,10267
2,16,30,10268
22,31,53,10269
5,20,57,10270
5,30,70,10271
5,24,65,10272
15,18,33,10273
2,11,20,10274
15,34,59,10275
13,60,128,10276
11,30,52,10277
19,61,139,10278
1,32,60,10279
25,30,53,10280
18,52,116,10281
15,30,53,10282
3,28,51,10283
15,54,116,10284
9,29,67,10285
3,26,43,10286
23,68,155,10287
15,56,120,10288
30,60,141,10289
9,29,72,10290
2,5,9,10291
10,24,62,10292
12,36,68,10293
7,21,58,10294
3,15,23,10295
14,58,119,10296
9,27,75,10297
16,45,93,10298
15,51,110,10299
17,33,57,10300
6,30,85,10301
7,12,32,10302
6,21,56,10303
16,33,56,10304
5,20,54,10305
4,27,47,10306
21,69,157,10307
24,59,141,10308
19,67,153,10309
3,6,15,10310
20,58,131,10311
12,19,43,10312
15,17,36,10313
11,23,66,10314
13,29,48,10315
6,15,32,10316
5,18,49,10317
6,21,56,10319
3,27,54,10320
2,23,43,10321
13,21,45,10322
4,25,42,10323
3,11,15,10324
13,29,44,10325
14,29,44,10326
23,49,88,10327
14,28,42,10328
15,28,44,10329
4,12,24,10330
13,25,51,10331
13,18,33,10332
14,25,38,10333
13,31,51,10334
10,25,52,10335
2,25,41,10336
5,24,41,10337
15,21,46,10338
4,31,53,10339
15,29,48,10340
4,11,16,10341
4,16,35,10342
12,22,48,10343
7,18,28,10344
5,15,21,10345
2,24,36,10346
22,61,121,10347
2,18,33,10348
22,61,121,10349
16,22,46,10350
5,24,41,10351
5,10,20,10352
26,55,104,10353
13,31,51,10354
1,6,10,10355
20,41,85,10356
1,6,11,10357
17,36,66,10358
5,30,53,10359
11,25,38,10360
9,19,27,10361
1,6,10,10362
5,43,82,10363
4,16,34,10364
3,16,36,10365
21,36,66,10366
4,21,40,10367
0,16,35,10368
10,37,65,10369
1,11,19,10370
4,26,44,10371
13,19,41,10372
5,10,16,10373
9,38,62,10374
5,15,25,10375
5,21,41,10376
15,23,47,10377
1,13,24,10378
6,18,25,10379
4,16,29,10380
15,21,45,10381
5,11,23,10382
6,18,27,10383
17,22,46,10384
6,14,27,10385
12,31,62,10386
6,12,24,10387
4,31,53,10388
13,21,45,10389
23,64,125,10390
12,31,57,10391
4,11,16,10392
13,18,33,10393
15,21,45,10394
11,17,25,10395
4,13,18,10396
17,61,122,10397
4,21,42,10398
16,36,64,10399
5,18,31,10400
9,17,40,10401
9,22,41,10402
5,11,16,10403
26,55,104,10404
10,35,65,10405
19,34,59,10406
24,51,102,10407
15,25,49,10408
22,61,121,10409
6,18,34,10410
13,36,65,10411
4,24,45,10412
19,35,62,10413
24,61,122,10414
20,48,94,10415
12,21,44,10416
7,35,68,10417
6,12,23,10418
1,6,10,10419
1,6,10,10420
14,37,67,10421
21,38,69,10422
1,21,37,10423
16,22,46,10424
20,39,77,10425
3,13,35,10426
14,27,46,10427
11,25,36,10428
19,33,58,10429
6,12,24,10430
7,25,42,10431
4,11,22,10432
6,52,91,10433
7,37,64,10434
16,32,57,10435
7,31,57,10436
7,33,66,10437
5,11,18,10438
11,35,67,10439
11,25,51,10440
20,48,94,10441
28,52,98,10442
3,22,40,10443
15,45,94,10444
7,25,42,10445
5,16,29,10446
4,31,53,10447
17,21,45,10448
19,39,63,10449
13,21,37,10450
7,57,105,10451
20,46,92,10452
11,57,106,10453
15,21,45,10454
4,9,18,10455
5,11,23,10456
19,37,66,10457
11,25,38,10458
5,15,25,10459
4,18,33,10460
6,18,25,10462
13,18,35,10463
14,26,38,10464
13,21,47,10465
13,38,62,10466
5,20,31,10467
11,35,67,10468
5,16,29,10469
6,49,87,10470
13,25,50,10471
14,22,46,10472
14,21,46,10473
8,16,29,10474
14,21,46,10475
3,15,24,10476
5,31,54,10477
17,21,45,10478
5,21,43,10479
7,37,64,10480
11,30,52,10481
0,23,43,10482
5,43,82,10483
0,5,6,10484
4,33,57,10485
13,29,44,10486
4,25,41,10487
14,26,40,10488
5,18,31,10489
22,46,92,10490
4,26,44,10491
23,46,88,10492
5,12,22,10493
6,18,26,10494
14,27,46,10495
6,42,82,10496
25,55,104,10497
5,10,20,10498
18,39,69,10499
22,44,84,10500
5,11,18,10501
18,44,85,10502
5,14,21,10503
12,60,115,10504
25,58,115,10505
24,52,100,10506
4,13,25,10507
5,16,26,10508
13,35,62,10509
13,31,51,10510
24,54,103,10511
14,27,44,10512
21,40,83,10513
27,56,106,10514
6,9,18,10515
13,33,58,10516
17,38,68,10517
16,64,127,10518
4,10,28,10519
4,17,31,10520
13,45,90,10521
10,58,113,10522
22,50,96,10523
27,61,120,10524
21,37,68,10525
12,31,57,10526
12,33,61,10527
20,39,63,10528
13,45,90,10529
14,22,47,10530
13,34,74,10531
28,52,98,10532
6,30,54,10533
4,9,18,10534
10,39,65,10535
6,41,81,10536
21,52,106,10537
14,31,50,10538
4,16,31,10539
5,16,29,10540
13,25,48,10541
19,36,63,10542
13,25,50,10543
0,0,1,10544
2,11,23,10545
6,18,26,10546
14,61,115,10547
1,32,48,10548
13,25,50,10549
4,11,22,10550
11,25,51,10551
4,16,29,10552
2,13,16,10553
27,61,120,10554
6,17,29,10555
5,15,28,10556
5,15,25,10557
2,18,33,10558
3,12,28,10559
7,44,70,10560
22,45,90,10561
15,35,65,10562
12,33,61,10563
28,52,98,10564
12,31,62,10565
1,5,6,10566
14,32,50,10567
14,37,67,10568
13,18,33,10569
5,11,18,10570
6,18,34,10571
17,43,84,10572
3,17,26,10573
6,14,27,10574
6,12,18,10575
23,52,105,10577
20,39,81,10578
19,39,63,10579
6,49,87,10580
23,37,67,10581
13,18,35,10582
20,47,93,10583
22,46,90,10584
28,62,125,10585
2,24,36,10586
22,46,91,10587
11,36,61,10588
9,35,60,10589
14,25,38,10590
4,13,18,10591
15,25,49,10592
23,66,131,10593
18,38,67,10594
13,31,51,10595
3,3,3,10596
0,0,0,10597
4,17,26,10598
2,3,3,10599
2,17,34,10600
4,17,26,10601
17,17,34,10602
3,6,11,10603
2,3,3,10604
3,6,11,10605
6,6,14,10606
17,17,35,10607
16,16,38,10608
3,6,11,10609
0,0,0,10612
1,1,2,10614
0,1,7,10615
4,17,26,10616
3,6,11,10617
1,1,2,10618
16,16,38,10620
10,17,40,10621
16,17,34,10622
1,2,7,10623
16,17,34,10624
6,25,48,10625
2,2,8,10626
16,16,38,10627
4,6,15,10628
3,6,12,10629
6,16,37,10630
2,3,3,10631
6,6,15,10632
10,16,38,10633
2,3,3,10634
0,0,0,10635
2,3,12,10636
3,6,11,10637
16,17,34,10638
14,17,40,10639
16,16,38,10640
16,16,38,10641
4,17,34,10642
1,11,31,10643
16,17,34,10644
2,3,7,10645
16,17,34,10646
3,6,11,10647
16,17,36,10648
2,3,13,10649
16,17,34,10650
1,2,5,10651
4,7,12,10652
1,4,8,10653
3,6,11,10654
3,6,14,10655
1,7,13,10656
6,16,37,10657
10,16,38,10658
14,17,40,10659
16,16,38,10660
16,17,35,10661
13,16,38,10662
3,6,15,10663
13,18,41,10664
6,6,14,10665
1,1,2,10666
16,16,38,10667
6,16,37,10668
3,3,3,10669
3,6,11,10670
2,3,13,10671
3,3,3,10672
0,10,17,10673
6,9,9,10674
16,17,34,10675
2,3,12,10676
15,17,34,10677
16,17,34,10678
15,17,34,10679
1,7,13,10680
5,9,9,10681
1,7,12,10682
5,7,13,10683
2,11,24,10685
6,16,29,10770
7,30,55,10771
9,16,30,10772
6,10,22,10773
15,29,49,10774
9,22,40,10775
7,15,30,10776
1,11,17,10777
6,15,27,10778
0,14,27,10779
4,14,26,10780
9,15,29,10781
8,26,41,10782
12,21,37,10783
6,11,23,10784
6,10,23,10785
3,13,26,10786
6,9,17,10787
4,20,33,10788
7,21,35,10789
4,21,35,10790
6,9,17,10791
11,16,30,10792
10,16,30,10793
4,13,25,10794
5,11,23,10796
5,13,31,10797
13,31,51,10798
0,1,2,10799
0,6,11,10800
8,20,37,10801
4,14,17,10802
6,16,29,10803
7,31,56,10804
3,25,43,10805
6,16,29,10806
13,29,49,10807
6,9,21,10808
3,14,37,10809
0,14,27,10810
6,14,22,10811
8,22,41,10812
5,13,25,10813
5,15,33,10814
4,21,36,10815
7,15,31,10816
2,19,41,10817
7,20,37,10818
13,31,51,10819
13,29,49,10820
4,26,41,10821
10,28,46,10822
8,11,27,10823
2,12,25,10824
9,27,47,10825
5,16,30,10826
8,15,29,10827
13,29,45,10829
8,32,55,10830
4,16,31,10831
2,19,30,10832
1,19,34,10833
8,15,29,10834
7,17,31,10835
13,29,45,10836
4,26,41,10837
5,11,23,10839
13,28,46,10841
7,17,33,10842
0,1,2,10843
7,15,29,10844
6,9,16,10845
6,9,16,10846
2,15,27,10847
7,31,54,10848
2,12,23,10849
3,20,34,10850
5,11,20,10851
2,5,20,10852
6,9,17,10853
9,22,40,10854
8,22,41,10855
6,14,30,10856
7,14,31,10857
5,11,24,10858
6,13,28,10859
5,16,30,10860
10,24,40,10861
5,13,24,10862
13,31,52,10863
5,11,23,10864
15,28,44,10865
7,20,37,10866
7,15,30,10867
4,23,37,10869
4,14,26,10870
2,19,41,10871
2,16,21,10872
5,10,19,10873
5,16,31,10874
2,12,24,10875
14,28,44,10876
5,11,23,10877
8,30,47,10878
7,30,54,10879
7,15,32,10880
6,12,22,10881
6,21,35,10882
5,13,31,10883
10,24,39,10884
5,11,23,10885
3,12,23,10886
6,14,31,10887
0,14,27,10888
7,14,31,10889
2,15,27,10890
8,32,55,10891
1,15,22,10892
11,31,48,10893
6,17,28,10894
4,11,18,10895
14,29,45,10896
4,14,26,10897
7,24,41,10898
4,18,29,10899
5,16,30,10900
8,12,26,10901
12,29,45,10902
5,11,23,10904
2,16,23,10905
3,10,14,10906
3,9,10,10907
3,13,32,10908
7,15,29,10909
6,10,22,10910
3,14,25,10911
5,11,23,10912
4,13,20,10913
7,27,44,10914
5,14,25,10915
2,9,10,10916
13,29,47,10917
14,29,45,10918
5,12,22,10919
3,13,24,10920
9,22,40,10921
3,15,35,10922
9,16,30,10923
5,13,24,10925
4,21,34,10926
3,10,21,10927
13,29,47,10928
8,31,50,10929
11,34,58,10930
4,14,26,10931
6,25,41,10932
5,12,19,10933
4,21,34,10934
5,22,35,10935
7,15,30,10936
7,15,30,10937
2,18,45,10938
5,14,26,10939
7,15,30,10941
7,15,28,10942
3,10,21,10943
8,27,46,10944
5,15,33,10945
5,20,33,10947
3,10,21,10948
7,15,28,10949
9,51,107,10950
2,30,61,10951
1,19,34,10952
35,55,107,10953
9,29,53,10954
6,9,17,10955
12,12,27,10956
21,36,67,10957
8,28,49,10958
2,11,21,10959
35,55,107,10960
45,53,105,10961
22,58,115,10962
1,13,28,10963
41,53,104,10964
37,52,103,10965
41,53,104,10966
17,29,69,10967
17,29,69,10968
45,53,105,10969
10,14,29,10970
13,29,55,10971
12,26,51,10972
6,15,27,10973
19,35,66,10974
7,15,26,10975
6,8,16,10976
1,6,14,10977
6,13,26,10978
6,8,16,10979
6,9,18,10980
21,26,50,10981
5,12,24,10982
12,26,51,10983
7,14,24,10984
6,26,45,10985
11,15,28,10986
13,28,54,10987
6,9,18,10988
17,31,79,10990
12,21,41,10991
9,11,17,10992
39,60,117,10993
20,36,67,10994
16,41,92,10995
5,8,17,10996
6,9,17,10997
17,31,79,10998
0,1,6,10999
10,12,25,11000
17,29,69,11001
12,26,51,11002
43,53,105,11003
17,29,69,11004
16,41,92,11005
16,41,92,11006
2,25,62,11007
40,53,104,11008
1,9,19,11009
12,14,30,11010
14,30,54,11011
7,14,24,11012
21,29,52,11013
31,57,110,11014
4,14,29,11015
22,58,115,11016
2,9,18,11017
42,53,105,11018
12,27,52,11019
9,15,29,11020
6,8,16,11021
5,11,16,11022
23,61,128,11023
37,53,104,11024
2,25,55,11025
7,12,24,11026
43,55,107,11027
9,15,26,11028
33,53,104,11029
3,12,22,11030
18,44,97,11031
10,14,29,11032
26,60,117,11033
8,15,32,11034
8,15,28,11035
6,9,18,11036
8,14,26,11037
3,22,40,11038
44,53,105,11039
23,32,64,11040
45,53,105,11041
12,21,43,11042
4,39,87,11043
22,28,54,11044
10,15,28,11045
6,9,18,11046
21,50,99,11047
16,37,85,11048
42,53,105,11049
21,28,52,11050
12,21,43,11051
1,19,34,11052
2,9,18,11053
46,57,110,11054
46,57,110,11055
4,22,42,11056
19,30,57,11057
8,19,40,11058
12,21,43,11059
30,60,117,11060
27,66,137,11061
10,32,74,11062
5,24,48,11063
49,56,109,11064
12,38,92,11065
10,32,74,11066
4,14,28,11067
17,29,69,11068
7,12,24,11069
41,53,104,11070
32,60,117,11071
2,11,16,11072
2,7,9,11073
45,53,105,11074
6,13,24,11075
21,29,52,11076
11,19,38,11077
17,29,69,11078
12,14,28,11079
12,14,28,11080
20,33,64,11081
2,24,59,11082
40,55,107,11083
12,21,43,11084
11,30,70,11085
2,13,28,11086
33,57,110,11087
40,55,107,11088
2,30,61,11089
8,13,31,11090
26,60,117,11091
42,53,105,11092
2,20,34,11093
8,30,68,11094
17,31,79,11095
2,9,18,11096
0,13,27,11097
17,30,70,11098
7,12,26,11099
17,29,69,11100
29,60,117,11101
5,11,16,11102
10,32,74,11103
21,36,67,11104
17,30,70,11105
9,15,27,11106
5,13,25,11107
4,39,87,11108
45,55,107,11109
44,53,105,11110
20,29,52,11111
24,58,115,11112
7,15,28,11113
19,70,146,11114
4,15,29,11115
2,30,61,11116
12,29,55,11117
9,40,95,11118
39,60,117,11119
9,11,17,11120
15,50,99,11121
2,21,30,11122
21,36,67,11123
5,13,25,11124
21,28,52,11125
4,26,45,11126
16,37,85,11127
18,41,92,11128
2,11,23,11129
6,8,16,11130
21,36,68,11131
0,13,22,11132
3,22,40,11133
45,53,105,11134
0,3,6,11135
49,53,105,11136
45,53,105,11137
22,28,54,11138
0,0,3,11139
10,15,27,11140
21,37,70,11141
5,27,52,11142
11,19,38,11143
6,9,18,11144
12,29,55,11145
23,61,128,11146
5,12,24,11147
1,9,20,11148
10,14,29,11149
22,28,54,11150
49,53,105,11151
15,37,68,11152
23,32,64,11153
22,28,54,11154
7,15,26,11155
36,53,104,11156
12,29,55,11157
10,70,149,11158
4,15,29,11159
13,29,55,11160
11,15,28,11161
7,14,24,11162
40,52,103,11163
2,9,18,11164
8,15,28,11165
12,21,43,11166
17,30,70,11167
11,64,132,11168
12,36,64,11169
4,14,29,11170
17,31,79,11171
12,14,28,11172
1,9,19,11173
5,14,29,11174
4,14,28,11175
17,29,69,11176
7,12,24,11177
45,55,107,11178
21,36,68,11179
9,40,95,11180
4,4,8,11182
8,31,53,11183
0,0,1,11184
10,17,23,11185
10,44,66,11186
11,28,51,11187
1,1,1,11188
1,7,22,11189
18,19,42,11190
18,19,42,11191
9,22,33,11192
10,33,63,11193
24,35,73,11194
18,44,79,11195
10,12,17,11196
21,40,74,11197
6,34,58,11198
12,44,68,11199
17,39,72,11200
7,31,51,11201
20,41,75,11202
13,17,31,11203
10,46,70,11204
11,35,71,11205
15,48,76,11206
9,15,24,11207
7,14,24,11208
19,38,72,11209
4,4,8,11210
15,46,74,11211
0,27,54,11212
18,19,42,11213
19,39,73,11214
19,35,73,11215
17,37,61,11216
10,17,23,11217
13,16,30,11218
21,24,55,11219
7,15,26,11220
8,32,55,11221
20,48,80,11222
7,31,51,11223
19,39,70,11224
19,39,72,11225
24,34,70,11226
12,41,70,11227
18,33,56,11228
18,19,42,11229
8,31,53,11230
11,22,36,11231
18,19,42,11232
9,28,42,11233
7,30,57,11234
25,44,78,11235
14,57,97,11236
11,38,62,11237
18,19,42,11238
18,19,42,11239
23,32,64,11240
1,2,4,11241
24,34,65,11242
19,21,44,11243
25,44,78,11244
8,16,27,11245
2,2,4,11246
4,17,28,11247
7,28,50,11248
10,24,46,11249
1,2,2,11250
18,19,42,11251
11,29,52,11252
8,31,53,11253
9,22,33,11254
24,33,66,11255
7,24,47,11256
8,23,41,11257
15,47,76,11258
6,21,33,11259
9,21,32,11260
18,19,42,11261
8,24,48,11262
10,17,30,11263
11,23,42,11264
21,24,55,11265
17,44,79,11266
4,4,8,11267
22,26,57,11268
17,37,70,11269
18,19,42,11270
16,46,73,11271
18,45,77,11272
18,46,75,11273
5,12,17,11274
10,33,63,11275
23,32,64,11276
7,17,30,11277
14,47,75,11278
19,21,44,11279
7,23,31,11280
18,19,42,11281
8,24,42,11282
24,34,70,11283
8,25,44,11284
10,16,23,11285
9,28,43,11286
19,21,44,11287
11,50,88,11288
18,19,42,11289
8,25,41,11290
24,35,72,11291
17,43,73,11292
10,24,40,11293
21,44,79,11294
8,29,48,11295
7,29,43,11296
20,24,55,11297
4,4,7,11298
0,0,1,11299
10,22,36,11300
14,44,78,11301
17,43,69,11302
23,33,64,11303
8,23,42,11304
7,15,26,11305
1,8,26,11306
4,8,17,11307
23,32,63,11308
17,42,77,11309
11,27,48,11310
21,41,75,11311
0,0,1,11312
12,41,70,11313
7,35,63,11314
24,34,67,11315
9,28,43,11316
11,44,68,11317
18,19,42,11318
1,22,35,11319
6,31,56,11320
10,36,58,11322
9,24,40,11323
18,19,42,11324
1,16,36,11325
9,28,43,11326
4,17,28,11327
17,35,73,11328
11,32,49,11329
8,30,46,11330
7,14,24,11331
5,36,53,11332
10,17,22,11333
4,4,8,11334
10,16,23,11335
9,27,39,11336
10,28,44,11337
18,53,89,11338
8,15,26,11339
15,57,97,11340
10,17,22,11341
6,11,18,11342
4,4,8,11343
0,0,4,11344
11,28,51,11345
5,29,42,11346
22,26,57,11347
5,28,54,11348
15,48,76,11349
11,50,88,11350
8,24,32,11351
9,15,24,11352
6,11,18,11353
10,16,23,11354
8,30,53,11355
6,11,16,11356
8,24,42,11357
4,4,8,11358
9,27,44,11359
2,2,4,11360
11,46,82,11361
5,22,36,11362
6,28,48,11363
4,4,8,11364
7,13,22,11365
8,24,43,11366
1,19,38,11367
10,17,23,11368
4,8,17,11369
11,28,50,11370
24,33,66,11371
11,34,52,11372
7,26,47,11373
11,17,33,11374
9,17,33,11375
7,34,61,11376
12,41,70,11377
6,34,59,11378
10,17,23,11379
5,32,47,11380
8,16,27,11381
21,24,56,11382
7,13,22,11383
17,37,70,11385
1,18,34,11386
2,2,4,11387
21,24,55,11388
10,20,39,11389
23,32,64,11390
21,24,55,11391
10,46,70,11392
18,19,42,11393
19,38,72,11394
10,17,23,11395
1,1,3,11396
10,36,58,11397
8,32,55,11398
18,19,42,11399
21,24,55,11400
21,40,74,11401
8,23,41,11402
6,30,52,11403
8,29,43,11404
8,24,40,11405
7,22,34,11406
8,23,41,11407
8,43,68,11408
6,35,62,11409
6,19,33,11410
15,57,97,11411
6,24,33,11412
11,29,43,11413
13,17,32,11414
9,22,33,11415
1,22,35,11416
9,16,21,11417
11,38,62,11418
14,39,68,11419
19,41,73,11420
8,26,48,11421
4,4,8,11422
2,6,9,11423
8,28,40,11424
10,17,22,11425
5,31,58,11426
6,33,61,11427
6,30,52,11428
22,58,85,11429
4,9,19,11430
0,4,10,11431
18,61,95,11432
7,13,22,11434
15,27,55,11435
12,30,58,11436
9,33,53,11437
9,58,92,11438
15,33,68,11439
9,58,92,11440
11,21,40,11441
35,53,79,11442
4,13,29,11443
4,20,40,11444
12,30,58,11445
3,16,36,11446
13,52,78,11447
8,21,39,11448
9,15,27,11449
32,57,84,11450
4,20,40,11451
31,56,84,11452
12,30,59,11453
27,58,86,11454
5,28,44,11455
22,58,85,11456
4,24,43,11457
29,58,86,11458
29,55,83,11459
12,31,60,11460
7,48,88,11461
24,59,88,11462
5,28,44,11463
6,20,36,11464
35,55,82,11465
3,8,19,11466
2,9,24,11467
4,14,22,11468
3,17,32,11469
4,17,32,11470
7,13,22,11471
5,21,40,11472
18,29,60,11473
12,43,68,11474
7,10,20,11475
9,29,45,11476
7,12,25,11477
0,13,22,11478
21,59,86,11479
12,32,53,11480
19,54,82,11481
4,10,25,11482
20,63,93,11483
8,21,39,11484
27,61,89,11485
8,48,73,11486
12,30,59,11487
13,30,59,11488
33,54,80,11489
29,58,86,11490
29,58,86,11491
8,30,67,11492
6,27,51,11493
4,29,55,11494
12,29,58,11495
12,31,60,11496
7,47,90,11497
5,26,46,11498
6,27,51,11499
21,51,76,11500
7,13,23,11501
10,58,94,11502
7,24,46,11503
16,54,80,11504
12,30,58,11505
3,16,36,11506
22,58,85,11507
2,22,38,11508
19,57,84,11509
6,27,50,11510
16,54,81,11511
12,29,58,11512
8,34,54,11513
6,27,50,11514
10,30,67,11515
6,24,40,11517
7,12,24,11518
38,56,84,11519
6,21,31,11521
2,19,34,11522
27,58,85,11523
38,54,81,11524
33,58,86,11525
25,56,85,11526
4,9,19,11527
8,16,24,11528
0,12,21,11529
12,21,41,11530
6,15,27,11531
4,19,35,11532
7,13,23,11534
2,10,21,11535
29,58,86,11536
2,14,28,11537
29,55,83,11539
4,20,40,11540
9,13,30,11541
10,20,31,11542
10,16,29,11543
8,15,27,11544
18,29,60,11545
10,18,31,11546
10,15,28,11547
25,60,88,11548
7,11,23,11549
7,11,23,11550
3,20,37,11551
8,51,94,11552
27,58,86,11553
24,54,81,11554
7,11,23,11555
20,58,85,11556
12,40,62,11557
5,14,32,11558
3,16,36,11559
2,10,25,11560
5,14,22,11561
5,24,43,11562
11,27,49,11563
24,60,88,11564
16,46,71,11565
13,30,60,11566
13,51,77,11567
12,31,60,11568
4,20,40,11569
9,17,31,11570
7,11,23,11571
34,57,84,11572
7,53,82,11573
6,21,36,11574
2,14,28,11575
21,62,91,11576
6,45,78,11577
9,27,49,11578
9,25,49,11579
7,48,88,11580
31,55,82,11581
29,55,83,11582
4,18,33,11583
24,54,81,11584
28,58,86,11585
13,35,68,11586
21,63,92,11587
7,47,90,11588
4,14,30,11589
8,16,25,11590
9,30,67,11591
23,59,91,11592
15,37,72,11593
15,37,72,11594
10,21,37,11595
4,28,50,11596
2,19,34,11597
15,27,55,11598
5,18,29,11599
10,36,55,11600
4,9,19,11601
10,20,31,11602
4,17,32,11603
9,32,66,11604
2,10,21,11605
9,30,67,11606
25,59,86,11607
7,47,90,11608
9,19,29,11609
3,17,29,11610
4,27,55,11611
10,16,30,11612
1,13,22,11613
7,13,24,11614
7,10,22,11615
20,32,63,11616
5,27,43,11617
9,29,45,11618
3,8,19,11619
11,21,35,11620
10,58,94,11621
4,14,23,11622
23,60,88,11623
12,31,59,11624
9,32,66,11625
7,59,93,11626
25,59,86,11627
29,57,85,11628
2,24,42,11629
2,9,20,11630
7,12,24,11631
13,25,47,11632
3,10,20,11633
13,56,83,11634
6,12,23,11635
12,30,59,11636
34,55,82,11637
16,54,81,11638
10,57,98,11639
13,56,83,11640
12,29,58,11641
13,51,77,11642
19,57,84,11643
7,36,71,11644
6,58,94,11645
12,28,50,11646
10,13,27,11647
22,58,85,11648
34,55,82,11649
21,63,92,11650
6,27,50,11651
9,29,45,11652
27,61,89,11653
23,57,88,11654
18,30,61,11655
22,58,85,11656
4,13,29,11657
8,21,39,11658
7,34,52,11659
9,30,67,11660
4,15,27,11661
3,12,23,11662
33,57,84,11663
6,22,32,11664
21,61,93,11665
38,54,81,11666
9,17,27,11667
10,17,32,11668
9,40,64,11669
22,58,85,11670
15,54,89,11671
13,20,35,11672
11,36,56,11673
38,53,79,11675
37,53,80,11676
8,9,10,11677
13,21,36,11678
33,57,84,11679
13,21,36,11680
15,54,87,11681
10,36,55,11682
9,22,43,11683
38,53,80,11684
7,36,54,11685
6,18,35,11686
35,53,80,11687
33,58,85,11688
17,48,75,11689
34,53,78,11690
19,50,77,11691
33,52,78,11692
8,8,9,11693
1,1,3,11694
32,51,75,11695
7,15,29,11696
13,43,69,11697
7,12,26,11698
8,36,57,11699
32,57,84,11700
4,25,46,11701
26,51,80,11702
4,10,14,11703
9,12,24,11704
6,40,56,11705
33,54,80,11706
7,37,55,11707
13,34,55,11708
13,21,35,11709
11,32,50,11710
5,24,45,11711
3,10,12,11712
8,12,23,11713
34,53,78,11714
31,48,70,11715
38,53,80,11716
33,58,85,11717
37,52,83,11718
13,20,35,11719
5,19,37,11720
5,10,18,11721
3,21,42,11722
5,13,27,11723
4,16,28,11724
7,41,67,11725
4,42,60,11726
11,36,55,11727
4,15,25,11728
11,21,35,11729
7,46,66,11730
13,19,33,11731
2,62,102,11732
25,53,77,11733
4,61,98,11734
31,48,70,11735
26,60,87,11736
5,12,24,11737
22,51,82,11738
32,52,76,11739
8,13,19,11740
13,53,78,11741
22,50,79,11742
6,22,41,11743
21,52,84,11744
25,53,77,11745
10,46,72,11746
4,10,21,11747
10,46,72,11748
7,41,61,11749
6,36,53,11750
34,53,78,11751
25,53,77,11752
6,15,28,11753
14,51,83,11754
12,19,33,11755
5,12,21,11756
3,62,100,11757
5,19,36,11758
0,6,10,11759
4,15,25,11760
29,55,89,11761
13,21,35,11762
33,57,84,11763
1,1,4,11764
12,34,58,11765
4,13,28,11766
27,48,71,11767
5,19,37,11769
6,14,18,11770
5,10,18,11771
8,11,13,11772
1,1,4,11773
31,48,70,11774
13,22,37,11775
6,15,33,11776
3,61,98,11777
32,54,81,11778
6,22,43,11779
26,50,77,11780
26,60,87,11781
6,22,43,11782
3,6,8,11783
3,17,34,11784
11,36,55,11785
8,9,11,11786
5,23,43,11787
12,19,33,11788
2,62,102,11789
14,51,83,11790
0,6,10,11791
3,6,7,11792
8,36,57,11793
32,52,78,11794
33,59,86,11795
36,52,79,11796
7,13,30,11797
6,33,50,11798
6,14,31,11799
13,29,45,11800
14,54,81,11801
15,54,87,11802
29,61,91,11803
3,62,100,11804
13,21,35,11805
32,57,84,11806
5,12,24,11807
5,27,45,11808
2,25,47,11809
1,4,6,11810
8,8,9,11811
13,48,75,11812
33,52,77,11813
10,32,50,11814
13,21,35,11815
18,48,68,11816
4,29,51,11837
5,29,66,11954
15,29,50,11955
0,0,0,12094
3,3,9,12095
2,5,7,12096
2,2,4,12097
4,5,8,12098
3,7,15,12099
0,0,0,12100
3,5,11,12101
3,6,12,12102
3,6,12,12103
4,7,14,12104
3,5,11,12105
0,1,2,12106
2,4,5,12107
2,7,14,12108
2,5,8,12109
4,14,24,12110
4,15,27,12111
4,15,27,12112
5,12,15,12113
4,12,19,12114
3,14,19,12115
3,10,16,12116
3,8,16,12117
3,23,38,12118
6,12,18,12119
3,7,13,12120
5,14,21,12121
5,14,21,12122
2,26,44,12123
7,14,18,12124
7,18,26,12125
4,12,17,12126
2,8,16,12127
3,10,17,12128
7,16,24,12129
4,16,28,12130
5,8,15,12131
2,8,16,12132
3,7,13,12134
3,15,20,12135
7,15,23,12136
5,16,29,12137
1,10,17,12138
4,14,21,12139
5,13,16,12140
8,14,22,12141
5,8,15,12142
5,8,15,12143
0,0,1,12144
5,8,15,12145
5,16,29,12146
5,16,29,12147
5,8,15,12148
5,16,29,12149
1,10,17,12150
2,8,16,12151
4,9,17,12152
5,8,15,12153
4,5,11,12154
8,12,16,12155
4,5,11,12156
8,16,23,12157
3,8,14,12158
5,14,25,12159
3,15,20,12160
5,8,15,12161
4,13,17,12162
4,11,19,12163
4,18,27,12164
7,14,21,12165
4,16,28,12166
5,5,11,12167
3,5,12,12168
4,12,19,12169
3,15,21,12170
4,13,16,12171
2,12,18,12172
1,5,7,12173
3,12,21,12174
5,7,15,12175
1,8,13,12176
6,16,28,12177
2,14,20,12178
3,23,38,12179
4,14,24,12180
2,7,11,12181
7,14,21,12182
2,18,25,12183
3,10,17,12184
7,14,21,12185
7,15,23,12186
3,4,7,12187
1,10,15,12188
2,17,23,12189
2,8,16,12190
6,12,22,12191
4,12,19,12192
3,7,10,12193
9,12,16,12194
3,15,27,12195
5,17,29,12196
5,17,29,12197
1,7,11,12198
3,12,21,12199
1,19,37,12200
8,15,29,12201
6,16,27,12202
1,5,7,12203
10,16,33,12204
0,3,4,12205
7,14,26,12206
11,26,49,12207
4,27,56,12208
12,22,44,12209
2,4,4,12210
3,7,11,12211
15,23,47,12212
10,15,30,12213
1,4,8,12214
5,15,26,12215
3,17,36,12216
11,21,41,12217
8,18,35,12218
13,22,44,12219
5,16,29,12220
6,16,31,12221
16,22,44,12222
1,13,26,12223
2,4,6,12224
1,7,13,12225
0,6,13,12226
1,7,12,12227
3,14,25,12228
12,21,42,12229
6,26,55,12230
2,4,6,12231
2,8,12,12232
8,23,51,12233
10,26,53,12234
9,15,29,12235
2,4,6,12236
7,16,33,12237
7,25,52,12238
9,16,31,12239
11,22,40,12240
6,19,39,12241
2,24,45,12242
5,14,27,12243
8,16,33,12244
5,16,29,12245
7,17,33,12246
0,2,3,12247
7,15,28,12248
6,19,39,12249
4,18,42,12250
4,16,31,12251
0,5,9,12252
10,25,54,12253
1,18,30,12254
11,16,32,12255
6,19,39,12256
7,15,28,12257
11,26,49,12258
16,24,48,12259
4,17,30,12260
1,3,7,12261
6,26,55,12262
11,25,56,12263
9,22,44,12264
5,20,39,12265
11,15,34,12266
5,20,39,12267
1,5,7,12268
3,16,26,12269
11,16,32,12270
1,10,19,12271
10,26,48,12272
1,5,7,12273
4,18,39,12274
6,16,31,12275
6,16,27,12276
1,17,39,12278
5,15,26,12279
5,26,55,12280
8,15,28,12281
9,14,26,12282
10,15,30,12283
1,5,8,12285
6,14,26,12286
1,7,10,12287
3,14,29,12288
6,15,29,12289
15,25,54,12290
2,5,11,12291
7,15,28,12292
4,27,56,12293
4,26,55,12294
4,26,55,12295
5,16,28,12296
13,17,38,12297
11,21,41,12298
1,15,38,12299
13,22,44,12300
11,20,36,12301
9,19,36,12302
8,16,30,12304
4,17,30,12305
7,16,33,12306
7,25,52,12307
8,18,35,12308
3,14,29,12309
8,16,37,12310
1,18,30,12311
9,21,43,12312
9,15,33,12313
6,14,28,12314
4,26,55,12315
8,15,28,12316
5,15,38,12317
6,24,43,12318
6,16,31,12319
1,10,17,12320
2,25,53,12321
11,15,30,12322
3,14,25,12323
10,26,53,12324
5,16,26,12325
7,15,29,12326
9,25,43,12327
6,15,28,12328
7,18,31,12329
12,25,56,12330
3,16,32,12331
6,18,37,12332
8,15,28,12333
1,5,7,12334
1,5,11,12335
11,21,40,12336
2,8,14,12337
4,17,41,12338
0,6,15,12339
6,27,56,12340
0,5,9,12341
7,16,33,12342
6,15,29,12343
2,4,4,12344
8,23,48,12345
1,5,11,12346
8,16,29,12347
16,24,48,12348
11,25,54,12349
4,18,32,12350
10,17,30,12351
6,36,62,12352
6,29,49,12353
15,26,48,12354
9,24,40,12355
4,5,10,12356
6,36,57,12357
5,6,11,12358
6,31,48,12359
1,1,4,12360
5,17,27,12361
6,9,19,12362
11,25,51,12363
0,8,15,12364
8,21,51,12365
28,63,124,12366
13,24,51,12367
6,31,48,12368
30,55,99,12369
14,30,57,12370
14,30,57,12371
4,39,62,12372
24,66,123,12373
15,33,63,12374
24,66,124,12375
32,60,110,12376
23,84,152,12377
4,5,11,12378
4,8,21,12379
28,62,122,12380
9,19,32,12381
17,44,70,12382
14,28,54,12383
26,54,88,12384
29,67,126,12385
31,77,145,12386
14,32,50,12387
6,15,26,12388
21,65,115,12389
4,5,11,12390
4,7,18,12391
21,87,153,12392
13,25,52,12393
30,56,92,12394
29,63,125,12395
13,14,37,12396
4,6,11,12397
30,61,113,12398
4,7,12,12399
8,53,102,12400
15,57,87,12401
29,58,93,12402
29,63,125,12403
1,13,28,12404
5,12,20,12405
4,14,23,12406
9,19,33,12407
30,79,146,12408
11,25,52,12409
7,27,51,12410
7,13,21,12411
15,50,81,12412
24,66,124,12413
5,26,53,12414
14,61,118,12415
30,55,93,12416
7,32,68,12417
8,17,26,12418
5,12,29,12419
19,60,114,12420
1,1,4,12421
13,39,62,12422
30,55,93,12423
32,67,126,12424
9,24,50,12425
21,60,99,12426
17,64,115,12427
1,1,6,12428
31,54,90,12429
3,5,10,12430
1,1,4,12431
30,64,122,12432
3,5,10,12433
15,26,49,12434
33,66,126,12435
3,7,14,12436
5,12,28,12437
22,62,107,12438
17,46,73,12439
26,76,143,12440
6,17,33,12441
22,78,148,12442
9,32,61,12443
9,28,54,12444
20,66,113,12445
10,33,51,12446
15,26,49,12447
12,17,42,12448
29,58,93,12449
6,15,30,12450
2,9,18,12451
8,17,26,12452
7,27,46,12453
10,18,30,12454
10,21,39,12455
4,18,32,12456
21,87,152,12457
4,16,29,12458
2,8,19,12459
4,42,69,12460
4,41,65,12461
5,31,47,12462
29,64,122,12463
16,49,89,12464
17,64,115,12465
10,17,30,12466
8,23,46,12467
4,10,18,12468
9,24,40,12469
29,60,110,12470
14,32,51,12471
32,67,126,12472
27,57,92,12473
15,50,81,12474
4,11,22,12475
30,56,92,12476
4,10,25,12477
6,15,30,12478
31,61,111,12479
19,90,159,12480
3,6,11,12481
6,15,30,12482
13,18,45,12483
32,66,120,12484
19,60,114,12485
14,74,132,12486
31,84,151,12487
6,42,65,12488
14,31,48,12489
6,15,26,12490
1,30,44,12491
17,46,73,12492
13,57,93,12493
5,18,32,12494
5,31,47,12495
7,30,56,12496
17,52,82,12497
29,59,113,12498
15,26,48,12499
11,25,53,12500
26,82,150,12501
9,24,53,12502
8,32,72,12503
4,5,11,12504
11,29,57,12505
13,25,52,12506
14,41,72,12507
4,17,25,12508
21,60,104,12509
26,65,124,12510
15,49,98,12511
13,37,58,12512
6,40,60,12513
6,25,49,12514
33,63,109,12515
14,31,48,12516
8,53,102,12517
3,16,29,12518
15,46,73,12519
16,46,82,12520
6,14,29,12521
33,75,135,12522
6,25,44,12523
29,60,113,12524
30,56,92,12525
3,6,12,12526
15,50,81,12527
5,25,48,12528
17,77,148,12529
3,5,9,12530
4,7,12,12531
32,69,131,12532
4,19,40,12533
12,25,51,12534
5,27,48,12535
36,72,130,12536
1,2,5,12537
18,66,116,12538
7,34,72,12539
14,31,58,12540
7,32,68,12541
32,72,131,12542
29,60,116,12543
14,28,54,12544
8,21,52,12545
0,13,28,12546
9,24,40,12547
1,9,13,12548
31,54,90,12549
29,64,122,12550
4,12,20,12551
6,15,26,12552
4,5,11,12553
9,47,73,12554
14,19,44,12555
7,25,48,12556
33,67,121,12557
13,14,38,12558
7,13,21,12559
14,81,140,12560
20,86,150,12561
33,73,129,12562
1,12,19,12563
15,49,98,12564
15,33,63,12565
0,9,16,12566
20,70,118,12567
13,59,95,12568
2,10,20,12569
29,58,111,12570
17,58,110,12571
15,25,47,12572
17,52,82,12573
4,7,20,12574
2,9,16,12575
22,71,134,12576
13,48,96,12577
32,58,105,12578
23,66,124,12579
5,18,32,12580
30,67,128,12581
14,32,50,12582
7,40,61,12583
22,62,107,12584
6,15,26,12585
31,56,91,12586
24,54,104,12587
21,64,118,12588
9,47,73,12589
5,15,26,12590
28,63,122,12591
19,90,159,12592
3,5,9,12593
3,5,10,12594
3,38,61,12595
1,1,4,12596
7,24,38,12597
21,60,104,12598
7,83,158,12599
7,27,51,12600
12,19,37,12601
15,49,98,12602
5,17,27,12603
6,49,96,12604
6,25,44,12605
6,14,26,12606
6,36,64,12607
29,63,121,12608
4,12,20,12609
9,24,40,12610
24,83,156,12611
3,41,67,12612
23,66,128,12613
15,37,70,12614
11,56,90,12615
1,1,4,12616
11,29,57,12617
23,64,109,12618
11,20,45,12619
15,32,50,12620
6,37,63,12621
24,83,156,12622
21,60,104,12623
24,57,108,12624
25,83,150,12625
27,64,113,12626
8,17,26,12627
4,18,33,12628
27,83,146,12629
4,19,34,12630
29,64,122,12631
6,42,65,12632
4,18,33,12633
4,5,11,12634
14,40,71,12635
11,56,90,12636
8,21,52,12637
31,56,91,12639
33,75,135,12640
3,6,11,12641
20,85,153,12642
11,20,45,12643
33,66,126,12644
29,62,122,12645
18,60,113,12646
9,25,41,12647
29,60,110,12648
27,67,122,12649
30,66,125,12650
27,65,125,12651
25,55,89,12652
14,28,54,12653
31,74,133,12654
4,5,11,12655
5,25,52,12656
3,5,10,12657
4,16,29,12658
30,79,146,12659
1,30,44,12660
26,54,102,12661
30,61,113,12662
29,67,126,12663
28,62,122,12664
7,13,21,12665
7,15,33,12666
14,34,74,12667
10,16,34,12668
18,19,36,12669
18,19,36,12670
6,16,34,12671
9,24,46,12672
0,8,15,12673
5,21,48,12674
10,16,33,12675
18,19,34,12676
18,19,34,12677
14,38,53,12678
6,14,25,12679
18,19,36,12680
13,14,37,12681
8,21,48,12682
6,16,34,12683
28,53,86,12684
1,10,27,12685
10,44,82,12686
11,44,78,12687
6,16,34,12688
24,41,57,12690
18,19,36,12691
18,19,35,12692
6,14,25,12693
7,8,11,12694
24,54,85,12695
16,43,83,12696
4,8,11,12697
17,40,73,12698
8,24,44,12699
12,46,85,12700
14,39,54,12701
10,24,46,12702
18,19,36,12703
10,24,47,12704
18,19,36,12705
25,54,87,12706
21,53,79,12707
5,8,14,12708
6,14,25,12709
6,16,34,12710
23,53,80,12711
9,23,32,12712
6,7,14,12713
4,5,9,12714
3,10,18,12715
6,11,24,12716
19,46,78,12717
22,39,55,12718
5,21,48,12719
8,16,20,12720
9,22,30,12721
6,16,34,12722
12,14,36,12723
3,8,14,12724
6,14,25,12725
14,38,53,12726
2,2,4,12727
12,15,34,12728
6,24,45,12729
10,24,46,12730
29,50,82,12731
12,17,35,12732
5,8,14,12733
16,37,48,12734
8,14,18,12735
8,15,19,12736
10,24,47,12737
23,53,86,12738
10,16,33,12739
8,15,19,12740
23,53,80,12741
9,24,45,12742
8,26,62,12743
7,20,46,12744
13,48,72,12745
25,53,86,12746
9,15,34,12747
16,40,80,12748
18,19,34,12749
13,38,53,12750
18,19,34,12751
18,19,36,12752
3,42,60,12753
27,50,74,12754
6,24,45,12755
9,24,45,12756
10,44,82,12757
9,15,34,12758
5,15,38,12760
17,39,51,12761
1,1,2,12762
18,19,36,12763
0,12,27,12764
10,24,46,12766
12,17,35,12767
18,19,36,12768
19,42,76,12769
18,19,36,12770
18,19,34,12771
8,16,20,12772
13,14,38,12773
11,14,33,12774
8,17,22,12775
23,58,88,12776
0,12,27,12777
1,7,16,12778
10,16,35,12779
26,53,83,12780
13,14,39,12781
7,8,13,12782
8,42,64,12783
6,16,34,12784
5,14,20,12785
9,15,34,12786
9,15,34,12787
3,3,7,12788
6,16,34,12789
4,6,13,12790
9,44,82,12791
7,7,12,12792
5,27,53,12793
25,53,86,12794
2,2,4,12795
1,19,34,12796
6,6,13,12797
18,19,36,12798
3,13,34,12799
9,15,34,12800
10,16,35,12801
17,24,46,12802
6,15,33,12803
10,24,46,12804
27,50,74,12805
22,39,55,12806
9,37,74,12807
9,15,34,12808
7,19,38,12809
6,16,34,12810
7,7,12,12811
10,23,46,12812
16,40,80,12813
4,6,13,12814
3,4,8,12815
10,24,47,12816
6,11,24,12817
18,19,34,12818
22,44,78,12819
5,8,14,12820
23,53,86,12821
13,14,38,12822
18,19,34,12823
7,31,58,12824
9,21,28,12825
12,40,54,12826
18,19,34,12827
8,44,74,12828
1,1,3,12829
8,37,65,12830
7,41,63,12831
23,53,86,12832
20,46,78,12833
7,38,66,12834
6,19,35,12835
10,40,72,12836
9,23,32,12837
5,6,12,12838
9,24,45,12839
9,24,45,12840
23,53,86,12841
9,18,24,12842
0,2,4,12843
0,8,16,12844
11,40,72,12845
14,24,46,12846
9,41,76,12847
5,8,14,12848
6,15,33,12849
5,12,18,12850
6,14,25,12851
18,19,36,12852
1,1,4,12853
9,18,24,12854
24,49,72,12855
11,42,72,12856
9,24,45,12857
8,45,73,12858
5,11,16,12859
11,17,34,12860
9,24,45,12861
6,24,46,12862
4,16,32,12863
9,14,32,12864
18,19,36,12865
23,53,80,12866
7,11,15,12867
9,20,27,12868
8,19,38,12869
7,41,65,12870
4,17,42,12871
19,41,76,12872
9,24,46,12873
8,42,71,12874
18,19,36,12875
7,8,11,12876
10,40,72,12877
18,19,36,12878
18,19,36,12879
13,14,38,12880
5,8,14,12881
10,19,38,12882
9,24,45,12883
8,15,19,12884
6,24,46,12885
3,26,42,12886
4,7,14,12887
4,7,14,12888
14,20,33,12890
17,21,34,12891
4,7,15,12892
14,21,34,12893
5,7,14,12894
3,7,14,12895
3,15,24,12896
14,21,34,12897
5,14,21,12898
16,21,34,12899
14,21,34,12900
0,4,4,12901
2,4,8,12902
1,2,6,12903
12,25,38,12904
1,10,15,12905
3,7,12,12906
5,14,20,12907
3,4,4,12908
14,21,34,12909
14,22,34,12910
13,21,33,12911
3,6,14,12912
3,12,20,12913
14,20,33,12914
2,5,11,12915
16,22,35,12916
3,13,18,12917
16,21,34,12918
3,5,11,12919
3,16,26,12920
1,10,15,12921
16,22,35,12922
9,24,37,12923
3,26,42,12924
5,14,21,12925
1,3,5,12926
3,4,4,12927
5,14,21,12928
11,23,36,12929
3,6,14,12930
1,2,6,12931
2,3,3,12932
6,17,29,12933
0,2,5,12934
3,7,12,12935
3,7,13,12936
2,4,11,12937
14,20,33,12938
1,12,20,12939
17,21,34,12940
2,2,3,12941
2,2,2,12942
4,7,14,12943
8,23,36,12944
3,9,13,12945
1,10,15,12946
2,3,4,12947
0,1,3,12948
0,1,4,12949
1,3,3,12950
4,7,15,12951
2,4,7,12952
17,21,34,12953
0,6,13,12954
14,21,34,12955
4,7,14,12957
6,22,35,12958
5,15,25,12959
9,23,36,12960
2,2,2,12961
6,15,23,12962
2,17,28,12963
5,15,32,12964
3,9,18,12965
1,16,28,12966
5,14,30,12967
16,22,37,12968
1,17,31,12969
2,10,22,12970
5,21,32,12971
3,21,35,12973
5,21,36,12974
6,22,34,12975
1,1,7,12976
5,12,23,12977
7,13,25,12979
6,13,22,12980
4,13,25,12981
3,12,27,12982
3,8,21,12983
1,13,26,12984
4,13,32,12985
2,4,13,12986
1,2,11,12987
8,16,30,12988
5,22,41,12989
14,24,37,12990
2,6,16,12991
5,22,41,12992
7,13,25,12993
1,16,30,12994
1,1,8,12995
7,13,25,12996
5,22,38,12997
3,13,24,12998
2,8,16,12999
0,5,8,13000
9,19,31,13001
8,13,22,13002
0,15,34,13003
5,13,29,13004
3,18,29,13005
4,23,37,13006
5,22,38,13007
6,10,25,13008
3,12,27,13009
7,13,25,13012
8,17,26,13013
5,17,33,13014
5,10,26,13015
3,8,21,13016
6,24,42,13017
7,24,42,13018
15,23,38,13019
7,13,27,13020
5,10,26,13021
5,15,32,13022
14,23,36,13023
0,5,13,13024
15,25,39,13025
10,22,35,13026
2,4,13,13027
14,23,36,13028
7,15,32,13029
8,15,24,13030
1,1,7,13031
5,22,33,13032
2,6,16,13033
1,2,11,13034
1,3,10,13035
1,8,20,13036
5,5,8,13037
4,21,32,13038
5,21,36,13039
0,3,5,13040
4,5,8,13041
3,12,27,13042
2,12,26,13043
5,5,8,13044
2,17,31,13045
5,11,27,13046
11,25,36,13047
8,14,31,13048
14,23,36,13049
8,13,33,13050
8,13,22,13051
3,16,26,13052
9,19,31,13053
3,8,16,13054
7,13,25,13055
2,19,26,13056
0,16,31,13057
5,15,31,13058
4,19,33,13059
1,2,11,13060
3,5,8,13061
0,5,11,13062
10,22,35,13063
1,2,11,13064
3,8,21,13065
3,11,25,13066
1,2,10,13067
7,15,32,13068
8,15,24,13069
13,24,44,13071
12,37,78,13072
15,22,42,13073
3,22,47,13075
3,8,21,13077
5,17,41,13078
7,27,55,13079
3,12,31,13080
3,13,32,13081
9,36,72,13082
11,31,62,13083
1,14,31,13084
10,22,40,13085
4,15,31,13086
13,22,55,13087
22,35,70,13088
3,10,25,13089
5,25,49,13090
3,20,49,13091
14,22,55,13092
4,10,25,13093
13,20,52,13094
16,34,73,13095
11,33,70,13096
4,20,43,13097
4,12,30,13098
8,23,48,13099
15,37,76,13100
14,41,78,13101
14,35,65,13102
16,41,84,13103
16,37,79,13104
11,31,64,13105
9,12,18,13106
8,32,64,13107
12,31,64,13108
7,32,63,13109
18,39,70,13110
2,15,40,13111
3,8,22,13112
6,16,31,13113
3,6,20,13114
2,16,39,13115
11,23,43,13116
8,28,56,13117
3,20,49,13118
3,20,49,13119
8,23,48,13120
18,38,73,13121
9,17,45,13122
3,8,22,13124
5,32,64,13126
13,37,73,13127
16,33,71,13128
12,36,67,13130
4,20,40,13131
4,16,43,13132
11,34,70,13133
10,30,61,13134
3,16,43,13135
9,17,44,13136
12,35,76,13137
0,0,1,13138
12,39,84,13139
17,36,77,13140
12,35,64,13141
4,20,40,13142
4,10,24,13143
13,26,56,13144
12,32,64,13145
18,38,70,13147
2,4,11,13148
12,30,63,13150
9,15,26,13151
17,36,77,13152
8,34,68,13153
10,33,64,13154
9,31,60,13155
5,29,60,13156
18,39,70,13157
11,20,36,13158
9,41,79,13159
11,27,60,13160
9,33,64,13161
8,27,55,13162
12,32,64,13163
9,17,27,13164
17,37,77,13165
12,21,51,13166
4,19,35,13167
9,28,58,13168
5,17,42,13169
10,23,40,13170
20,33,63,13171
13,33,63,13172
14,35,73,13173
12,35,77,13174
9,20,40,13175
4,10,25,13176
12,37,78,13177
12,40,85,13178
9,15,26,13179
20,33,63,13180
15,37,70,13181
13,20,52,13182
10,28,58,13183
0,11,15,13184
3,23,46,13185
16,36,78,13186
10,34,67,13187
5,30,60,13188
3,24,47,13189
3,8,22,13190
12,35,76,13191
14,34,75,13192
10,19,30,13193
9,22,41,13194
8,21,39,13195
9,17,45,13196
8,37,69,13197
5,10,25,13198
21,35,75,13199
11,27,56,13200
13,21,52,13201
3,21,48,13202
20,38,71,13203
12,22,41,13204
6,21,38,13205
5,27,56,13206
8,21,38,13207
16,35,70,13208
3,8,22,13209
6,16,31,13210
3,19,45,13211
6,21,38,13212
5,15,37,13213
10,31,59,13214
13,24,44,13215
9,23,40,13216
10,34,68,13217
16,40,82,13218
5,26,51,13219
3,7,18,13220
11,32,67,13221
11,33,63,13222
10,19,32,13223
13,32,59,13224
8,34,70,13225
16,36,78,13226
10,21,33,13227
9,28,59,13228
2,19,46,13229
10,24,51,13230
6,39,70,13231
11,32,66,13232
15,23,44,13233
9,23,42,13234
21,35,75,13235
1,15,32,13236
2,24,47,13237
18,34,73,13238
18,38,70,13239
5,22,43,13240
12,21,51,13241
9,17,45,13242
1,4,11,13243
9,16,44,13244
21,36,69,13245
17,36,77,13246
3,8,23,13247
6,38,69,13248
9,17,45,13249
6,21,38,13250
5,28,57,13251
2,21,43,13252
7,19,35,13253
5,33,66,13254
14,22,55,13255
5,21,50,13256
15,30,55,13257
13,22,55,13258
8,29,61,13259
4,16,36,13260
9,40,70,13261
16,35,70,13262
21,32,66,13263
9,28,59,13264
11,35,65,13265
9,32,62,13266
15,37,74,13267
6,21,39,13268
9,26,53,13269
5,24,45,13270
7,28,59,13271
13,34,72,13272
8,23,42,13273
1,17,37,13274
7,15,30,13275
13,22,55,13276
12,35,76,13277
8,24,55,13278
6,38,69,13279
7,28,65,13280
12,33,71,13281
9,37,69,13282
2,19,46,13283
11,23,43,13284
7,10,25,13285
7,10,26,13286
6,8,13,13287
3,16,33,13288
5,9,23,13289
0,8,14,13290
5,10,25,13291
6,14,29,13292
2,11,25,13293
6,6,10,13294
3,13,25,13295
1,11,21,13296
3,15,29,13297
1,5,11,13298
4,4,9,13299
5,13,30,13300
5,13,28,13301
3,7,14,13302
4,14,28,13303
5,8,12,13304
3,13,26,13305
8,10,16,13306
3,6,10,13307
3,4,12,13308
5,9,24,13309
2,17,34,13310
8,10,19,13311
3,4,9,13312
7,13,30,13313
0,8,14,13314
8,10,19,13315
3,14,28,13316
5,10,25,13317
7,9,23,13318
6,14,29,13319
6,6,10,13320
4,4,9,13321
6,15,32,13322
4,10,22,13323
8,10,16,13324
8,10,19,13325
0,0,0,13326
2,4,9,13327
2,15,29,13328
4,15,32,13329
4,12,26,13330
5,8,13,13331
3,4,9,13332
4,12,26,13333
5,13,28,13334
4,15,32,13335
5,8,12,13336
5,14,29,13337
7,13,30,13338
4,4,9,13339
3,14,28,13340
7,9,23,13341
3,4,9,13342
8,8,15,13343
6,24,39,13344
0,2,5,13345
8,12,17,13346
8,18,33,13347
3,11,21,13348
4,21,40,13350
4,21,40,13351
4,11,18,13352
4,11,19,13353
7,20,35,13354
8,14,26,13356
8,12,17,13357
4,14,26,13358
7,9,12,13359
4,14,27,13360
4,9,12,13361
7,9,12,13362
6,7,16,13363
4,9,16,13364
5,13,23,13365
0,7,15,13366
0,0,0,13367
4,13,23,13368
6,12,19,13369
4,11,18,13370
2,10,19,13371
6,7,18,13372
11,14,31,13373
11,15,32,13374
6,14,25,13375
3,9,13,13376
11,15,32,13377
8,15,27,13378
8,14,26,13379
4,4,5,13380
4,9,16,13381
3,4,13,13382
8,11,15,13383
5,13,23,13384
9,17,33,13385
7,11,26,13386
8,16,27,13387
1,15,24,13388
7,21,36,13389
4,19,39,13390
11,15,31,13391
0,0,0,13392
5,13,30,13393
11,15,32,13394
6,9,17,13395
1,11,23,13396
8,12,17,13397
4,5,7,13398
7,13,27,13399
1,16,32,13400
5,13,23,13401
7,17,29,13402
10,13,29,13403
4,8,15,13404
9,18,29,13405
6,11,15,13406
8,12,17,13407
5,7,14,13408
6,8,16,13409
5,15,29,13410
4,14,27,13411
1,10,19,13412
4,8,14,13413
8,12,17,13414
5,18,27,13415
5,14,26,13416
7,8,18,13417
4,21,40,13418
1,3,6,13419
4,5,7,13420
4,21,37,13421
3,10,16,13422
6,15,25,13423
3,4,12,13424
0,0,1,13425
9,14,20,13426
6,7,25,13427
2,5,19,13428
7,7,25,13429
4,12,20,13430
6,7,25,13431
6,7,23,13432
6,8,20,13433
3,4,8,13434
2,4,8,13435
2,4,8,13436
4,11,26,13437
3,4,9,13438
0,6,9,13439
4,21,35,13440
3,11,26,13441
4,6,9,13442
2,8,25,13443
3,4,9,13444
2,6,10,13445
3,4,9,13446
6,6,9,13447
3,8,23,13448
7,7,25,13449
2,7,24,13450
3,9,24,13451
6,6,9,13452
1,8,21,13453
3,4,8,13454
6,6,10,13455
2,11,28,13456
1,6,15,13457
2,5,19,13458
6,7,25,13459
0,0,0,13460
4,6,9,13461
9,21,38,13462
3,6,13,13463
0,1,8,13464
6,7,23,13465
1,4,9,13466
6,7,25,13467
3,4,9,13468
6,7,25,13469
5,15,24,13470
3,4,9,13471
6,7,19,13472
0,0,0,13473
1,4,7,13474
1,8,22,13476
4,11,18,13477
2,4,8,13478
0,1,6,13479
6,14,22,13480
6,7,25,13481
7,7,25,13482
3,6,10,13483
7,7,25,13485
6,8,25,13486
1,2,9,13487
2,8,21,13488
1,6,10,13489
2,12,29,13490
2,6,10,13491
0,0,1,13492
1,7,21,13493
3,4,9,13494
2,12,29,13495
6,7,25,13496
6,7,25,13497
3,11,27,13498
7,32,57,13499
12,21,37,13500
14,27,62,13501
8,22,46,13502
17,21,43,13503
6,22,42,13504
6,24,54,13505
14,27,62,13506
31,36,66,13507
23,50,89,13508
4,31,59,13509
4,15,28,13510
5,23,48,13511
3,36,55,13512
3,5,10,13513
11,35,58,13514
5,12,23,13515
11,42,69,13516
6,20,38,13517
3,5,12,13518
19,32,48,13519
1,13,35,13520
2,7,30,13521
9,37,62,13522
22,57,93,13523
22,34,51,13524
13,42,82,13525
12,51,88,13526
19,32,48,13527
24,53,93,13528
31,38,67,13529
8,18,40,13530
1,14,57,13531
1,14,57,13532
18,32,67,13534
21,37,75,13535
10,23,42,13536
10,19,41,13537
6,6,13,13538
10,17,42,13539
9,18,41,13540
25,57,93,13541
3,14,28,13542
1,7,12,13543
12,19,38,13544
5,7,20,13545
1,4,11,13546
4,7,27,13547
6,22,43,13548
13,33,58,13549
13,29,50,13550
9,23,44,13551
2,15,23,13552
4,13,30,13553
9,18,40,13554
14,20,44,13555
2,14,29,13556
7,15,34,13557
2,19,24,13558
5,21,40,13559
4,17,43,13560
0,3,22,13561
25,53,90,13562
30,55,96,13563
7,28,48,13564
9,15,33,13565
10,23,48,13566
8,38,68,13567
14,27,56,13568
2,14,27,13569
18,54,93,13570
27,54,92,13571
28,36,65,13572
14,27,56,13573
10,22,44,13574
22,52,86,13575
11,25,45,13576
20,58,106,13577
9,18,41,13578
7,18,31,13579
10,19,45,13580
14,28,56,13581
2,12,21,13582
5,18,43,13583
13,23,49,13584
10,23,45,13585
18,33,49,13586
22,54,91,13587
24,32,47,13588
10,18,41,13589
19,53,94,13590
6,31,61,13591
5,27,60,13592
14,38,84,13593
19,32,65,13594
31,36,66,13595
9,19,37,13596
27,37,55,13597
5,17,42,13598
19,32,48,13599
15,38,81,13600
10,45,85,13601
1,18,38,13602
30,55,96,13603
6,21,42,13604
12,23,44,13605
9,19,37,13606
9,22,43,13607
0,5,10,13608
9,29,68,13609
8,35,96,13610
6,28,56,13611
9,33,58,13612
7,43,83,13613
2,13,36,13614
4,10,16,13615
9,13,30,13616
25,32,47,13617
11,13,28,13618
17,29,43,13619
32,41,72,13620
22,51,104,13621
29,40,71,13622
5,12,36,13623
15,45,99,13624
3,35,68,13625
13,23,49,13626
7,15,26,13627
24,42,89,13628
11,36,84,13629
7,18,41,13630
27,37,55,13631
19,32,48,13632
1,17,39,13633
2,11,34,13634
13,52,92,13635
11,42,69,13636
9,15,33,13637
5,9,16,13638
5,5,6,13639
20,52,92,13640
6,30,60,13641
5,38,64,13642
31,36,65,13643
7,16,36,13644
5,6,19,13645
15,41,74,13646
9,20,41,13647
23,40,58,13648
3,6,14,13649
9,23,45,13650
31,37,66,13651
10,26,81,13652
9,31,54,13653
6,24,54,13654
7,21,46,13655
15,24,55,13656
14,24,50,13657
15,25,55,13658
1,18,38,13659
9,30,53,13660
12,31,51,13661
14,27,62,13662
9,12,24,13663
15,25,51,13664
31,36,66,13665
4,5,9,13666
3,9,24,13667
11,13,28,13668
5,5,6,13669
15,39,81,13670
15,25,47,13671
15,25,55,13672
10,47,94,13673
14,29,61,13674
13,52,92,13675
12,17,33,13676
4,6,13,13677
9,32,55,13678
6,17,39,13679
9,27,51,13680
10,24,43,13681
11,32,84,13682
18,32,67,13683
12,26,52,13684
7,16,28,13685
13,20,36,13686
5,23,54,13687
1,6,13,13688
19,31,64,13689
6,18,40,13690
6,21,38,13691
8,35,95,13692
6,29,65,13693
10,12,26,13694
16,34,75,13695
2,17,35,13696
6,39,78,13697
10,26,81,13698
3,23,49,13699
16,46,100,13700
1,14,57,13701
2,12,20,13702
5,61,96,13703
9,12,26,13704
1,22,47,13705
14,41,110,13706
7,15,28,13707
12,13,27,13708
8,28,47,13709
24,57,93,13710
13,57,100,13711
21,48,83,13712
21,39,100,13713
15,22,48,13714
25,57,93,13715
18,52,92,13716
4,11,21,13717
15,26,48,13718
15,51,86,13719
7,23,45,13720
27,37,55,13721
3,5,13,13722
13,58,87,13723
10,30,47,13724
10,53,90,13725
19,53,91,13726
12,12,25,13727
12,13,27,13728
2,9,22,13729
27,55,93,13730
6,16,29,13731
9,39,65,13732
14,38,84,13733
21,37,75,13734
4,12,31,13735
24,51,106,13736
11,13,28,13737
6,17,31,13738
6,17,28,13739
7,22,47,13740
5,6,19,13741
12,40,62,13742
12,41,93,13743
7,17,25,13744
15,41,74,13745
16,54,115,13746
14,23,49,13747
8,35,95,13748
5,20,39,13749
9,57,86,13750
22,58,102,13751
5,11,24,13752
4,7,14,13753
5,13,33,13754
6,52,78,13755
8,28,49,13756
24,42,89,13757
15,24,51,13758
19,32,48,13759
25,57,93,13760
10,29,86,13761
8,36,64,13762
3,31,85,13763
5,9,25,13764
21,59,104,13765
9,20,45,13766
5,9,25,13767
9,20,37,13768
10,23,46,13769
17,22,45,13770
12,13,28,13771
12,19,38,13772
7,13,21,13773
19,33,76,13774
5,7,19,13775
10,19,35,13776
14,25,46,13777
5,22,42,13778
6,20,66,13779
6,17,30,13780
8,15,28,13781
24,53,92,13782
31,38,67,13783
3,14,36,13784
5,12,37,13785
9,19,37,13786
9,22,45,13787
8,38,88,13788
12,34,95,13789
7,24,50,13790
15,20,42,13791
7,25,55,13792
31,36,66,13793
8,16,42,13794
7,16,33,13795
32,39,69,13796
3,20,38,13797
7,60,107,13798
15,45,98,13799
8,35,95,13800
6,17,39,13801
19,32,48,13802
9,12,25,13803
6,16,28,13804
19,31,64,13805
10,28,53,13806
15,50,89,13807
21,36,73,13808
21,54,89,13809
6,30,60,13810
6,24,41,13811
4,7,26,13812
8,12,23,13813
12,26,48,13814
6,12,19,13815
5,27,60,13816
4,14,25,13817
20,29,43,13818
9,19,37,13819
7,13,28,13820
7,28,48,13821
24,31,44,13823
3,25,39,13824
9,15,33,13825
10,29,51,13826
4,24,47,13827
13,33,95,13828
8,21,39,13829
8,21,39,13830
1,14,57,13831
8,35,95,13832
2,28,57,13833
9,12,25,13834
10,21,39,13835
10,26,47,13836
15,25,51,13837
32,37,67,13838
14,41,110,13839
34,36,66,13840
14,27,59,13841
2,14,22,13842
30,38,68,13844
4,6,25,13845
5,7,14,13846
5,16,28,13847
13,27,56,13848
2,4,9,13849
9,23,44,13850
4,14,28,13851
7,13,21,13852
10,29,86,13853
5,12,23,13854
1,6,13,13855
8,23,40,13856
9,19,35,13857
18,50,104,13858
24,51,86,13859
10,19,43,13860
19,32,48,13861
3,7,15,13862
7,17,38,13863
27,37,55,13864
34,36,66,13865
6,29,55,13867
23,55,91,13868
14,20,45,13869
13,22,49,13870
3,9,26,13871
5,11,24,13872
2,15,38,13873
5,6,13,13874
9,21,40,13875
13,42,77,13876
12,19,38,13877
2,36,69,13878
12,13,27,13879
7,56,97,13880
11,32,52,13881
10,22,44,13882
6,25,52,13883
22,57,93,13884
6,14,38,13885
19,32,65,13886
4,11,24,13887
18,21,43,13888
9,19,44,13889
15,46,101,13890
34,36,66,13891
4,8,24,13892
9,22,38,13893
12,13,28,13894
6,45,92,13895
5,23,49,13896
11,20,44,13897
3,8,21,13898
12,13,28,13899
4,8,16,13900
2,22,38,13901
15,24,51,13902
4,13,30,13903
24,32,46,13904
15,22,39,13905
1,8,12,13906
12,14,28,13907
10,15,29,13908
23,44,92,13909
12,18,35,13910
3,5,12,13911
9,39,85,13912
8,32,86,13913
7,24,51,13914
9,39,85,13915
15,22,45,13916
9,39,85,13917
30,55,96,13918
5,17,42,13919
8,37,66,13920
6,16,35,13921
10,26,52,13922
4,7,27,13923
1,14,57,13924
24,42,89,13925
15,52,91,13926
1,6,13,13927
13,46,91,13928
10,18,38,13929
9,19,44,13930
14,25,49,13931
25,32,46,13932
29,38,72,13933
15,45,98,13934
14,41,110,13935
5,17,34,13936
1,14,57,13937
1,14,57,13938
2,26,53,13939
6,17,30,13940
11,13,28,13941
8,35,95,13942
9,27,48,13943
5,17,43,13944
7,15,31,13945
1,18,34,13946
18,21,43,13947
7,13,21,13948
15,25,55,13949
19,53,94,13950
24,29,42,13951
5,11,18,13952
12,40,68,13953
20,28,40,13954
8,19,45,13955
15,24,51,13956
10,23,44,13957
2,7,30,13958
25,32,46,13959
32,41,72,13960
3,23,49,13961
1,14,57,13962
10,18,43,13963
14,20,44,13964
10,14,27,13965
5,11,18,13966
5,11,18,13967
8,35,95,13968
9,18,42,13969
9,22,38,13970
20,52,86,13971
9,12,25,13972
5,11,22,13973
15,21,44,13975
14,27,62,13976
14,27,62,13977
19,29,44,13978
17,52,91,13979
29,38,70,13980
7,14,30,13981
6,28,57,13982
4,9,21,13983
10,23,48,13984
11,13,28,13985
6,21,38,13986
20,56,93,13987
10,14,27,13988
5,61,96,13989
4,11,21,13990
15,24,41,13991
23,32,46,13992
15,47,103,13993
15,38,83,13994
10,19,41,13995
6,45,92,13996
4,18,27,13997
12,13,28,13998
6,19,45,13999
12,38,74,14000
9,20,41,14001
26,41,73,14002
4,18,45,14003
8,17,29,14004
9,31,54,14005
2,14,37,14006
5,5,6,14007
4,11,28,14008
15,26,45,14009
2,4,9,14010
4,17,38,14011
5,18,39,14013
10,19,35,14014
9,36,68,14015
6,25,43,14016
11,34,57,14017
6,12,24,14018
5,12,23,14019
24,51,91,14020
27,40,70,14021
32,41,72,14022
13,23,49,14023
15,45,98,14024
20,54,93,14025
8,15,34,14026
31,38,67,14027
14,38,65,14028
6,9,21,14029
32,41,72,14030
11,15,28,14031
4,12,30,14032
8,33,59,14033
6,16,32,14034
8,33,59,14035
10,23,45,14036
2,16,24,14037
4,23,46,14038
8,14,28,14039
5,11,24,14041
3,13,21,14042
8,38,66,14043
1,10,26,14044
26,40,71,14046
3,5,10,14047
7,11,26,14048
10,19,36,14049
8,34,94,14050
13,42,94,14051
3,21,39,14052
31,39,70,14053
28,54,95,14054
5,7,19,14055
10,28,50,14056
25,36,54,14057
29,36,68,14058
4,28,53,14059
19,55,91,14060
14,50,90,14061
13,51,90,14062
15,25,48,14063
24,53,92,14064
28,55,98,14065
10,18,43,14066
9,18,41,14067
22,52,85,14068
10,33,53,14069
2,46,89,14070
18,21,43,14071
23,32,45,14072
21,39,100,14073
3,17,25,14074
18,51,85,14075
10,22,43,14076
5,19,38,14077
15,29,62,14078
14,28,57,14079
6,20,38,14080
0,5,17,14081
4,9,21,14082
14,27,56,14083
10,21,42,14084
7,15,34,14085
14,20,45,14086
33,39,69,14087
7,34,94,14088
21,57,99,14089
24,32,46,14090
6,16,29,14091
5,17,36,14092
15,50,89,14093
13,22,49,14094
18,33,49,14095
4,10,16,14096
19,32,48,14097
8,19,42,14098
27,54,92,14099
28,54,95,14100
21,59,104,14101
6,17,37,14102
3,25,43,14103
9,21,51,14104
8,27,40,14105
5,6,19,14106
11,19,36,14107
1,12,25,14108
0,4,16,14109
9,25,47,14111
7,13,21,14112
8,25,47,14113
10,23,44,14114
10,28,52,14115
0,3,11,14116
1,4,16,14117
15,25,51,14118
7,15,26,14119
9,38,66,14120
4,24,47,14121
0,5,14,14122
5,22,45,14123
6,29,55,14124
3,14,28,14125
3,17,25,14126
9,26,48,14127
6,19,32,14128
10,42,73,14129
3,8,16,14130
24,33,51,14131
22,58,102,14132
6,30,60,14133
5,62,96,14134
1,18,34,14135
15,35,73,14136
5,25,44,14137
34,38,69,14138
0,21,34,14139
9,37,62,14140
19,52,85,14141
13,29,60,14142
34,38,69,14143
10,23,44,14144
9,19,37,14145
5,38,64,14146
5,12,23,14147
16,21,38,14148
5,9,21,14149
10,50,86,14150
9,27,48,14151
12,27,58,14152
19,52,85,14153
5,22,42,14154
13,24,52,14155
10,12,26,14156
8,16,38,14157
14,27,62,14158
3,8,21,14159
6,52,78,14160
3,6,15,14161
12,38,86,14162
24,42,89,14163
8,23,40,14164
3,25,43,14165
22,56,92,14166
8,17,37,14167
8,30,47,14168
14,25,46,14169
18,52,92,14170
7,13,21,14171
1,9,14,14172
32,37,67,14173
32,36,65,14174
8,35,95,14175
14,27,62,14176
14,41,110,14177
30,55,96,14178
2,14,37,14179
24,29,42,14180
4,12,25,14181
8,43,74,14182
14,38,84,14183
0,5,10,14184
12,13,28,14185
9,32,51,14186
23,32,45,14187
9,31,54,14188
15,39,81,14189
5,18,38,14190
7,22,47,14191
9,12,25,14192
19,31,64,14193
7,17,25,14194
13,37,75,14195
6,30,60,14196
20,52,86,14197
1,18,38,14198
25,43,72,14199
10,24,47,14200
9,13,26,14201
9,21,40,14202
9,27,48,14203
5,11,21,14204
10,15,29,14205
12,40,62,14206
2,14,22,14207
14,20,44,14208
4,21,46,14209
10,37,73,14210
14,38,84,14211
9,24,45,14212
9,27,48,14213
6,24,54,14214
10,23,44,14215
10,23,46,14216
12,19,38,14217
23,32,46,14218
23,38,70,14219
15,32,65,14220
4,12,29,14221
6,14,32,14222
14,20,45,14223
13,57,100,14224
30,54,91,14225
7,24,50,14226
5,62,94,14227
12,13,27,14228
10,19,35,14229
6,17,28,14230
14,41,110,14231
11,22,45,14232
14,20,44,14233
14,41,110,14234
2,24,45,14235
10,18,43,14236
9,12,25,14237
9,22,38,14238
15,25,51,14239
31,36,66,14240
14,25,46,14241
15,24,51,14242
9,21,37,14243
0,2,3,14244
2,7,13,14245
36,52,110,14246
18,31,61,14248
7,26,48,14249
2,14,23,14250
13,35,72,14251
8,24,37,14252
19,48,105,14253
0,2,3,14254
3,14,22,14255
21,39,83,14256
13,30,43,14258
5,27,45,14261
5,19,32,14262
8,28,41,14263
2,16,31,14264
16,24,48,14265
3,28,50,14266
8,21,33,14267
3,14,21,14268
4,15,35,14269
8,68,142,14270
9,29,46,14271
10,31,47,14272
5,21,38,14273
3,25,42,14274
8,53,102,14275
9,19,50,14276
6,19,50,14277
8,68,150,14278
15,33,55,14279
15,33,55,14280
11,20,27,14281
11,30,41,14282
10,39,82,14283
9,38,83,14284
19,32,54,14286
5,29,46,14287
5,13,20,14288
1,23,37,14289
5,17,37,14290
9,38,73,14291
23,49,102,14292
6,27,46,14293
8,33,51,14294
11,27,51,14295
4,32,61,14296
4,23,60,14297
11,43,98,14298
34,54,94,14299
23,36,71,14300
1,9,17,14301
13,36,58,14302
5,31,59,14303
10,22,44,14304
9,38,73,14305
7,19,37,14306
11,33,54,14307
10,20,28,14308
19,49,101,14309
15,36,83,14310
2,11,20,14311
27,38,88,14312
15,35,73,14313
8,68,147,14314
6,18,68,14315
18,38,71,14316
0,5,11,14317
36,49,103,14318
23,45,90,14319
9,41,93,14320
12,21,39,14321
5,19,50,14322
2,7,11,14323
9,20,52,14324
23,46,99,14325
0,5,10,14326
13,27,51,14327
1,23,37,14328
16,37,70,14329
6,10,15,14330
23,46,99,14331
31,54,113,14332
5,27,50,14333
0,5,10,14334
2,32,56,14335
4,16,33,14336
31,54,113,14337
5,22,38,14338
29,52,94,14339
7,26,48,14340
14,32,53,14341
8,26,53,14342
28,30,58,14343
14,52,107,14344
19,48,97,14345
2,31,71,14346
11,45,84,14347
8,55,104,14348
9,25,40,14350
11,28,41,14351
2,11,20,14352
10,39,82,14353
13,17,45,14354
13,19,53,14355
8,67,143,14356
21,42,83,14357
29,53,95,14358
24,48,100,14359
0,26,59,14360
15,46,96,14361
6,30,45,14362
31,54,89,14363
8,53,101,14364
27,31,59,14365
12,33,46,14366
1,16,27,14367
14,26,53,14368
5,13,20,14369
13,35,72,14370
9,43,83,14372
6,18,68,14373
11,27,52,14374
4,5,12,14375
4,5,12,14376
1,38,75,14377
10,40,82,14378
3,30,66,14379
6,10,15,14380
6,18,68,14381
6,25,46,14384
34,56,101,14385
27,38,88,14386
4,7,9,14387
25,39,86,14388
7,37,112,14389
30,54,112,14390
16,18,45,14391
9,39,85,14392
9,31,62,14393
8,23,50,14394
12,35,57,14395
4,12,26,14396
18,26,79,14397
10,21,39,14398
18,28,87,14399
11,27,51,14400
14,51,101,14401
3,28,61,14402
13,27,51,14403
24,63,136,14404
6,10,15,14405
14,36,85,14406
5,27,50,14407
8,31,51,14408
9,34,75,14409
28,57,101,14410
7,39,118,14411
34,54,96,14412
13,26,53,14413
10,29,47,14414
26,37,86,14415
0,1,3,14416
2,7,11,14417
34,51,109,14418
12,26,47,14419
9,53,98,14420
23,48,98,14421
13,27,54,14422
3,15,23,14423
12,21,39,14424
4,16,33,14425
8,34,79,14426
10,52,97,14427
6,27,46,14428
7,25,39,14429
28,30,58,14430
10,21,39,14431
15,19,40,14432
14,36,83,14433
13,24,48,14434
16,34,76,14435
5,25,46,14436
8,26,40,14437
13,44,67,14438
3,19,31,14439
1,38,75,14440
9,19,50,14441
1,28,45,14442
13,17,45,14443
8,24,37,14444
13,36,58,14445
28,30,58,14446
17,51,110,14447
9,62,123,14448
11,26,51,14449
4,7,13,14450
0,14,37,14451
34,56,101,14452
14,50,100,14453
6,19,50,14454
27,31,59,14455
6,25,36,14456
8,13,20,14457
23,50,103,14458
15,31,52,14459
10,18,33,14460
23,49,102,14461
5,31,57,14462
2,2,3,14463
3,18,37,14464
2,32,56,14465
9,42,79,14466
5,51,93,14467
9,32,53,14468
1,27,62,14469
1,10,15,14470
15,35,73,14471
12,25,46,14472
11,28,41,14473
21,39,81,14474
13,36,58,14475
14,17,45,14476
5,18,39,14477
31,54,112,14478
3,28,61,14479
15,19,40,14480
15,19,40,14481
21,32,53,14482
19,48,97,14483
36,49,103,14484
9,34,75,14485
28,30,58,14486
3,9,29,14487
12,17,45,14488
12,28,69,14489
1,11,28,14490
21,32,54,14491
29,53,97,14492
36,49,104,14493
4,33,64,14494
0,5,10,14495
5,20,28,14496
25,42,84,14497
12,28,69,14498
34,54,94,14499
18,26,79,14500
4,7,9,14501
18,31,61,14502
18,23,64,14503
6,31,49,14504
1,4,19,14505
14,52,106,14506
12,26,47,14507
31,53,89,14508
4,15,35,14509
0,16,35,14510
9,21,53,14511
18,26,74,14512
5,8,14,14513
23,44,90,14514
3,11,40,14515
9,31,63,14516
30,53,111,14517
5,16,43,14518
8,53,104,14519
14,51,101,14520
18,18,46,14521
3,11,20,14522
5,44,96,14523
6,19,51,14524
36,49,103,14525
15,46,96,14526
23,69,144,14527
9,33,63,14528
15,35,73,14529
6,10,15,14530
1,4,6,14531
12,40,86,14532
13,35,72,14533
6,43,92,14534
8,31,51,14535
23,47,96,14536
4,15,34,14537
18,31,61,14538
12,29,44,14539
4,5,12,14540
12,22,46,14541
10,52,105,14542
28,30,58,14543
19,61,123,14544
19,59,118,14545
16,58,117,14546
9,31,63,14547
3,26,62,14548
8,34,73,14549
13,19,53,14550
13,44,67,14551
1,2,5,14552
12,32,64,14553
6,35,72,14554
16,37,70,14555
10,23,48,14556
11,33,53,14557
15,31,52,14558
5,28,47,14559
28,31,59,14561
4,8,10,14562
14,18,49,14563
11,27,53,14564
29,54,97,14565
19,36,61,14566
4,5,13,14567
9,31,63,14568
6,38,79,14569
4,15,35,14570
3,9,29,14571
28,31,59,14572
14,51,101,14573
15,19,40,14574
5,20,51,14575
31,54,112,14576
29,53,96,14577
16,37,70,14578
26,37,86,14579
1,38,75,14580
22,40,86,14581
34,51,109,14582
18,19,47,14583
14,37,88,14584
30,53,111,14585
18,26,74,14586
5,44,96,14587
6,18,68,14588
7,37,112,14589
14,37,88,14590
17,37,86,14591
25,41,92,14592
20,39,87,14593
8,51,98,14594
0,10,23,14595
3,9,29,14596
6,18,68,14597
20,47,82,14598
6,35,75,14599
0,10,23,14600
4,16,36,14601
6,25,47,14602
25,39,86,14603
12,36,54,14604
12,35,77,14605
21,42,82,14606
5,15,40,14607
21,44,85,14608
26,35,80,14609
36,52,109,14610
18,27,69,14611
18,18,48,14612
7,46,77,14613
31,54,112,14614
28,30,58,14615
28,31,59,14616
9,53,98,14617
12,24,33,14618
7,19,52,14619
1,5,14,14620
19,33,55,14621
1,16,27,14622
18,26,76,14623
29,52,94,14624
8,22,49,14625
20,39,86,14626
16,40,91,14627
17,31,62,14628
1,2,7,14630
34,56,101,14631
11,22,45,14632
6,18,68,14633
7,39,118,14634
16,23,63,14635
16,33,78,14636
1,4,19,14637
19,37,78,14639
11,21,55,14640
18,26,78,14641
27,35,76,14642
9,31,67,14643
7,18,49,14644
11,27,52,14645
11,43,98,14646
6,43,92,14647
8,18,26,14648
27,47,89,14649
34,56,98,14650
8,31,46,14651
34,57,102,14652
16,18,42,14653
27,39,89,14654
19,39,88,14655
28,30,58,14656
28,57,101,14657
34,56,98,14658
13,17,45,14659
10,23,48,14660
7,38,114,14661
6,27,46,14662
9,39,85,14663
3,13,31,14664
31,54,90,14665
28,30,58,14666
28,31,59,14667
17,51,84,14668
35,54,93,14669
11,32,50,14670
5,46,77,14671
22,40,88,14672
30,53,111,14673
20,50,103,14674
31,54,113,14675
12,21,39,14676
24,63,136,14677
18,49,97,14678
8,53,105,14679
2,6,12,14680
13,43,66,14681
7,39,87,14682
15,46,96,14683
7,47,75,14684
34,57,100,14685
34,57,102,14686
28,30,59,14687
9,29,54,14688
21,29,93,14689
6,8,16,14690
23,45,90,14691
23,49,102,14692
31,54,112,14693
28,31,59,14694
16,40,91,14695
7,27,62,14696
9,41,93,14697
5,10,19,14698
1,2,4,14699
8,28,56,14700
12,35,77,14701
15,26,53,14702
18,26,75,14703
17,57,118,14704
8,67,143,14705
8,51,98,14706
13,27,54,14707
31,54,90,14708
14,51,101,14709
2,14,23,14710
36,49,104,14711
8,13,20,14712
23,64,137,14713
10,21,39,14714
6,20,72,14715
17,34,76,14716
1,1,5,14717
4,8,29,14718
9,42,80,14719
18,42,88,14720
8,36,109,14721
34,57,102,14722
17,35,59,14723
2,31,71,14724
8,27,40,14725
9,32,64,14726
28,30,58,14727
2,2,4,14728
34,57,102,14729
30,49,104,14730
5,25,46,14731
3,5,10,14732
17,39,86,14733
34,57,102,14734
6,46,77,14735
8,23,50,14736
36,49,104,14737
28,32,62,14738
36,49,103,14739
13,47,72,14740
12,29,42,14741
7,37,112,14742
9,21,57,14743
3,25,58,14744
31,58,121,14745
10,39,82,14746
13,19,51,14747
11,27,51,14748
27,31,59,14749
24,63,136,14750
19,48,97,14751
20,32,54,14752
3,17,25,14753
8,31,51,14754
14,19,50,14755
4,16,33,14756
6,33,71,14757
6,25,36,14758
2,27,63,14759
6,10,15,14760
9,49,94,14761
13,36,75,14762
15,18,39,14763
2,15,33,14764
34,57,102,14765
2,6,9,14766
12,28,69,14767
22,39,87,14768
25,39,86,14769
5,25,48,14770
3,12,30,14771
10,18,52,14772
2,31,71,14773
24,38,88,14774
30,54,112,14775
4,17,34,14776
12,35,77,14777
15,24,42,14778
9,34,62,14779
36,52,110,14780
20,52,106,14781
11,43,98,14782
20,50,109,14783
21,45,93,14784
13,17,45,14785
1,10,15,14786
25,38,83,14787
14,36,85,14788
31,54,112,14789
36,49,104,14790
18,42,88,14791
36,49,103,14792
34,57,102,14793
15,36,83,14794
2,9,23,14795
9,33,63,14796
3,5,10,14797
16,32,69,14798
15,31,52,14799
2,5,8,14800
8,48,92,14801
7,52,84,14803
14,18,49,14804
28,30,58,14805
6,18,68,14806
27,35,76,14807
18,19,47,14808
9,52,84,14809
9,45,86,14810
15,33,55,14811
28,57,101,14812
27,50,107,14813
15,19,40,14814
18,19,47,14815
26,39,89,14816
7,37,112,14817
1,23,37,14818
9,31,63,14819
8,49,105,14820
2,15,33,14821
6,36,66,14822
9,42,80,14823
12,21,39,14824
10,19,37,14825
18,19,46,14826
12,24,44,14827
13,40,82,14828
15,49,98,14829
18,26,74,14830
17,32,60,14831
9,38,73,14832
3,9,29,14834
11,23,49,14835
28,30,58,14836
18,23,64,14837
11,56,109,14838
10,32,62,14839
7,19,37,14840
34,56,98,14841
11,27,49,14842
17,57,118,14843
10,33,53,14844
28,30,58,14845
12,21,39,14846
5,31,57,14847
17,34,76,14848
23,49,99,14849
20,49,108,14850
30,53,111,14851
15,50,104,14852
3,9,28,14853
34,56,98,14854
12,21,39,14855
7,33,77,14856
6,20,42,14857
34,54,96,14858
9,38,73,14859
13,43,66,14860
12,32,64,14861
10,39,82,14862
11,27,50,14863
12,40,86,14864
31,54,112,14865
5,20,28,14866
13,27,51,14867
9,16,39,14868
19,37,78,14869
25,39,81,14870
8,33,51,14871
13,26,53,14872
21,42,83,14873
0,4,9,14874
13,17,44,14875
36,52,109,14876
10,25,46,14877
10,21,39,14878
17,51,110,14879
9,27,49,14880
6,25,46,14881
36,54,93,14882
4,30,52,14883
11,66,144,14884
3,20,41,14885
12,35,70,14886
15,31,62,14887
8,22,39,14888
11,16,29,14889
17,31,50,14890
6,23,41,14891
8,9,19,14892
7,15,21,14893
10,30,61,14894
10,31,57,14895
13,34,64,14896
2,21,37,14897
6,15,22,14898
1,7,15,14899
8,48,79,14900
16,40,69,14901
6,15,22,14902
28,40,67,14903
7,21,45,14904
11,20,32,14905
5,6,23,14906
10,31,57,14907
3,18,32,14908
10,30,56,14909
11,35,64,14910
10,30,61,14911
2,19,35,14912
10,42,78,14914
8,20,36,14915
8,31,57,14916
6,9,19,14918
6,15,23,14919
6,9,19,14920
9,37,69,14921
6,16,22,14922
4,25,46,14923
7,24,43,14924
0,3,10,14925
9,38,72,14926
5,21,45,14927
8,13,27,14928
15,36,70,14929
6,25,42,14930
5,11,33,14931
1,9,13,14932
4,10,32,14933
3,10,28,14934
3,10,32,14935
7,15,21,14936
14,35,64,14937
3,14,29,14938
16,28,50,14939
6,22,47,14940
1,12,19,14941
12,28,46,14942
5,9,20,14943
14,16,30,14944
12,42,77,14945
10,40,73,14946
10,17,28,14947
4,23,39,14948
4,25,41,14949
11,17,30,14951
15,35,69,14953
8,47,77,14954
2,9,29,14955
2,21,37,14956
15,36,70,14957
13,34,64,14958
10,31,54,14959
12,20,35,14960
5,9,19,14962
0,4,8,14963
10,31,54,14964
5,21,45,14965
1,12,19,14966
2,21,37,14967
16,27,58,14968
11,17,30,14969
15,35,69,14970
8,15,29,14971
11,27,48,14972
9,26,52,14973
6,15,22,14974
8,20,37,14975
6,6,23,14976
8,22,40,14977
12,43,77,14978
4,6,23,14979
13,32,50,14980
6,15,20,14981
6,28,50,14982
10,28,52,14983
17,33,54,14984
17,33,54,14985
10,17,29,14986
7,28,53,14987
0,8,22,14988
5,26,43,14989
3,15,32,14990
5,6,23,14991
11,17,24,14992
9,33,62,14993
4,8,17,14994
8,50,84,14995
3,15,24,14996
5,12,31,14997
15,31,61,14998
1,12,19,14999
5,25,42,15000
6,15,22,15001
3,15,32,15002
1,6,21,15003
12,32,70,15004
25,39,64,15005
9,42,77,15006
6,6,23,15007
3,15,32,15008
4,12,27,15009
1,9,14,15010
5,6,23,15011
4,20,44,15012
6,9,17,15013
13,34,64,15014
12,20,32,15015
4,23,41,15016
15,35,69,15017
7,13,27,15018
15,36,70,15019
25,40,66,15020
11,16,29,15021
14,33,66,15022
25,35,59,15023
9,15,22,15024
8,15,29,15025
11,37,67,15026
3,9,25,15027
11,39,70,15028
14,41,78,15029
5,6,23,15030
5,9,17,15032
9,32,57,15033
9,36,66,15034
5,9,17,15035
6,9,19,15036
6,9,19,15037
5,9,19,15038
5,9,19,15039
6,6,23,15040
5,47,78,15041
25,40,65,15042
7,42,72,15043
7,9,19,15044
5,8,16,15045
23,39,64,15046
25,31,50,15047
5,6,23,15048
6,6,23,15049
5,26,43,15050
23,39,63,15051
8,22,41,15052
1,6,21,15053
1,7,15,15054
6,21,45,15055
6,9,20,15056
5,12,36,15057
3,15,36,15058
7,35,60,15059
8,48,79,15060
10,17,28,15061
11,16,29,15062
11,39,70,15063
6,6,23,15064
9,49,82,15065
13,42,77,15066
3,14,31,15067
9,15,27,15068
9,40,76,15069
10,27,60,15070
18,27,46,15071
11,16,28,15072
14,35,64,15073
9,42,77,15074
7,18,28,15075
13,31,58,15076
13,24,42,15077
3,17,44,15078
15,31,51,15079
4,10,32,15080
3,16,33,15081
11,16,28,15082
8,13,27,15083
6,34,60,15084
14,33,66,15085
14,17,31,15086
4,25,41,15087
1,9,11,15088
14,23,37,15089
11,17,30,15090
9,23,48,15091
15,37,70,15092
2,19,35,15093
7,24,43,15094
5,12,31,15095
5,9,19,15096
14,42,77,15097
4,9,20,15098
9,23,48,15099
24,40,66,15100
12,22,36,15101
23,40,65,15102
11,27,48,15103
6,9,19,15104
8,9,19,15105
11,35,66,15106
11,17,30,15107
24,37,62,15108
17,33,59,15109
13,34,64,15110
10,32,59,15111
9,42,77,15112
14,27,45,15113
10,17,28,15114
5,9,12,15115
11,27,48,15116
8,22,39,15117
10,29,54,15118
9,34,63,15119
2,6,23,15120
11,22,35,15121
23,40,67,15122
8,20,37,15123
2,21,37,15124
7,15,23,15125
11,20,32,15126
17,33,59,15127
25,39,64,15128
12,32,64,15129
12,20,35,15130
14,32,64,15131
17,32,61,15132
23,40,66,15133
25,40,66,15134
5,21,45,15135
14,33,57,15136
8,49,79,15137
5,8,16,15138
25,40,65,15139
6,34,60,15140
6,14,35,15141
6,9,19,15142
21,40,66,15143
4,11,33,15144
9,36,65,15145
6,6,23,15146
10,31,47,15149
0,1,2,15153
15,24,52,15154
2,7,9,15156
18,33,48,15158
14,25,52,15159
4,20,46,15160
24,50,109,15161
15,48,102,15162
12,36,80,15163
25,57,115,15164
19,54,115,15165
22,56,122,15166
7,41,100,15168
6,42,104,15169
12,30,69,15170
20,48,99,15171
8,25,37,15172
16,48,102,15173
3,27,41,15174
13,25,52,15175
8,34,81,15176
16,45,97,15177
4,19,47,15178
7,33,52,15181
27,46,90,15182
5,14,33,15184
6,37,83,15185
20,50,107,15186
9,38,97,15187
10,24,49,15189
22,47,97,15192
17,46,93,15194
20,41,89,15196
9,34,70,15197
24,52,103,15198
4,20,51,15199
24,44,95,15200
24,52,103,15201
17,25,49,15202
11,37,87,15204
11,25,54,15205
23,50,116,15206
8,29,42,15207
11,22,48,15209
13,29,60,15210
17,47,95,15211
11,36,79,15212
4,20,46,15213
11,36,78,15214
19,54,115,15215
9,25,51,15216
20,41,89,15217
25,43,92,15218
26,38,84,15220
9,18,40,15221
11,31,61,15222
6,19,39,15223
12,37,80,15224
23,49,113,15227
7,27,65,15228
23,53,116,15229
10,24,59,15231
18,48,99,15232
24,59,123,15233
11,54,114,15234
7,57,120,15237
20,36,80,15238
24,50,111,15239
9,32,83,15242
7,36,78,15244
25,32,75,15246
24,50,115,15247
11,54,114,15248
15,57,120,15250
6,16,35,15251
21,52,109,15252
9,25,51,15253
12,25,52,15254
25,32,75,15256
13,39,85,15257
4,51,110,15258
14,25,51,15259
6,55,112,15260
27,46,90,15261
17,54,118,15262
25,54,113,15263
9,33,72,15267
9,29,74,15268
14,52,106,15269
26,43,92,15270
9,34,67,15271
11,25,51,15272
11,24,48,15273
12,36,52,15274
3,14,40,15275
11,28,57,15278
26,43,92,15280
9,38,82,15282
9,36,77,15284
14,37,63,15285
27,50,99,15287
25,53,109,15289
20,41,89,15290
9,37,94,15291
23,53,116,15293
27,50,99,15294
10,34,75,15295
15,49,102,15296
9,18,40,15298
11,24,53,15300
14,50,104,15301
15,48,101,15302
11,30,43,15303
24,59,123,15305
3,22,48,15306
9,35,78,15307
20,53,115,15308
10,19,41,15309
21,52,109,15310
12,37,81,15311
6,27,40,15313
25,54,113,15315
17,33,50,15316
14,57,118,15319
12,37,81,15320
8,35,84,15322
5,34,51,15323
16,48,102,15324
26,38,84,15325
7,32,47,15327
5,24,47,15328
5,26,47,15329
9,35,77,15330
9,33,88,15331
15,24,52,15332
7,26,62,15333
14,43,87,15335
23,36,80,15336
23,53,113,15337
9,37,97,15338
19,55,117,15340
1,44,91,15343
11,33,66,15346
5,23,48,15347
24,50,111,15348
15,25,53,15349
26,43,92,15350
4,25,49,15353
16,25,51,15354
9,32,82,15355
8,31,72,15357
6,37,81,15358
8,25,61,15359
23,50,116,15360
21,52,109,15362
14,37,63,15363
27,50,99,15364
21,48,102,15366
8,34,74,15367
9,34,70,15369
10,34,79,15370
3,27,41,15371
6,31,72,15373
8,34,74,15374
7,26,61,15375
2,7,9,15376
4,20,51,15377
23,48,97,15378
7,26,62,15381
24,49,114,15383
20,41,89,15384
5,20,40,15385
24,50,115,15386
24,52,103,15388
27,50,99,15389
16,44,89,15390
16,44,89,15391
11,21,50,15392
15,25,51,15393
5,33,78,15395
9,30,66,15396
25,54,113,15397
6,39,96,15398
15,48,101,15401
3,29,64,15402
5,24,47,15403
7,57,120,15404
27,46,90,15405
8,25,37,15406
17,46,93,15407
25,44,98,15409
27,46,90,15411
4,20,46,15412
8,37,80,15413
5,33,71,15415
16,25,51,15417
13,29,60,15418
5,33,74,15419
6,17,36,15420
5,22,45,15421
16,26,52,15422
9,34,90,15426
9,34,90,15428
17,26,49,15429
10,26,68,15430
11,27,55,15431
7,32,47,15433
11,24,52,15434
9,21,44,15435
11,30,43,15436
11,24,52,15438
11,23,46,15439
9,23,48,15440
6,56,112,15442
6,16,33,15443
9,21,44,15445
8,34,74,15446
5,24,47,15447
21,48,102,15449
25,54,113,15450
4,25,49,15453
9,19,54,15454
9,33,85,15455
24,46,104,15456
13,39,85,15457
20,36,80,15458
15,51,107,15459
26,43,92,15460
9,23,48,15461
17,54,118,15462
16,48,99,15465
3,32,69,15466
2,39,98,15467
11,24,53,15468
5,34,51,15469
2,7,9,15471
6,16,35,15472
7,27,65,15475
15,32,48,15477
7,14,20,15478
17,58,96,15479
4,34,62,15480
18,73,126,15481
6,13,28,15482
47,60,119,15483
43,56,113,15484
44,64,125,15485
10,11,30,15486
40,67,111,15487
43,60,118,15488
12,16,31,15489
14,25,39,15490
3,9,15,15491
19,82,146,15492
12,38,57,15493
7,24,33,15494
15,18,32,15495
1,4,8,15496
12,30,57,15497
15,23,39,15498
0,8,13,15499
4,14,33,15500
5,14,28,15501
8,22,34,15502
2,4,11,15503
13,25,40,15504
9,16,33,15505
5,8,17,15506
3,10,18,15507
6,18,28,15508
15,18,33,15509
9,33,51,15510
1,17,36,15511
4,47,85,15512
3,6,13,15514
1,16,33,15515
15,23,39,15516
11,23,35,15518
39,64,108,15519
4,17,33,15520
2,6,15,15521
7,24,34,15522
1,42,79,15523
10,20,31,15524
2,14,22,15525
31,49,94,15526
32,68,119,15527
17,60,99,15528
8,20,32,15529
2,12,25,15530
36,76,132,15531
12,23,34,15532
21,57,107,15533
32,68,119,15534
42,62,120,15535
23,35,63,15536
39,55,113,15537
8,15,31,15538
4,31,55,15539
14,23,39,15540
13,26,38,15541
5,46,85,15542
15,18,33,15543
3,19,34,15544
1,13,22,15545
9,36,71,15547
3,7,15,15548
40,75,131,15549
24,41,74,15550
11,16,32,15551
6,20,32,15552
7,17,33,15553
10,28,52,15554
13,25,39,15555
6,21,34,15557
8,14,29,15558
6,20,38,15559
24,79,139,15560
12,25,37,15561
10,50,85,15562
7,65,110,15563
18,23,41,15564
36,66,112,15565
4,14,32,15566
11,22,38,15567
43,69,120,15568
10,24,37,15569
36,66,112,15570
11,22,38,15571
7,14,28,15572
6,13,28,15573
34,54,105,15574
0,4,13,15575
22,72,127,15576
44,58,112,15577
19,82,146,15578
3,17,37,15579
5,15,30,15580
12,26,40,15581
3,17,33,15582
15,18,33,15583
3,11,22,15584
42,62,120,15585
4,23,45,15586
1,16,33,15587
4,35,59,15589
3,5,8,15591
7,21,34,15592
14,31,58,15593
3,9,15,15594
4,49,98,15595
15,23,39,15596
11,33,63,15597
4,47,85,15598
7,18,36,15599
38,68,112,15600
26,83,143,15601
6,16,33,15602
3,3,6,15603
3,17,33,15604
5,10,21,15605
23,74,138,15606
18,55,91,15607
8,13,16,15608
15,79,139,15609
24,41,74,15610
40,67,111,15611
2,11,16,15612
9,45,81,15613
29,75,128,15614
21,59,102,15615
9,27,39,15616
16,59,102,15617
17,58,117,15618
5,60,101,15619
32,60,112,15620
31,57,106,15621
34,54,101,15622
15,20,33,15623
44,59,114,15624
3,9,15,15625
40,77,132,15626
3,4,6,15627
8,31,48,15628
23,62,121,15629
34,54,101,15630
44,59,113,15631
42,70,120,15632
23,36,62,15633
39,66,112,15634
43,60,118,15635
41,67,112,15636
14,26,41,15637
11,41,72,15638
4,31,55,15639
4,26,49,15640
14,23,39,15641
10,11,30,15642
10,22,34,15643
9,16,32,15644
23,35,63,15645
2,6,15,15646
15,23,39,15647
19,82,146,15648
14,23,41,15649
7,14,28,15650
0,8,13,15651
11,62,100,15652
0,1,9,15653
41,70,123,15654
3,10,21,15655
24,41,74,15656
17,59,99,15657
3,38,69,15658
3,6,14,15659
3,5,17,15660
8,20,32,15661
11,19,32,15662
7,11,14,15663
2,13,23,15664
47,60,119,15665
15,24,48,15666
12,26,40,15667
10,11,27,15668
8,61,105,15669
5,22,40,15670
13,28,53,15671
3,26,51,15672
3,6,13,15673
26,77,133,15674
14,31,58,15675
13,26,41,15676
3,14,28,15677
44,56,110,15678
18,55,91,15679
17,57,93,15680
13,28,53,15681
10,31,48,15682
11,22,38,15683
44,59,114,15684
12,28,52,15685
11,22,33,15686
7,60,98,15687
6,40,71,15688
17,60,99,15689
3,3,6,15690
4,41,62,15691
4,8,15,15692
5,11,17,15693
5,8,17,15694
17,82,147,15695
6,34,68,15696
3,11,22,15697
34,74,130,15698
15,30,50,15699
1,9,24,15700
10,11,34,15701
38,56,114,15702
11,22,33,15703
6,52,104,15704
41,73,126,15705
37,67,129,15706
9,15,27,15707
7,16,26,15708
4,14,32,15709
10,11,30,15710
8,56,93,15711
22,80,140,15712
26,64,109,15713
19,76,134,15714
1,42,77,15715
18,73,126,15716
8,20,32,15717
13,26,38,15718
17,59,99,15719
20,64,109,15720
4,17,33,15721
39,66,112,15722
8,42,72,15723
42,72,124,15724
10,11,30,15725
7,24,34,15726
10,46,83,15727
22,32,55,15728
13,24,36,15729
17,57,93,15730
4,24,48,15731
39,73,130,15732
10,14,38,15733
10,50,85,15734
43,60,118,15735
17,57,93,15736
23,33,59,15737
9,13,18,15738
38,76,132,15739
15,79,139,15740
28,64,108,15741
41,70,122,15742
35,54,106,15743
4,26,49,15744
23,33,59,15745
23,36,63,15746
11,18,33,15747
10,18,34,15748
10,18,34,15749
15,18,32,15750
7,14,28,15751
23,62,107,15752
40,75,131,15753
44,59,114,15754
15,79,139,15755
40,67,111,15756
8,28,51,15757
18,22,38,15758
43,69,120,15759
9,25,50,15760
10,11,27,15761
11,30,56,15762
6,14,27,15763
8,32,54,15764
23,85,149,15765
38,75,131,15766
10,11,27,15767
44,60,116,15768
24,31,56,15769
5,8,17,15770
3,10,21,15771
13,26,40,15772
6,20,45,15773
12,25,37,15774
6,20,38,15775
8,15,30,15776
10,16,33,15777
12,38,57,15778
9,35,63,15779
9,16,32,15780
15,59,102,15781
10,39,71,15782
15,84,147,15783
3,5,17,15784
2,8,16,15785
36,76,132,15786
10,34,64,15787
0,1,9,15788
26,77,133,15789
39,75,131,15790
39,71,122,15791
4,47,85,15792
4,14,32,15793
35,68,120,15794
26,63,107,15795
36,64,108,15796
1,13,29,15797
28,68,114,15798
1,43,82,15799
11,27,54,15800
34,54,105,15801
44,60,117,15802
3,9,15,15803
33,77,131,15804
9,47,71,15805
2,10,23,15806
14,22,38,15807
8,15,31,15808
7,65,110,15809
7,24,33,15810
10,31,48,15811
6,9,11,15812
10,24,40,15813
11,31,58,15814
38,55,110,15815
4,13,24,15816
9,13,18,15817
44,64,125,15818
19,82,146,15819
12,16,31,15820
5,20,40,15821
17,80,145,15822
5,20,40,15823
43,56,114,15824
9,15,22,15825
6,21,35,15826
4,21,34,15827
11,57,97,15828
7,33,51,15829
0,9,15,15830
3,4,7,15831
6,22,37,15832
3,5,17,15833
2,49,92,15834
6,20,27,15835
23,34,60,15836
7,65,110,15837
45,58,114,15838
25,66,127,15839
41,75,131,15840
6,20,40,15841
9,12,15,15842
8,56,93,15843
19,76,134,15844
24,79,139,15845
15,22,38,15846
24,33,59,15847
11,16,32,15848
4,30,46,15849
10,15,43,15850
39,54,111,15851
2,37,71,15852
15,23,39,15853
34,54,101,15854
4,11,20,15855
43,56,113,15856
7,9,11,15857
15,23,39,15858
44,58,112,15859
33,77,132,15860
42,71,122,15861
2,23,49,15862
13,26,41,15863
6,21,34,15864
5,22,40,15865
24,32,58,15866
24,41,74,15867
9,45,81,15868
38,68,112,15869
2,13,20,15870
15,22,38,15871
24,83,147,15872
23,62,107,15873
2,25,50,15874
11,28,55,15875
6,22,34,15876
2,14,29,15877
12,23,34,15878
16,59,102,15879
4,22,33,15880
3,9,15,15881
15,18,31,15882
24,32,58,15883
7,24,44,15884
9,22,38,15885
6,27,49,15886
33,77,131,15887
23,33,58,15888
10,20,32,15889
23,41,76,15890
7,18,35,15891
47,60,119,15892
5,15,22,15893
2,4,8,15894
16,18,32,15895
8,11,14,15896
0,0,3,15897
0,1,9,15898
26,64,109,15899
33,59,107,15901
10,31,48,15902
13,28,53,15903
11,19,32,15904
1,5,10,15905
5,14,28,15906
15,23,39,15907
44,64,125,15908
15,84,147,15909
33,59,107,15910
7,14,29,15911
46,65,125,15912
11,30,56,15913
34,54,102,15914
41,70,119,15915
40,77,132,15916
43,60,118,15917
17,80,145,15918
7,21,34,15919
42,72,124,15920
6,22,37,15921
43,56,114,15922
44,64,125,15923
5,15,30,15924
10,23,35,15925
3,3,6,15926
3,11,14,15927
10,22,33,15928
8,13,16,15929
23,74,138,15930
12,16,31,15931
34,77,132,15932
24,41,74,15933
3,3,6,15934
32,68,119,15935
43,56,113,15936
7,16,36,15937
13,25,37,15938
44,60,117,15939
34,53,100,15940
26,77,134,15941
14,23,41,15942
3,17,33,15943
2,16,32,15944
6,21,40,15945
16,27,55,15946
2,3,10,15947
16,20,46,15948
18,19,38,15949
6,15,31,15950
8,18,44,15951
15,19,45,15952
18,23,41,15953
1,10,17,15954
16,25,53,15955
2,3,10,15956
7,16,35,15957
16,26,53,15958
15,23,41,15959
1,9,15,15960
14,23,41,15961
13,21,39,15962
11,21,39,15963
9,14,27,15964
4,21,38,15965
6,15,30,15966
12,27,55,15967
14,20,51,15968
14,21,51,15969
13,25,45,15970
14,21,51,15971
14,21,51,15972
14,24,41,15973
14,23,41,15974
9,13,26,15975
7,15,33,15976
16,22,50,15977
16,22,50,15978
16,22,50,15979
14,23,41,15980
2,30,56,15981
6,15,31,15982
3,19,36,15983
16,23,50,15984
16,23,41,15985
12,18,44,15986
17,21,52,15987
3,21,35,15988
11,22,42,15989
16,21,48,15990
14,24,51,15991
14,21,51,15992
17,21,52,15993
19,21,52,15994
8,15,31,15995
2,3,10,15996
16,25,53,15997
17,19,37,15998
1,18,43,15999
16,27,55,16000
12,21,44,16001
8,21,52,16002
14,21,51,16003
2,3,10,16004
2,3,10,16005
15,24,42,16006
9,13,28,16007
3,3,10,16008
18,19,38,16009
18,19,38,16010
15,22,48,16011
16,20,47,16012
9,14,27,16013
7,16,35,16014
9,14,27,16015
16,23,41,16016
17,21,52,16017
0,32,55,16018
2,25,50,16019
19,21,52,16020
19,21,52,16021
7,25,54,16022
8,15,31,16023
5,9,22,16024
15,27,55,16025
8,11,26,16026
11,21,39,16027
7,16,35,16028
14,23,41,16029
12,25,53,16030
8,12,27,16031
18,19,38,16032
17,19,37,16033
13,21,39,16034
16,20,46,16035
16,20,46,16036
7,21,39,16037
3,24,44,16038
2,3,10,16039
18,19,38,16040
4,9,20,16041
3,8,19,16042
1,18,35,16043
9,14,27,16044
1,19,37,16045
2,3,10,16046
1,18,36,16047
2,3,10,16048
15,23,41,16049
1,18,36,16050
16,23,41,16051
17,21,52,16052
13,25,45,16053
7,15,33,16054
7,16,34,16055
3,3,10,16056
16,20,47,16057
7,27,55,16058
8,18,44,16059
15,24,42,16060
8,15,31,16061
1,18,36,16062
12,25,53,16063
2,8,19,16064
15,23,41,16065
1,19,37,16066
7,13,29,16067
3,8,19,16068
12,25,53,16069
8,12,27,16070
16,26,53,16071
7,17,37,16072
12,17,35,16073
16,27,55,16074
15,26,53,16075
5,17,29,16076
8,13,25,16077
6,21,37,16078
7,25,51,16079
9,16,26,16080
6,20,36,16081
17,30,69,16082
7,25,51,16083
2,20,35,16084
11,16,23,16085
8,13,25,16086
6,21,38,16087
7,13,36,16088
17,30,69,16089
4,17,32,16090
17,23,57,16091
7,11,32,16092
2,6,9,16093
0,2,3,16094
2,7,16,16095
6,20,35,16096
4,12,23,16097
4,9,13,16098
7,11,23,16099
8,12,24,16100
2,14,18,16101
1,6,22,16102
8,17,28,16103
5,21,33,16104
10,16,22,16105
0,7,8,16106
2,20,35,16107
6,20,36,16108
6,18,33,16109
11,19,29,16110
6,7,12,16111
0,17,31,16112
8,17,28,16113
9,16,26,16114
0,0,3,16115
2,5,8,16116
7,12,24,16117
4,11,23,16118
6,32,71,16119
1,5,13,16120
4,18,25,16121
4,16,27,16122
2,7,8,16123
0,17,31,16125
13,17,23,16126
1,5,13,16127
5,19,30,16128
1,6,22,16129
11,18,25,16130
8,21,44,16131
8,17,28,16132
18,27,65,16133
3,8,18,16134
0,1,1,16135
0,1,1,16136
6,11,24,16137
13,17,23,16138
4,18,27,16139
6,13,26,16140
8,15,28,16141
7,12,33,16142
7,16,29,16143
19,27,64,16146
7,11,23,16147
7,14,21,16148
2,2,6,16149
5,11,22,16151
0,0,0,16152
7,18,34,16153
21,30,68,16154
4,8,19,16155
6,29,54,16156
0,2,2,16157
0,2,2,16158
10,19,36,16159
9,16,26,16160
18,24,58,16161
18,27,66,16162
2,20,34,16163
8,12,25,16164
10,10,18,16165
2,20,35,16166
3,7,11,16167
4,13,24,16168
6,7,12,16169
6,11,23,16170
1,13,20,16171
7,12,34,16172
5,7,17,16173
6,25,47,16174
9,15,34,16175
13,17,23,16176
8,12,25,16177
2,7,16,16178
6,22,38,16179
6,8,19,16180
18,27,66,16182
1,16,37,16183
18,27,66,16184
12,17,23,16185
6,20,36,16186
18,30,68,16187
12,19,26,16188
5,16,26,16189
3,13,19,16190
2,6,9,16191
6,21,38,16192
5,17,31,16193
10,21,38,16194
6,8,18,16195
1,16,37,16196
0,0,0,16197
12,17,23,16198
12,17,23,16199
0,0,6,16200
1,1,1,16201
0,2,2,16202
10,10,18,16203
7,25,51,16204
7,11,32,16205
8,12,25,16206
1,5,8,16208
6,18,32,16209
6,23,41,16210
8,21,44,16212
5,16,26,16213
7,12,16,16214
10,10,18,16215
18,30,68,16216
7,12,34,16217
2,10,17,16218
3,4,6,16219
9,16,26,16220
17,30,69,16221
4,12,25,16222
2,4,7,16223
7,7,15,16224
4,17,32,16225
6,21,38,16226
0,21,34,16227
17,30,70,16229
6,20,36,16230
4,18,27,16231
6,17,31,16232
1,1,1,16233
6,9,20,16234
6,29,54,16235
4,19,48,16236
18,30,68,16237
6,18,33,16240
2,12,30,16241
7,25,52,16242
5,8,18,16243
8,17,28,16245
7,13,34,16246
17,23,57,16247
1,10,18,16249
5,15,28,16250
5,6,16,16251
4,6,15,16252
20,30,68,16253
6,15,30,16254
7,7,15,16255
10,10,18,16256
4,16,27,16257
0,2,9,16258
7,16,29,16259
7,7,15,16260
10,16,21,16261
11,18,25,16262
2,11,19,16263
18,27,66,16264
18,27,66,16265
5,30,66,16266
7,7,15,16267
10,10,18,16268
5,16,27,16269
7,7,15,16270
7,25,48,16271
5,15,28,16272
11,35,75,16273
13,17,23,16274
9,19,36,16275
8,17,28,16276
2,14,20,16277
7,7,15,16278
18,29,68,16279
6,16,28,16280
9,15,31,16281
9,16,26,16282
10,10,18,16283
2,4,7,16284
9,17,31,16285
6,19,31,16286
1,7,14,16287
0,0,3,16288
8,13,26,16289
6,22,41,16290
10,10,18,16291
2,21,30,16292
1,1,2,16293
1,6,14,16294
10,19,29,16295
5,30,66,16296
10,16,21,16297
4,7,12,16298
7,17,28,16299
11,18,25,16300
10,10,18,16301
4,16,27,16302
6,11,23,16303
6,12,24,16304
1,14,34,16305
9,20,38,16306
6,15,28,16307
3,6,10,16308
5,19,40,16309
20,30,68,16310
5,18,34,16311
4,10,21,16312
8,28,49,16313
7,17,34,16314
8,19,26,16315
7,11,23,16316
4,16,27,16317
7,22,43,16318
4,12,25,16319
2,14,18,16320
17,21,45,16321
1,10,20,16322
16,18,42,16323
3,4,5,16324
1,4,5,16325
0,3,5,16326
16,21,45,16327
16,20,44,16328
3,4,5,16329
16,20,44,16330
1,5,11,16331
16,18,42,16332
16,20,44,16333
16,20,44,16334
11,20,44,16335
15,18,42,16336
16,20,44,16337
1,18,41,16338
15,19,43,16339
3,15,31,16340
3,4,5,16341
17,20,44,16342
17,20,44,16343
2,5,7,16344
2,8,11,16345
0,23,43,16346
1,4,5,16347
0,0,1,16348
0,3,4,16349
7,19,42,16350
0,3,5,16351
2,3,7,16352
1,4,5,16353
16,18,42,16354
15,19,43,16355
16,18,42,16356
16,18,42,16357
3,4,5,16358
2,5,11,16359
4,4,5,16360
1,4,5,16361
0,3,5,16362
15,20,44,16363
0,3,5,16364
2,7,10,16365
3,18,39,16366
18,24,48,16369
31,74,158,16370
3,19,32,16371
25,58,121,16372
8,15,34,16373
7,16,27,16374
28,71,148,16375
13,25,51,16376
7,7,19,16377
18,25,44,16378
6,16,33,16379
10,22,43,16380
17,22,39,16381
36,50,107,16382
14,19,44,16383
21,54,113,16384
9,29,55,16385
39,49,102,16386
8,16,36,16387
7,15,31,16388
13,25,47,16389
0,6,15,16390
5,36,71,16391
26,60,126,16392
1,28,52,16393
0,5,13,16394
7,13,32,16395
36,68,141,16396
6,34,74,16397
2,6,8,16398
13,24,45,16399
0,1,8,16400
10,22,43,16401
39,70,149,16402
18,23,42,16403
0,4,6,16404
15,20,44,16405
0,9,28,16406
6,16,33,16407
8,15,34,16408
23,54,110,16409
4,13,21,16410
28,66,135,16411
2,6,8,16412
10,22,43,16413
6,12,23,16414
6,12,22,16415
1,9,25,16416
10,15,35,16417
0,12,19,16418
13,28,52,16419
0,13,21,16420
9,16,31,16421
7,22,46,16422
14,18,42,16423
33,59,122,16424
22,49,106,16425
13,18,41,16426
18,21,35,16427
38,73,155,16428
22,54,114,16429
26,52,108,16430
30,75,160,16431
0,4,6,16432
18,26,47,16433
32,50,107,16434
10,17,37,16435
5,15,30,16436
10,22,43,16437
22,49,106,16438
15,20,44,16439
6,36,77,16440
2,10,23,16441
36,60,120,16442
14,70,151,16443
0,9,28,16444
33,46,100,16445
18,28,48,16446
1,19,32,16447
7,7,17,16448
10,28,54,16449
9,16,29,16450
11,16,36,16451
7,11,19,16452
5,12,24,16453
7,7,22,16454
8,13,32,16455
23,60,125,16456
2,15,31,16457
3,18,35,16458
22,49,106,16459
8,16,36,16460
4,8,11,16461
6,9,14,16462
3,10,15,16463
17,23,45,16464
2,6,8,16465
14,18,41,16466
1,1,1,16467
18,22,37,16468
0,0,2,16469
10,16,36,16470
6,18,37,16471
11,22,43,16472
1,2,8,16474
2,2,3,16475
1,15,24,16476
9,18,32,16477
6,29,55,16478
2,8,12,16479
7,38,77,16480
22,59,116,16481
39,66,140,16482
16,23,38,16483
3,11,17,16484
3,18,33,16485
12,23,43,16486
4,30,61,16487
16,22,38,16488
0,13,21,16489
2,11,18,16490
10,29,56,16491
18,25,44,16492
26,52,108,16493
38,73,155,16494
3,4,7,16495
1,1,2,16496
19,25,49,16497
3,4,7,16498
8,15,34,16499
0,0,0,16500
4,13,21,16501
10,22,43,16502
5,32,59,16503
36,50,107,16504
10,28,54,16505
2,41,91,16506
6,13,23,16507
36,68,141,16508
35,52,111,16509
5,48,97,16510
37,53,106,16511
18,28,48,16512
26,60,126,16513
18,23,42,16514
2,13,24,16515
9,30,56,16516
0,7,17,16517
7,7,17,16518
5,16,33,16519
21,59,121,16520
14,38,84,16521
7,10,16,16522
36,72,153,16523
23,54,110,16524
18,25,44,16525
22,56,111,16526
17,24,48,16527
18,26,47,16528
13,18,41,16529
4,13,23,16530
7,17,31,16531
14,18,42,16532
1,11,21,16533
39,66,140,16534
10,15,35,16535
36,65,136,16536
39,70,151,16537
8,27,48,16538
2,4,9,16539
10,28,50,16540
2,2,7,16541
23,66,139,16542
10,15,35,16543
11,49,108,16544
6,13,23,16545
7,64,142,16546
40,58,119,16547
25,62,129,16548
23,54,110,16549
7,11,21,16550
24,49,106,16551
8,29,56,16552
33,46,100,16553
33,46,100,16554
14,18,42,16555
7,17,31,16556
1,3,9,16557
25,59,120,16558
10,16,36,16559
12,24,44,16560
6,16,33,16561
25,61,122,16562
38,73,155,16563
7,27,49,16564
17,23,45,16565
10,28,54,16566
22,72,152,16567
6,17,38,16568
4,11,18,16569
20,42,93,16570
21,59,121,16571
17,26,50,16572
7,13,23,16573
32,50,107,16574
4,7,8,16575
37,48,101,16576
1,5,15,16577
2,22,35,16578
11,22,44,16579
9,25,45,16580
28,66,135,16581
28,66,135,16582
12,64,132,16583
0,9,28,16584
0,6,12,16585
3,11,16,16586
20,42,93,16587
19,25,49,16588
8,56,134,16589
19,43,91,16590
4,7,16,16591
22,59,116,16592
18,22,40,16593
5,5,9,16594
6,15,32,16595
14,19,43,16596
10,18,33,16597
15,38,83,16598
26,55,115,16599
21,58,120,16600
1,24,43,16601
32,55,117,16602
19,25,49,16603
15,38,83,16604
7,64,143,16605
13,25,51,16606
39,49,102,16607
31,45,96,16608
31,71,146,16609
5,9,13,16610
16,20,44,16611
10,22,43,16612
3,4,7,16613
17,22,39,16614
26,55,115,16615
2,38,75,16616
8,15,34,16617
2,10,21,16618
37,46,97,16619
35,67,138,16620
32,50,107,16621
1,1,1,16622
9,25,50,16623
3,4,7,16624
0,18,32,16625
4,12,30,16626
39,61,125,16627
7,15,33,16628
8,26,57,16629
7,13,30,16630
1,7,17,16631
9,32,55,16632
11,20,42,16633
10,19,44,16634
27,33,55,16636
12,20,44,16637
1,29,60,16638
3,5,8,16639
13,29,64,16640
6,25,40,16641
26,39,83,16642
1,33,56,16643
9,12,28,16644
1,10,21,16645
11,34,72,16646
13,30,65,16647
11,26,53,16648
18,47,92,16649
27,38,63,16650
3,5,8,16651
9,37,62,16652
10,40,64,16653
12,19,44,16654
1,3,13,16655
12,34,59,16656
15,23,48,16657
17,45,94,16658
9,12,20,16659
6,23,54,16660
28,39,70,16661
8,12,28,16662
5,31,59,16663
8,12,28,16664
3,5,8,16665
6,25,40,16666
6,19,36,16667
24,38,78,16668
1,3,9,16669
11,28,62,16670
26,33,58,16671
4,19,38,16672
13,22,45,16673
16,36,80,16674
1,3,13,16675
23,46,85,16676
11,28,62,16677
11,16,33,16678
12,19,44,16679
11,20,46,16680
1,3,13,16681
9,12,21,16682
3,5,8,16683
9,14,24,16684
6,23,55,16685
1,13,29,16686
12,32,66,16687
11,28,54,16688
5,41,71,16689
17,43,91,16690
15,24,56,16691
1,3,13,16692
9,37,62,16693
11,28,55,16694
23,37,75,16695
23,37,82,16696
1,33,56,16697
27,33,55,16698
9,14,33,16699
26,47,88,16700
17,53,103,16701
21,50,100,16702
24,37,79,16703
25,38,80,16704
27,40,69,16705
9,14,33,16706
8,41,80,16707
10,15,32,16708
1,2,8,16709
8,13,29,16710
12,19,45,16711
1,1,5,16712
22,52,101,16713
26,47,88,16714
4,5,10,16715
27,33,55,16717
15,19,45,16718
15,21,50,16719
3,10,25,16720
10,18,39,16721
10,15,35,16722
1,2,6,16723
2,37,79,16724
7,28,43,16725
22,52,101,16726
15,18,43,16727
3,14,30,16728
15,24,56,16729
12,14,39,16730
1,2,10,16731
9,12,28,16732
2,11,25,16733
16,38,84,16735
27,45,86,16736
5,10,26,16737
27,39,69,16738
27,48,88,16739
4,18,37,16740
0,1,2,16741
15,19,44,16742
16,29,61,16744
12,22,48,16745
9,11,25,16746
27,40,69,16747
16,19,43,16748
12,20,46,16749
20,41,89,16750
0,2,6,16751
17,55,108,16752
12,18,38,16753
7,7,20,16754
23,37,82,16755
24,37,79,16756
5,19,42,16757
24,37,79,16758
21,50,100,16759
1,13,29,16760
2,17,35,16761
8,26,57,16762
4,20,38,16763
16,36,80,16765
1,11,25,16766
1,3,9,16767
11,27,53,16768
13,46,94,16770
2,15,32,16771
16,36,80,16772
11,32,56,16773
16,34,65,16774
16,38,82,16775
26,46,82,16776
12,19,44,16777
1,2,8,16778
11,28,62,16779
6,23,55,16780
12,15,38,16781
22,29,73,16782
5,19,43,16783
22,52,101,16784
12,22,48,16785
3,13,32,16786
24,37,79,16787
6,17,36,16788
2,18,47,16790
27,48,88,16791
18,47,92,16792
8,12,28,16793
12,14,38,16795
21,50,100,16796
1,2,3,16797
11,15,35,16798
9,27,48,16799
11,18,37,16801
13,25,52,16802
10,32,56,16803
1,22,51,16804
5,31,59,16805
7,7,20,16806
3,3,6,16808
6,14,36,16809
21,28,69,16810
26,45,89,16811
12,20,46,16812
23,46,85,16813
27,40,69,16814
21,30,68,16815
1,2,10,16816
26,46,82,16817
2,15,32,16818
7,7,20,16819
11,27,55,16820
28,33,55,16821
13,15,38,16822
2,39,75,16823
1,14,29,16824
17,55,107,16825
17,55,107,16826
16,55,109,16827
15,19,43,16829
7,7,20,16830
10,39,63,16831
12,18,38,16832
25,41,81,16833
6,25,40,16834
19,55,108,16835
15,26,52,16836
26,39,83,16837
5,18,35,16838
12,19,45,16839
16,39,84,16840
27,52,97,16841
9,36,60,16842
9,14,24,16843
2,27,62,16844
9,12,28,16845
9,14,38,16846
24,31,72,16847
9,14,33,16848
11,19,39,16849
7,26,57,16850
3,3,12,16851
10,14,32,16852
7,8,22,16853
22,52,105,16854
2,17,35,16855
3,3,12,16856
12,32,66,16857
1,1,2,16859
12,19,45,16860
10,15,35,16861
10,18,43,16862
23,41,84,16863
10,32,53,16864
27,45,86,16865
9,37,62,16868
2,18,35,16869
9,26,42,16870
0,2,6,16871
1,13,35,16872
8,12,28,16873
11,19,37,16874
11,28,62,16875
21,28,69,16876
11,38,65,16877
9,26,41,16878
10,27,52,16879
29,50,93,16880
7,34,56,16881
2,5,10,16882
15,24,56,16883
9,12,28,16884
10,18,38,16885
1,5,12,16886
7,7,20,16887
1,17,40,16888
6,20,42,16889
5,34,59,16890
12,18,38,16891
26,44,80,16892
1,35,79,16894
27,41,89,16895
0,1,2,16896
16,32,64,16897
16,22,49,16898
16,29,61,16899
11,18,43,16900
10,22,47,16901
21,52,103,16902
11,31,67,16903
22,38,85,16904
8,24,60,16905
17,34,55,16906
10,13,30,16907
10,13,30,16908
9,40,64,16909
11,28,54,16910
11,28,55,16911
9,14,32,16912
15,33,57,16913
12,18,38,16914
11,46,83,16915
7,7,20,16916
10,32,56,16917
5,29,69,16918
9,14,33,16919
17,42,66,16920
3,3,6,16921
2,18,35,16922
12,18,38,16923
12,22,52,16924
9,11,25,16925
28,33,55,16926
12,14,39,16927
27,45,86,16928
16,19,44,16929
8,36,86,16930
5,15,29,16931
21,52,103,16932
16,19,43,16933
9,11,25,16934
8,50,96,16935
12,14,38,16936
11,43,80,16937
4,27,53,16938
21,28,69,16939
9,50,99,16940
7,22,44,16941
5,15,29,16942
10,22,41,16943
9,26,41,16944
11,32,56,16945
20,43,90,16946
10,40,64,16947
12,14,39,16948
9,12,21,16949
21,52,103,16950
1,2,8,16951
26,46,82,16952
9,12,28,16953
23,36,80,16954
5,20,46,16955
27,33,55,16956
0,0,0,16957
15,23,48,16958
11,39,65,16959
2,14,31,16960
11,34,72,16961
11,16,33,16962
10,17,35,16963
5,7,16,16964
9,14,33,16965
11,48,99,16966
27,43,83,16967
20,43,95,16968
3,12,29,16969
13,30,65,16970
9,14,33,16971
16,39,84,16972
15,19,45,16973
9,14,33,16974
2,37,79,16975
27,45,89,16976
5,19,36,16977
9,11,25,16978
8,16,32,16979
16,55,109,16980
14,26,51,16981
10,13,32,16982
28,49,97,16983
23,39,86,16984
7,7,20,16985
13,15,38,16986
21,50,100,16987
9,11,26,16988
5,13,31,16989
6,20,40,16990
19,55,108,16991
5,41,71,16992
6,17,35,16993
10,46,83,16994
12,29,66,16995
12,19,44,16996
27,45,86,16997
27,45,90,16998
1,1,1,16999
6,15,33,17000
9,19,45,17001
11,26,51,17002
7,38,64,17003
13,28,61,17004
15,19,45,17006
24,37,79,17007
15,18,43,17008
11,50,99,17009
6,27,46,17010
16,37,80,17011
1,6,16,17012
3,3,6,17013
27,44,84,17014
16,34,65,17015
11,20,43,17016
9,14,33,17017
7,7,20,17018
12,25,49,17019
6,17,35,17020
26,47,88,17021
1,2,9,17022
27,38,69,17023
14,27,54,17024
15,19,43,17025
14,40,64,17026
11,26,53,17027
9,12,21,17028
26,44,87,17029
25,32,54,17030
15,39,86,17031
4,5,10,17032
1,2,9,17033
10,46,93,17034
7,8,21,17035
16,19,43,17036
11,28,54,17037
28,33,55,17038
3,5,8,17039
11,17,35,17040
9,14,24,17041
12,14,38,17042
10,46,95,17043
24,28,68,17044
3,3,12,17045
15,19,45,17046
10,19,44,17047
12,18,38,17048
15,19,45,17049
1,11,24,17050
25,28,68,17051
1,33,56,17052
21,52,103,17053
10,27,47,17054
12,19,45,17055
9,48,95,17056
1,33,65,17057
11,33,70,17058
27,47,89,17059
4,47,91,17060
6,14,21,17061
12,22,46,17063
6,12,30,17064
10,15,35,17065
26,45,89,17067
12,18,37,17068
4,5,10,17069
27,52,97,17070
8,18,35,17071
10,14,29,17072
1,4,20,17073
8,13,31,17074
9,14,24,17075
14,26,52,17076
3,5,15,17077
11,13,30,17078
11,15,30,17079
6,19,34,17080
6,43,84,17081
16,19,44,17082
3,16,35,17083
1,1,2,17084
3,3,9,17085
8,26,57,17086
5,7,15,17087
27,45,86,17088
1,4,13,17089
27,33,55,17090
27,38,63,17092
8,16,35,17093
28,40,67,17094
16,41,88,17095
17,55,107,17096
2,11,25,17097
16,19,42,17098
12,18,38,17099
20,43,90,17100
11,30,65,17101
20,41,89,17102
9,49,99,17103
17,43,91,17104
0,6,12,17105
17,55,107,17106
4,55,111,17107
11,20,46,17108
15,33,57,17109
20,43,95,17110
20,43,90,17111
27,45,86,17112
11,50,99,17113
17,41,65,17114
9,37,62,17115
21,50,100,17116
23,37,82,17117
1,35,79,17118
19,50,100,17119
7,8,21,17120
13,44,80,17121
24,36,77,17122
5,12,26,17123
16,33,56,17124
23,41,84,17125
22,45,84,17126
11,46,82,17127
11,29,56,17128
3,3,6,17129
9,12,28,17130
9,52,82,17131
9,12,20,17132
12,19,44,17133
13,30,68,17134
19,46,95,17135
8,20,43,17136
11,22,48,17137
15,35,69,17138
11,33,71,17139
27,38,63,17140
14,30,53,17141
9,11,25,17142
4,19,38,17143
17,55,108,17144
10,17,35,17145
11,23,49,17146
15,35,69,17147
15,18,43,17148
24,38,80,17149
1,8,23,17150
3,5,10,17151
15,24,56,17152
12,19,45,17153
10,14,28,17154
23,46,85,17155
9,14,38,17158
23,46,85,17159
5,15,29,17160
6,20,34,17161
26,44,87,17162
11,32,57,17163
16,19,43,17164
9,11,25,17165
16,39,84,17166
5,18,40,17168
12,15,38,17169
2,39,75,17170
17,37,80,17171
11,15,35,17172
4,55,111,17174
10,14,32,17175
7,12,28,17176
13,26,53,17177
5,19,43,17178
27,46,87,17179
6,17,36,17180
9,26,42,17181
2,28,65,17182
12,22,48,17183
23,46,85,17184
11,15,35,17185
12,19,44,17186
2,43,89,17187
7,55,108,17188
3,3,6,17189
14,33,58,17190
9,40,64,17191
3,26,56,17192
9,12,28,17193
8,11,22,17194
9,49,99,17195
11,28,65,17197
27,33,55,17198
29,33,55,17199
12,21,46,17200
27,44,84,17201
10,46,93,17202
22,41,84,17203
5,12,28,17204
2,14,32,17205
4,26,54,17206
11,31,67,17207
1,14,28,17209
28,36,59,17210
23,39,81,17211
11,23,49,17212
27,33,55,17213
16,19,43,17214
23,44,81,17215
2,8,22,17216
12,19,45,17217
6,12,28,17218
9,14,33,17219
13,47,97,17220
1,2,6,17221
9,47,92,17222
10,13,30,17223
26,45,89,17224
28,36,59,17225
11,46,82,17226
1,29,60,17227
27,33,55,17228
8,10,19,17229
3,16,35,17230
1,20,44,17231
19,23,49,17232
20,22,48,17233
1,20,44,17234
19,23,49,17235
20,22,48,17236
19,23,49,17237
20,23,49,17238
1,21,42,17239
20,22,48,17240
1,20,44,17241
20,23,49,17242
20,22,48,17243
19,23,49,17244
20,23,49,17245
12,22,48,17246
7,9,15,17247
0,2,5,17248
20,22,48,17249
7,9,14,17250
8,10,20,17252
8,10,19,17253
20,23,49,17254
19,23,49,17255
20,23,48,17256
0,0,2,17257
20,23,49,17258
19,23,49,17259
20,22,48,17260
8,20,45,17262
12,22,46,17263
9,39,66,17264
8,33,70,17265
13,23,44,17266
7,38,76,17267
13,23,44,17268
12,30,69,17269
13,23,44,17270
6,37,75,17271
9,40,68,17272
7,38,76,17273
11,30,65,17274
17,24,45,17275
13,23,44,17276
11,37,67,17277
2,10,17,17278
12,33,72,17279
12,35,77,17280
10,41,69,17281
8,11,23,17282
10,27,48,17283
7,14,26,17284
2,10,17,17285
6,32,56,17286
12,22,46,17287
9,27,62,17288
0,0,2,17289
7,32,68,17290
8,33,75,17291
11,34,73,17292
13,31,72,17293
7,39,68,17294
10,26,59,17295
5,25,58,17296
13,33,74,17297
6,34,61,17298
6,37,75,17299
12,33,73,17300
6,29,60,17301
12,22,46,17302
11,32,72,17303
7,18,34,17304
16,20,45,17305
7,35,63,17306
16,28,61,17307
12,28,61,17308
13,23,44,17309
7,18,34,17310
7,36,75,17311
10,27,48,17312
13,22,43,17313
10,34,74,17314
8,31,64,17315
7,19,33,17316
7,35,74,17317
16,28,66,17318
3,29,51,17319
9,40,67,17320
8,33,75,17321
13,22,43,17322
7,35,63,17323
13,23,44,17324
8,23,42,17325
17,26,60,17326
9,40,68,17327
11,34,77,17328
7,19,33,17329
15,34,75,17330
9,40,68,17331
14,38,64,17332
13,22,43,17333
5,31,64,17334
7,35,74,17335
9,35,78,17336
7,30,65,17337
6,27,52,17338
8,40,66,17339
5,16,27,17340
14,24,54,17341
9,31,65,17342
6,32,59,17343
13,22,43,17344
16,26,60,17345
7,14,27,17346
7,14,27,17347
5,18,28,17348
11,23,56,17349
5,31,64,17350
13,24,45,17351
10,29,69,17352
15,32,72,17353
4,23,45,17354
8,34,73,17355
6,14,29,17356
10,32,69,17357
8,12,24,17358
11,20,46,17359
6,32,56,17360
7,37,76,17361
5,16,28,17362
13,39,65,17363
7,38,76,17364
7,35,63,17365
8,13,25,17366
7,32,68,17367
10,28,63,17368
17,26,60,17369
8,12,23,17370
5,16,27,17371
10,31,67,17372
2,10,17,17373
7,42,69,17374
7,19,33,17375
15,28,65,17376
13,23,44,17377
16,20,45,17378
10,35,78,17379
1,1,4,17380
7,19,33,17381
7,18,34,17382
7,35,74,17383
6,36,74,17384
6,29,60,17385
13,24,45,17386
18,24,57,17387
8,8,15,17388
1,1,2,17389
8,15,47,17390
2,15,53,17391
8,9,14,17392
12,18,26,17395
0,2,5,17402
0,1,2,17403
4,5,6,17404
11,22,40,17405
4,4,7,17406
3,5,12,17407
11,22,40,17408
4,5,6,17409
1,3,7,17410
9,10,15,17411
4,11,18,17412
6,14,25,17413
7,8,15,17414
6,19,59,17415
7,17,52,17416
0,0,1,17417
0,0,2,17418
7,15,25,17419
8,9,24,17420
14,25,46,17421
7,15,28,17422
15,22,43,17423
6,11,25,17424
7,15,28,17425
0,1,2,17426
2,6,7,17427
2,2,8,17428
2,16,50,17429
7,13,44,17430
8,10,17,17431
4,11,18,17432
8,9,24,17433
1,10,13,17434
15,22,43,17435
26,30,67,17436
2,13,17,17437
8,9,14,17438
26,30,65,17439
0,4,20,17440
7,8,15,17441
9,11,17,17442
7,14,25,17443
8,12,22,17444
1,4,5,17445
13,23,41,17446
8,30,51,17447
5,5,12,17449
6,13,34,17450
8,15,47,17451
7,15,28,17452
8,9,24,17453
7,15,28,17454
6,16,24,17455
15,22,43,17456
1,7,12,17457
2,3,7,17458
2,9,18,17459
13,22,40,17460
3,15,47,17461
8,9,24,17462
9,10,16,17463
1,1,1,17464
7,13,28,17465
3,13,23,17466
8,9,14,17467
13,25,42,17468
8,9,14,17469
2,8,16,17470
4,4,5,17471
26,30,65,17472
6,14,25,17473
3,4,7,17474
3,4,7,17475
8,9,14,17476
9,11,20,17477
7,16,25,17478
4,4,7,17479
6,10,18,17480
4,5,12,17481
14,25,41,17483
3,5,12,17484
2,15,53,17485
6,19,59,17486
7,16,45,17487
4,4,7,17488
4,4,5,17489
4,8,12,17490
6,13,34,17491
27,30,66,17492
3,4,7,17493
7,15,23,17494
6,13,34,17495
2,9,16,17496
6,9,24,17497
6,11,26,17498
3,9,34,17499
2,9,16,17500
7,15,28,17501
4,10,14,17502
13,18,26,17503
2,9,13,17504
7,17,51,17505
6,16,24,17506
8,8,15,17507
3,13,22,17508
2,2,8,17509
2,4,7,17510
4,9,13,17511
4,4,7,17512
9,10,17,17513
12,18,26,17514
5,14,25,17515
4,5,8,17516
4,5,6,17517
15,24,45,17518
7,17,52,17519
4,4,5,17520
15,22,42,17521
4,11,18,17522
7,15,24,17523
13,23,41,17524
3,5,13,17525
4,4,7,17526
7,13,28,17527
1,15,27,17528
0,7,15,17529
7,14,24,17530
2,8,17,17531
6,11,25,17532
14,22,42,17533
14,18,34,17534
2,3,7,17535
6,16,23,17536
2,8,16,17537
3,5,12,17538
7,16,46,17539
4,11,20,17540
7,12,22,17541
4,4,5,17542
6,14,25,17543
6,16,24,17544
28,32,71,17545
9,10,15,17546
4,5,12,17547
4,6,7,17548
4,14,20,17549
5,12,21,17550
27,30,66,17551
26,30,66,17552
4,4,5,17553
3,14,43,17554
4,5,6,17555
1,2,6,17556
4,4,7,17557
4,9,13,17558
12,24,41,17559
13,18,26,17560
15,22,43,17561
7,16,25,17562
14,18,36,17563
5,15,40,17564
28,30,67,17565
1,15,27,17566
4,12,21,17567
13,25,42,17568
5,23,61,17569
13,24,50,17570
2,8,16,17571
7,17,26,17572
27,30,65,17573
2,13,16,17574
3,13,23,17575
4,15,22,17576
4,5,8,17577
7,15,25,17578
0,3,9,17579
8,19,36,17580
15,22,43,17581
26,30,66,17582
8,10,17,17583
8,9,24,17584
5,14,19,17585
28,32,71,17586
26,30,65,17587
4,4,7,17588
7,16,24,17589
8,9,24,17590
4,5,9,17591
28,30,66,17592
3,12,21,17593
14,23,41,17594
6,11,25,17595
4,10,22,17596
3,21,43,17597
27,30,65,17598
14,18,36,17599
9,16,25,17600
13,23,41,17601
14,19,40,17602
4,10,22,17603
2,6,25,17604
2,6,26,17605
28,32,72,17606
26,30,65,17607
1,1,2,17608
13,23,41,17609
8,9,24,17610
13,18,26,17611
4,11,20,17612
6,9,24,17613
2,3,6,17614
26,30,66,17615
2,6,26,17616
6,10,17,17617
15,22,43,17618
3,21,43,17619
0,1,1,17620
3,28,52,17621
6,10,15,17622
8,9,25,17623
8,27,47,17624
9,11,17,17625
4,9,13,17626
4,4,7,17627
12,24,41,17628
0,0,3,17629
2,7,10,17630
3,4,7,17631
9,10,17,17632
8,16,25,17633
9,10,17,17634
0,1,2,17635
3,4,7,17636
6,10,16,17637
0,7,15,17638
6,10,17,17639
3,9,13,17640
1,8,17,17641
1,4,6,17642
0,1,2,17643
2,2,8,17644
13,23,41,17645
4,8,12,17646
11,22,40,17647
5,9,13,17648
0,1,2,17649
3,4,7,17650
4,4,7,17651
12,18,26,17652
9,11,19,17653
13,23,41,17654
7,15,24,17655
10,18,26,17656
8,9,16,17657
3,4,7,17658
15,22,43,17659
9,10,16,17660
0,1,2,17661
12,18,26,17662
5,10,14,17663
27,30,65,17664
28,32,74,17665
2,6,26,17666
12,19,37,17667
26,30,65,17668
0,7,16,17669
7,14,23,17670
13,18,26,17671
8,15,47,17672
2,9,14,17673
10,31,70,17674
8,15,47,17675
3,9,30,17676
1,11,26,17677
3,21,43,17678
5,19,32,17679
1,1,1,17680
7,8,15,17681
8,24,41,17682
3,9,20,17683
8,13,19,17684
9,23,39,17685
6,10,22,17686
1,2,4,17687
12,19,28,17688
1,9,23,17689
6,21,39,17690
4,9,21,17691
11,24,40,17692
7,21,37,17693
15,24,36,17694
8,13,17,17695
4,14,28,17696
11,21,39,17697
2,4,12,17698
1,16,31,17699
6,10,22,17700
7,24,41,17701
7,19,35,17702
7,24,41,17703
6,22,38,17704
7,22,38,17705
12,19,27,17706
1,2,4,17707
0,9,12,17708
10,18,27,17709
6,22,39,17710
2,9,14,17711
11,21,39,17712
5,16,30,17713
0,11,24,17714
4,16,30,17715
7,16,31,17716
4,12,19,17717
7,15,22,17718
7,21,37,17719
4,14,28,17722
6,22,39,17723
0,13,27,17724
7,24,41,17725
7,15,22,17726
3,13,29,17727
1,10,16,17728
9,18,26,17729
5,7,8,17730
8,13,20,17731
0,2,6,17732
12,23,36,17733
10,23,38,17734
5,10,23,17735
11,24,40,17736
5,8,9,17737
6,22,38,17738
7,21,38,17739
11,21,39,17740
12,23,36,17741
12,23,36,17742
6,10,22,17743
11,21,39,17744
4,18,35,17745
10,11,15,17746
5,7,8,17747
3,12,28,17748
8,21,38,17749
1,15,32,17750
10,18,27,17751
7,21,38,17752
7,10,24,17753
0,13,20,17754
1,2,4,17755
1,2,4,17756
5,7,8,17757
2,6,16,17758
8,12,16,17759
2,6,6,17760
8,12,16,17761
3,13,22,17762
7,21,37,17763
7,16,24,17764
7,21,37,17765
4,9,18,17766
5,19,34,17767
7,12,19,17768
4,14,28,17769
7,15,22,17770
11,21,36,17771
9,19,27,17772
4,11,17,17773
7,11,15,17774
12,19,27,17775
6,7,13,17776
1,1,2,17777
4,6,11,17778
16,18,37,17779
5,6,11,17780
31,37,77,17781
6,6,9,17782
5,11,27,17783
5,7,20,17784
1,9,11,17785
0,0,1,17786
5,28,44,17787
3,19,32,17788
5,13,30,17789
11,17,32,17790
16,52,78,17792
14,39,80,17793
34,37,75,17794
31,37,77,17795
12,24,53,17796
2,25,68,17797
1,6,10,17798
9,26,48,17799
11,18,37,17800
10,19,39,17801
12,33,48,17802
7,8,14,17803
13,35,71,17804
7,8,14,17806
15,34,52,17807
11,31,46,17808
2,5,9,17811
7,8,14,17812
6,6,9,17813
16,35,71,17814
19,56,87,17815
17,35,71,17816
16,52,77,17817
6,6,9,17818
11,14,24,17819
10,17,29,17820
15,52,77,17821
10,11,18,17822
7,10,19,17823
16,45,88,17824
2,17,44,17825
7,32,64,17826
3,3,5,17827
5,13,30,17828
26,39,85,17829
20,35,53,17830
17,18,37,17831
7,9,15,17832
3,3,5,17833
26,44,65,17834
7,24,35,17835
10,21,31,17836
11,14,24,17837
10,11,18,17838
14,41,76,17839
7,10,19,17840
5,5,9,17841
26,39,85,17842
15,52,77,17843
7,13,23,17844
5,23,36,17845
10,36,56,17846
11,19,39,17847
26,39,85,17848
26,39,85,17849
7,10,19,17850
26,39,85,17851
11,35,71,17852
17,35,71,17853
10,19,39,17854
10,18,30,17855
10,19,39,17856
12,18,30,17857
7,8,14,17858
11,13,24,17859
13,46,88,17860
14,22,34,17861
14,42,81,17862
3,3,8,17863
13,35,71,17864
22,39,85,17865
0,11,18,17866
10,12,22,17867
16,35,71,17868
13,50,75,17869
2,5,9,17870
12,35,52,17871
10,11,16,17872
26,39,85,17873
13,50,75,17874
7,13,23,17875
15,17,29,17876
16,35,71,17877
11,13,23,17878
7,13,23,17879
22,39,85,17880
12,33,48,17881
10,19,39,17882
24,35,71,17883
16,18,37,17884
1,7,19,17885
10,11,17,17886
5,11,27,17887
12,13,23,17888
16,52,80,17889
3,5,9,17890
2,14,24,17891
26,39,85,17892
22,39,85,17893
7,30,49,17894
3,3,5,17895
6,21,38,17896
10,14,24,17897
10,11,17,17898
2,8,14,17899
14,37,67,17900
5,6,7,17901
7,8,14,17902
3,3,5,17903
1,9,16,17904
7,8,14,17905
3,3,5,17906
13,18,31,17907
11,31,46,17908
6,10,18,17909
1,1,2,17910
17,35,71,17911
10,11,17,17912
24,38,57,17913
12,18,37,17914
7,8,14,17915
12,18,30,17916
22,39,85,17917
12,35,52,17918
5,12,17,17919
17,38,79,17920
7,8,14,17921
26,39,85,17922
35,35,71,17923
6,43,86,17924
5,11,14,17925
14,31,47,17926
16,18,30,17927
7,18,30,17928
6,6,9,17929
14,35,52,17930
12,18,30,17931
16,18,30,17932
15,18,30,17933
2,18,45,17934
5,13,30,17935
22,39,85,17936
14,22,34,17937
22,39,85,17939
10,15,24,17940
2,24,66,17941
5,5,9,17942
26,39,85,17943
12,26,57,17945
16,52,77,17946
9,24,54,17947
9,24,54,17948
6,6,9,17949
6,16,38,17950
6,22,47,17951
26,39,85,17952
26,39,85,17953
6,13,23,17954
9,22,46,17955
18,35,71,17956
7,34,55,17957
2,17,44,17958
12,14,24,17959
26,39,85,17960
6,22,49,17961
31,37,77,17962
31,37,77,17963
7,10,17,17964
13,17,29,17965
17,35,71,17966
0,0,0,17968
3,5,9,17969
16,18,37,17970
17,43,83,17971
16,52,80,17972
22,39,85,17973
5,12,17,17974
14,35,52,17975
12,33,48,17976
3,5,7,17977
14,41,77,17978
10,11,18,17979
1,1,2,17980
13,46,88,17981
14,31,47,17982
6,6,9,17983
2,8,14,17984
3,5,7,17986
14,41,76,17987
10,11,17,17988
1,6,21,17989
7,24,35,17990
4,7,8,17991
12,18,37,17992
7,24,37,17993
7,18,30,17994
14,42,81,17995
16,44,85,17996
16,35,52,17997
13,43,66,17998
17,43,84,18000
15,17,32,18002
12,39,69,18003
15,18,37,18004
0,6,12,18006
14,42,81,18007
7,8,14,18008
2,19,48,18009
5,11,27,18010
14,37,67,18011
10,14,24,18012
26,39,85,18013
7,10,19,18014
2,19,48,18015
2,5,9,18016
13,50,75,18017
26,38,81,18018
26,39,85,18019
16,18,37,18020
18,37,54,18021
26,39,85,18022
16,52,80,18023
6,8,14,18024
15,18,30,18025
13,46,73,18026
3,8,11,18027
16,18,37,18028
38,46,91,18029
11,17,41,18030
1,2,4,18031
38,47,94,18032
38,46,92,18033
39,46,91,18034
38,48,96,18035
1,8,17,18036
38,46,91,18037
37,48,94,18038
39,47,93,18039
41,46,92,18040
4,49,88,18041
9,17,33,18042
38,46,92,18043
38,46,92,18044
38,46,91,18045
11,17,39,18046
39,47,93,18047
11,17,33,18048
4,12,25,18049
11,17,39,18050
38,46,92,18051
5,5,8,18052
3,16,36,18053
41,47,93,18054
3,21,41,18055
38,46,91,18056
2,18,28,18057
13,49,93,18058
4,18,35,18059
38,47,95,18060
4,14,28,18061
2,2,4,18062
4,7,14,18063
2,3,8,18064
38,47,95,18065
39,45,89,18066
38,45,89,18067
2,5,10,18068
38,46,92,18069
38,46,91,18070
32,45,89,18071
1,22,46,18072
4,49,88,18073
11,17,41,18074
2,18,42,18075
37,45,91,18076
11,16,38,18077
38,46,92,18078
4,14,26,18079
2,15,23,18080
15,53,108,18081
38,47,94,18082
10,20,35,18083
15,53,108,18084
4,7,14,18085
3,5,11,18086
1,10,20,18087
38,46,91,18088
11,17,39,18089
13,16,36,18090
38,48,96,18091
38,48,96,18092
38,46,93,18093
38,46,91,18094
38,46,92,18095
39,46,91,18096
9,24,42,18097
39,47,93,18098
2,21,47,18099
38,48,96,18100
9,19,35,18101
11,16,38,18102
32,45,89,18104
3,19,38,18105
11,17,41,18106
4,49,88,18108
38,46,92,18109
3,50,103,18110
37,45,91,18111
2,16,36,18112
4,6,10,18113
37,48,94,18114
2,47,89,18115
11,17,41,18116
11,17,41,18117
38,46,92,18118
2,19,43,18119
17,42,82,18120
11,17,41,18121
3,25,55,18122
10,19,34,18123
7,21,39,18124
10,20,36,18125
1,38,74,18126
10,23,39,18127
3,15,35,18128
5,17,30,18129
2,39,78,18130
38,46,92,18131
39,46,90,18132
7,24,42,18133
11,16,38,18134
3,50,103,18135
4,13,22,18136
41,47,93,18137
11,17,38,18138
5,18,32,18139
3,38,71,18140
11,16,38,18141
4,14,26,18142
3,16,36,18143
5,5,8,18144
4,18,32,18145
5,5,8,18146
37,45,91,18147
11,16,38,18148
2,5,10,18149
38,47,94,18150
38,46,92,18151
1,3,7,18152
1,3,7,18153
15,28,61,18154
11,14,26,18155
5,8,17,18156
4,14,33,18157
5,8,11,18158
6,8,18,18159
4,8,17,18161
8,26,55,18162
4,8,11,18163
6,13,34,18164
11,17,31,18175
4,22,43,18176
9,13,27,18177
7,13,32,18178
7,39,85,18179
13,20,35,18180
4,8,17,18181
9,14,35,18182
4,13,22,18183
7,13,32,18184
5,8,18,18185
12,16,32,18186
12,17,37,18187
5,8,11,18188
15,37,80,18189
7,11,30,18190
5,8,11,18191
5,23,46,18192
12,16,28,18193
15,28,61,18194
15,28,61,18195
5,22,46,18196
7,8,17,18197
6,13,33,18198
12,29,65,18199
2,3,7,18200
6,8,17,18201
7,39,85,18202
12,17,32,18203
5,8,18,18204
12,16,35,18205
2,3,7,18206
4,7,15,18207
5,26,50,18208
5,23,46,18209
4,31,65,18210
10,25,52,18211
9,25,54,18213
17,34,71,18214
8,14,35,18215
7,39,85,18216
7,8,17,18217
6,9,13,18218
47,73,155,18219
19,86,162,18220
11,50,119,18223
19,86,162,18224
65,91,191,18225
47,73,155,18226
1,11,27,18227
25,72,156,18228
6,41,106,18229
35,81,172,18230
66,91,191,18231
65,91,191,18232
6,36,82,18233
7,9,17,18234
8,28,51,18235
49,86,179,18236
13,19,36,18237
7,7,15,18238
2,4,22,18239
66,90,190,18240
65,83,169,18242
53,79,170,18244
56,91,179,18245
64,87,178,18246
53,79,170,18247
10,23,41,18248
53,79,170,18249
10,19,42,18250
6,12,19,18251
5,12,16,18252
20,71,150,18253
20,52,97,18254
5,7,17,18255
8,11,29,18256
6,12,19,18257
35,81,172,18258
19,75,139,18259
46,81,171,18260
53,79,170,18261
20,52,97,18262
12,15,27,18263
20,32,59,18264
35,81,172,18265
3,21,76,18266
47,73,155,18267
12,19,36,18268
3,14,47,18269
53,79,170,18270
12,23,45,18271
8,11,30,18272
11,57,127,18273
7,7,15,18274
19,66,122,18275
35,81,172,18276
3,11,23,18277
19,61,113,18278
19,73,132,18279
47,73,155,18280
8,26,43,18281
13,19,36,18282
61,80,168,18283
55,88,179,18284
9,23,43,18285
8,28,48,18286
35,81,172,18287
8,45,109,18288
22,85,161,18289
61,80,168,18290
2,7,31,18291
58,86,176,18292
66,88,184,18293
56,91,179,18294
10,19,39,18295
3,61,128,18296
6,41,106,18297
3,4,22,18298
19,26,48,18299
9,24,39,18300
66,90,190,18301
56,91,179,18302
66,90,190,18303
3,10,22,18304
58,92,189,18305
61,87,179,18306
20,71,150,18307
4,46,98,18308
2,2,2,18309
10,21,38,18310
19,26,48,18311
20,71,150,18312
21,90,176,18313
31,80,171,18314
12,23,46,18315
55,88,179,18316
20,71,150,18317
65,86,177,18318
61,80,168,18319
11,25,42,18320
66,88,184,18321
11,50,119,18322
3,25,68,18323
55,88,179,18324
0,8,31,18325
11,45,113,18326
53,79,170,18327
2,19,34,18328
65,91,190,18329
25,72,156,18330
5,28,50,18331
10,45,111,18332
45,83,176,18333
34,79,169,18334
62,90,187,18335
56,91,179,18336
65,92,193,18337
65,83,169,18338
2,5,26,18339
65,91,190,18340
11,45,113,18341
7,9,18,18342
8,18,37,18344
12,23,45,18345
12,15,27,18346
12,28,44,18347
6,15,28,18348
12,19,38,18349
9,22,39,18350
11,25,42,18351
13,19,36,18352
2,5,27,18353
2,5,26,18354
12,23,46,18355
10,19,37,18356
2,17,63,18357
6,41,106,18358
11,45,113,18359
12,19,41,18362
12,19,36,18364
11,19,41,18365
11,22,40,18366
11,14,24,18367
12,23,45,18368
2,17,63,18369
31,80,171,18370
66,84,180,18371
5,28,50,18372
2,5,26,18373
11,20,33,18374
2,4,10,18375
11,22,35,18376
10,19,37,18377
15,23,41,18378
10,20,33,18379
12,23,46,18380
10,19,36,18381
2,5,27,18382
12,19,38,18383
56,87,175,18384
8,23,39,18385
7,9,25,18386
7,24,56,18387
0,4,10,18388
8,36,76,18389
8,8,17,18390
15,43,84,18391
9,29,62,18392
6,28,53,18393
11,37,77,18394
24,34,67,18395
24,29,51,18396
24,35,70,18397
24,32,56,18398
4,8,19,18399
7,16,26,18400
2,6,15,18401
24,31,63,18402
4,11,20,18403
1,5,8,18404
4,7,12,18405
3,5,9,18406
8,27,48,18407
3,5,9,18408
13,44,82,18409
2,16,27,18410
1,1,1,18411
7,24,54,18412
4,7,14,18413
22,31,64,18414
7,24,44,18415
20,37,74,18416
8,25,58,18417
4,33,61,18418
15,16,29,18419
2,12,22,18420
6,6,10,18421
10,25,52,18422
5,42,81,18423
3,9,13,18424
2,23,41,18425
9,23,48,18426
13,24,57,18427
17,47,98,18428
9,28,50,18429
15,17,33,18430
6,9,24,18431
13,24,51,18432
5,16,25,18433
21,33,68,18434
17,47,98,18435
5,44,82,18436
11,24,47,18437
18,29,64,18438
12,27,52,18439
23,33,66,18440
24,30,55,18441
6,15,37,18442
5,5,9,18443
3,23,35,18444
9,25,46,18445
8,8,17,18446
11,15,25,18447
4,31,63,18448
8,26,59,18449
13,15,25,18450
22,30,59,18451
12,25,57,18452
14,33,66,18453
12,25,57,18454
16,30,65,18455
10,22,51,18456
2,23,41,18457
6,24,52,18458
24,27,50,18459
9,26,55,18460
1,7,18,18461
5,12,20,18462
9,28,60,18463
6,12,19,18464
10,17,39,18466
16,32,64,18468
13,25,58,18471
2,16,29,18472
10,48,99,18473
9,22,31,18474
1,31,70,18475
8,25,58,18476
12,27,52,18477
7,16,36,18478
4,32,61,18479
20,39,73,18480
18,29,64,18481
6,6,10,18482
24,30,55,18483
12,45,84,18484
4,7,14,18485
1,3,4,18486
4,8,13,18487
25,27,51,18488
15,17,31,18489
12,27,52,18490
2,9,27,18491
18,27,64,18492
5,13,29,18493
2,7,11,18494
3,16,32,18495
6,31,63,18496
15,17,31,18497
13,33,69,18498
18,27,64,18499
0,11,21,18500
0,0,1,18501
6,35,69,18502
8,8,16,18503
4,18,44,18504
5,13,22,18505
6,28,53,18507
11,27,50,18508
5,11,20,18509
4,11,18,18510
3,9,13,18511
4,12,21,18512
6,26,47,18513
1,2,7,18514
6,31,51,18516
3,11,23,18517
3,9,13,18518
4,13,22,18519
10,21,43,18520
4,19,32,18521
1,2,4,18522
23,38,72,18523
11,15,25,18524
19,36,72,18525
3,16,32,18526
9,21,30,18527
25,32,57,18528
11,16,32,18529
14,21,45,18530
6,6,10,18531
11,16,32,18532
1,8,15,18533
9,25,46,18534
18,29,64,18535
1,3,11,18536
12,26,59,18537
9,21,45,18538
4,26,40,18539
12,27,52,18540
1,10,26,18541
9,28,50,18542
15,39,76,18543
12,36,67,18544
5,16,28,18545
9,27,58,18546
6,6,10,18547
15,20,39,18548
18,21,44,18549
14,38,75,18550
15,39,76,18551
20,36,72,18552
3,5,9,18553
18,28,59,18554
0,7,10,18555
18,21,44,18556
9,21,30,18557
2,2,4,18558
19,28,59,18559
0,4,8,18560
0,2,7,18561
7,23,51,18562
0,1,5,18563
5,22,39,18564
2,13,24,18565
17,26,56,18566
2,4,16,18567
2,27,40,18568
4,15,26,18569
6,31,63,18570
15,39,76,18571
23,32,54,18572
22,30,59,18573
10,36,79,18574
6,6,10,18575
12,27,51,18576
12,27,51,18577
21,33,68,18578
1,8,8,18579
2,5,9,18580
8,43,82,18581
9,15,35,18582
3,26,58,18583
6,12,19,18584
5,5,9,18585
3,5,8,18586
15,18,39,18587
9,22,51,18588
7,29,60,18589
12,25,58,18590
4,12,23,18591
13,23,54,18592
18,21,46,18593
12,27,53,18594
6,12,19,18595
0,0,1,18596
24,33,58,18597
11,31,66,18598
15,39,76,18599
1,17,40,18600
16,34,65,18601
12,51,103,18602
8,8,17,18603
22,28,63,18604
1,2,5,18605
0,7,10,18606
14,31,64,18607
3,15,28,18608
15,21,45,18609
9,29,62,18610
5,15,27,18611
2,13,24,18612
15,17,31,18613
12,45,84,18614
18,28,66,18615
4,32,61,18616
22,46,97,18617
24,33,66,18618
3,9,17,18619
6,16,26,18620
20,33,66,18621
2,17,29,18622
24,27,50,18623
17,26,56,18624
11,36,67,18625
7,26,58,18626
11,36,67,18627
7,32,66,18628
14,34,69,18629
1,1,1,18630
8,33,68,18631
16,43,84,18632
18,24,55,18633
12,27,52,18634
24,30,55,18635
4,23,55,18636
16,37,69,18637
1,29,56,18638
21,36,72,18639
2,16,39,18640
13,23,54,18641
4,8,13,18642
2,3,6,18643
17,28,63,18644
23,32,65,18645
14,21,45,18646
8,30,59,18647
7,24,52,18648
14,21,45,18649
6,28,53,18650
10,15,26,18651
18,28,58,18652
18,38,72,18653
7,27,48,18654
1,2,7,18655
1,2,5,18656
15,43,84,18657
19,29,60,18658
24,34,68,18659
10,26,51,18660
6,16,28,18661
4,32,64,18662
3,9,13,18663
8,25,47,18664
16,34,65,18665
20,36,72,18666
14,21,44,18667
8,14,24,18668
0,5,7,18669
2,16,27,18671
20,39,73,18672
9,24,50,18673
15,17,31,18674
8,26,44,18675
1,1,10,18676
6,15,37,18677
5,16,23,18678
8,8,16,18679
7,24,44,18680
11,35,69,18681
13,22,48,18682
8,44,90,18683
24,28,53,18684
0,1,4,18685
6,12,18,18686
14,21,45,18687
12,27,53,18688
6,24,51,18689
8,41,80,18690
13,24,56,18691
6,19,30,18692
8,23,52,18693
15,39,76,18694
5,35,72,18695
17,28,65,18696
11,22,42,18697
7,9,13,18698
0,0,0,18699
15,18,38,18700
4,10,17,18701
7,32,69,18702
25,27,51,18703
7,16,26,18704
2,11,18,18705
21,36,70,18706
3,9,15,18707
14,34,68,18708
11,35,69,18710
4,8,16,18711
6,9,24,18712
6,9,24,18713
23,33,66,18714
0,9,13,18715
2,16,39,18716
23,38,72,18717
15,33,67,18718
0,0,3,18720
8,33,66,18721
24,34,67,18722
8,20,29,18723
5,5,9,18724
0,0,0,18725
25,27,51,18726
4,5,9,18727
13,26,59,18728
15,17,33,18729
3,17,34,18730
15,34,67,18731
15,16,29,18732
2,2,4,18733
11,36,67,18734
12,27,52,18735
24,31,63,18736
17,26,56,18737
12,27,52,18738
19,28,59,18739
12,25,57,18740
24,32,55,18741
14,33,66,18742
18,27,64,18743
18,28,66,18744
13,24,56,18745
11,15,25,18746
15,33,67,18747
8,8,17,18748
7,24,55,18749
13,24,53,18750
14,38,75,18751
12,21,51,18752
4,32,61,18753
15,19,40,18754
24,27,50,18755
0,8,16,18756
3,12,21,18757
12,48,90,18758
13,25,48,18759
1,27,43,18760
14,40,81,18761
18,28,63,18762
0,0,0,18763
5,38,77,18764
12,27,53,18765
9,19,43,18766
13,15,25,18767
4,14,22,18768
9,29,62,18769
8,27,48,18770
3,15,20,18771
3,14,30,18772
15,17,33,18773
13,15,25,18774
2,3,6,18775
20,37,73,18776
18,27,64,18777
11,36,67,18778
7,10,26,18779
14,21,45,18780
9,12,30,18781
10,26,51,18782
24,29,54,18783
0,0,4,18784
0,3,5,18785
1,7,18,18786
15,17,33,18787
4,12,19,18788
1,15,22,18789
5,15,37,18790
12,21,51,18791
15,31,65,18792
5,5,9,18793
18,30,56,18794
13,40,77,18795
23,35,70,18796
21,38,75,18797
3,9,13,18798
3,5,9,18799
9,26,55,18800
5,23,51,18801
3,16,32,18802
5,10,24,18803
6,6,10,18804
4,31,63,18805
5,15,37,18806
18,21,46,18807
1,9,15,18808
6,15,37,18809
5,17,29,18810
1,4,8,18811
1,17,36,18813
12,27,52,18814
7,24,56,18815
2,7,10,18816
5,30,65,18817
4,8,18,18818
14,21,44,18819
11,15,25,18820
13,24,57,18821
10,25,52,18822
9,29,62,18823
0,29,58,18824
4,8,13,18825
4,8,13,18826
9,29,63,18827
21,33,68,18828
9,24,50,18829
1,24,53,18830
15,20,41,18831
2,16,27,18832
11,21,43,18833
5,16,25,18834
5,19,28,18835
10,36,77,18836
5,5,9,18837
7,24,54,18838
3,23,35,18839
23,32,55,18840
6,9,24,18841
17,47,98,18842
14,31,64,18843
11,24,47,18844
8,8,17,18845
4,30,64,18846
5,31,67,18847
3,9,20,18848
12,30,67,18849
0,11,21,18850
0,2,5,18851
4,27,57,18852
10,25,52,18853
4,29,65,18854
5,42,78,18855
4,11,20,18856
10,36,70,18857
24,31,63,18858
15,31,65,18859
4,11,20,18860
22,40,79,18861
6,14,23,18862
9,24,50,18863
4,12,23,18864
8,36,76,18865
9,25,46,18866
18,27,64,18867
4,8,13,18868
5,37,76,18869
12,27,52,18870
13,44,82,18871
8,36,76,18873
3,15,20,18875
20,37,73,18876
2,4,9,18877
9,12,30,18878
6,14,35,18879
0,24,41,18880
13,21,51,18881
1,1,10,18882
3,25,66,18883
12,27,52,18884
4,21,52,18885
0,0,0,18886
5,14,35,18888
5,11,28,18890
13,19,34,18891
7,8,23,18892
13,27,54,18893
1,1,2,18894
10,25,51,18895
6,6,16,18896
5,6,21,18897
8,14,29,18898
2,2,2,18899
13,27,54,18900
5,9,14,18901
5,14,35,18902
13,19,32,18903
13,19,34,18904
3,12,18,18905
13,19,34,18906
7,8,21,18907
5,16,39,18908
9,13,26,18912
13,28,54,18913
2,2,2,18914
7,8,20,18915
8,14,29,18916
6,14,24,18917
0,1,4,18918
7,9,26,18919
19,21,49,18920
3,15,33,18921
1,7,21,18922
15,19,41,18924
13,18,31,18925
5,8,24,18927
9,12,24,18928
0,17,41,18929
7,10,29,18930
8,27,46,18932
6,13,20,18933
9,12,24,18934
19,21,49,18935
7,8,23,18936
4,4,6,18937
5,10,26,18938
13,27,54,18939
13,18,31,18940
5,11,28,18941
4,4,6,18942
4,4,6,18944
7,24,50,18945
7,9,28,18946
13,27,54,18947
5,16,38,18948
17,21,45,18949
0,15,30,18951
2,2,2,18952
13,19,34,18953
11,22,43,18954
2,2,2,18956
1,2,3,18957
6,8,12,18958
8,14,30,18959
3,13,25,18960
5,15,24,18961
13,19,34,18962
2,25,52,18963
13,19,35,18964
9,12,24,18965
13,28,55,18966
8,14,30,18967
13,27,54,18968
1,13,27,18969
4,11,21,18970
8,13,27,18971
12,25,41,18972
13,27,54,18973
17,21,46,18974
7,8,22,18975
5,12,30,18976
7,14,35,18977
13,19,34,18978
4,14,30,18979
7,24,50,18981
2,2,2,18982
4,8,17,18983
15,19,41,18984
9,12,24,18985
7,8,23,18986
13,19,32,18987
4,10,16,18988
2,5,7,18989
19,21,49,18990
19,21,49,18991
13,27,54,18992
13,21,50,18993
4,20,36,18994
6,27,46,18995
2,13,25,18996
6,13,20,18997
5,7,11,18998
8,13,27,18999
5,11,18,19000
7,27,46,19001
1,3,6,19002
14,19,42,19003
4,4,6,19004
8,13,28,19005
19,21,49,19006
3,4,5,19007
3,9,15,19008
1,13,23,19009
10,21,52,19010
5,16,39,19011
7,12,27,19012
2,4,6,19013
7,8,25,19014
0,12,24,19015
8,15,30,19016
15,21,47,19017
13,19,34,19020
0,0,1,19021
1,2,3,19023
6,28,48,19024
9,13,26,19025
4,10,16,19026
3,12,18,19027
8,14,25,19028
1,5,7,19029
9,12,24,19030
2,2,2,19032
7,15,30,19033
0,4,8,19034
4,7,11,19035
0,4,8,19037
0,0,0,19038
1,1,2,19039
0,0,0,19040
3,15,23,19041
3,12,18,19042
5,9,15,19044
0,0,1,19046
5,9,14,19047
2,2,2,19049
13,19,32,19050
1,1,2,19051
4,10,19,19052
9,12,24,19053
9,12,24,19054
8,13,27,19055
7,8,22,19056
7,9,27,19057
18,21,48,19058
8,13,27,19059
13,19,34,19060
12,25,41,19061
13,27,53,19062
6,27,45,19063
9,12,24,19064
1,5,7,19065
8,27,46,19066
2,2,2,19067
8,27,47,19068
9,12,24,19069
7,8,23,19070
1,1,2,19071
8,14,29,19072
13,28,55,19073
0,0,0,19074
7,27,46,19075
0,0,0,19076
6,27,46,19077
5,9,15,19078
13,18,31,19079
1,4,7,19080
4,4,6,19081
2,2,2,19082
9,12,24,19083
5,13,24,19084
9,19,40,19085
6,19,36,19086
0,5,8,19087
3,10,18,19088
4,5,8,19089
3,4,10,19090
0,0,1,19091
8,18,40,19092
1,1,1,19093
0,0,1,19094
10,19,41,19095
5,11,23,19096
4,4,13,19097
4,4,10,19098
6,16,28,19099
4,4,13,19100
1,5,5,19101
10,18,39,19102
3,4,10,19103
4,5,8,19104
5,8,15,19105
6,22,44,19106
3,8,17,19107
0,0,0,19108
1,1,4,19109
3,5,11,19110
7,19,36,19111
1,2,4,19112
1,2,6,19113
5,17,30,19114
0,0,0,19115
11,22,47,19116
4,23,43,19117
11,22,46,19118
4,17,38,19119
6,19,36,19120
2,5,12,19121
3,4,10,19122
1,3,6,19123
3,5,11,19124
4,16,31,19125
0,0,1,19127
4,17,34,19128
11,22,45,19129
0,0,0,19130
5,8,15,19131
0,0,0,19132
11,20,42,19134
10,19,41,19135
1,6,12,19136
11,20,42,19137
5,16,29,19138
6,16,28,19139
1,1,4,19140
3,4,10,19141
3,15,26,19142
1,1,3,19143
12,22,45,19144
3,4,10,19145
5,12,21,19146
7,23,45,19147
6,21,42,19148
1,4,10,19149
9,16,32,19150
3,8,16,19151
3,8,17,19152
4,5,8,19153
7,24,49,19154
4,24,48,19155
4,4,10,19156
2,5,11,19158
3,9,17,19159
6,19,36,19160
6,19,36,19161
3,9,16,19162
4,5,8,19163
10,22,44,19164
4,4,10,19165
9,22,43,19166
11,22,45,19167
3,5,11,19168
5,8,15,19169
4,5,12,19170
11,21,47,19171
4,17,32,19172
1,7,16,19173
8,22,43,19174
5,16,29,19175
4,4,13,19176
4,4,13,19177
1,1,1,19178
4,5,8,19179
8,19,41,19180
2,3,4,19181
2,10,25,19182
1,10,26,19183
5,5,5,19184
4,8,20,19185
11,16,34,19186
1,1,1,19187
11,15,33,19188
9,18,37,19189
1,9,26,19190
6,19,39,19191
4,8,20,19192
6,15,33,19193
9,15,29,19194
4,8,20,19195
3,7,13,19196
6,6,7,19197
9,15,34,19198
6,6,7,19199
9,15,31,19200
2,10,26,19201
4,20,42,19202
6,10,25,19203
5,5,5,19204
5,8,19,19205
2,3,4,19206
9,15,31,19207
6,6,7,19208
0,1,3,19209
6,9,21,19210
13,18,40,19211
3,7,19,19212
2,3,4,19213
2,10,25,19214
0,0,1,19215
2,10,25,19216
5,5,5,19217
0,5,7,19218
2,3,5,19219
6,9,21,19220
6,6,7,19221
8,13,23,19222
11,17,37,19223
6,6,7,19224
5,5,5,19225
13,18,39,19226
6,19,39,19227
9,11,20,19228
4,8,20,19229
11,16,32,19230
10,15,28,19231
10,15,34,19232
4,8,20,19233
4,8,20,19234
6,6,7,19235
2,16,30,19236
6,6,7,19237
6,19,39,19238
6,6,7,19239
2,3,5,19240
0,0,1,19241
1,3,4,19242
6,6,7,19243
5,5,5,19244
0,0,2,19245
6,6,7,19246
7,8,20,19247
6,19,39,19248
1,2,2,19249
6,6,7,19250
6,15,32,19251
1,4,6,19252
5,8,20,19253
4,8,14,19254
6,18,38,19255
5,5,5,19256
5,6,7,19257
13,20,43,19258
1,1,1,19259
11,15,31,19260
5,8,18,19261
3,7,13,19262
6,10,25,19263
9,11,20,19264
4,13,34,19265
4,43,77,19266
9,9,19,19267
7,13,25,19268
4,33,71,19269
4,6,10,19270
17,46,81,19271
8,69,105,19272
9,9,19,19273
20,27,50,19274
21,31,57,19275
4,15,27,19276
5,15,40,19277
2,2,4,19278
18,27,62,19280
6,55,82,19281
4,5,17,19282
13,37,66,19283
22,31,57,19284
44,47,84,19285
6,34,69,19286
16,21,56,19287
11,29,68,19288
2,18,49,19289
4,8,12,19290
16,23,59,19292
7,41,82,19293
18,25,52,19295
7,8,16,19296
3,7,11,19298
15,26,51,19299
2,25,46,19300
15,27,53,19301
15,17,22,19302
20,32,60,19303
2,2,4,19304
4,15,40,19305
41,47,86,19306
23,36,69,19307
39,47,86,19308
11,17,22,19309
20,31,57,19311
4,5,17,19312
14,48,83,19313
12,19,54,19314
12,18,50,19316
6,13,22,19317
42,47,84,19318
15,17,23,19319
34,46,83,19321
39,47,86,19322
8,8,16,19323
37,47,84,19324
2,18,49,19325
16,17,22,19326
37,47,84,19327
7,8,14,19328
23,36,70,19329
1,1,9,19330
41,47,84,19331
41,48,88,19332
10,27,66,19333
41,47,84,19334
5,27,74,19335
44,47,84,19336
4,5,17,19337
10,41,82,19340
41,47,86,19342
16,19,51,19343
8,8,16,19344
39,47,86,19345
24,47,84,19346
41,47,85,19347
44,47,86,19348
20,32,60,19349
41,47,84,19350
21,32,60,19351
4,15,26,19352
1,7,12,19353
4,40,72,19354
1,6,21,19356
43,47,84,19358
1,18,48,19360
44,47,84,19361
5,13,23,19362
6,32,60,19363
41,47,86,19364
39,46,83,19365
1,28,70,19366
3,44,85,19367
15,17,22,19368
2,43,81,19369
18,27,62,19370
15,17,22,19371
15,26,51,19372
16,21,55,19373
12,19,54,19374
16,22,58,19375
20,27,50,19376
40,47,84,19377
7,13,25,19378
4,5,17,19379
14,46,84,19381
16,19,50,19382
41,47,86,19383
15,27,53,19384
10,26,47,19385
9,10,21,19386
3,9,17,19387
15,17,23,19388
7,13,24,19389
1,2,2,19390
16,21,56,19391
8,17,24,19392
9,9,19,19393
44,47,86,19394
5,27,68,19395
16,17,22,19396
14,27,47,19397
42,47,86,19398
5,29,80,19399
7,32,71,19400
15,17,22,19401
9,9,19,19402
39,47,86,19403
37,47,84,19404
12,18,51,19405
12,34,76,19406
42,47,86,19408
7,8,16,19409
39,47,86,19410
41,47,84,19411
1,1,2,19413
15,17,23,19414
15,16,20,19415
8,8,16,19416
1,21,33,19417
3,14,28,19418
0,6,11,19419
6,13,25,19420
7,47,78,19421
5,14,24,19422
15,17,22,19423
9,57,85,19424
22,31,57,19425
9,9,19,19426
9,15,40,19427
8,8,16,19428
4,4,8,19429
15,27,52,19430
20,31,57,19431
5,17,24,19432
2,4,14,19433
7,13,24,19434
21,31,57,19435
15,26,52,19436
24,26,49,19437
20,32,60,19438
16,21,56,19439
16,19,51,19440
16,21,56,19441
1,8,14,19442
21,31,57,19443
9,9,19,19444
10,26,47,19445
11,17,22,19446
16,21,56,19447
9,9,19,19448
8,8,16,19449
15,17,22,19450
11,46,85,19451
9,9,19,19452
8,8,16,19453
3,14,24,19454
7,8,16,19456
4,15,26,19457
1,1,2,19458
15,27,53,19459
1,21,31,19460
18,23,52,19461
7,8,16,19462
15,43,77,19463
15,17,23,19464
9,57,85,19465
24,26,49,19466
18,28,65,19467
15,17,22,19468
8,9,19,19469
2,15,28,19471
15,17,22,19472
4,26,69,19473
6,59,90,19474
15,17,22,19475
21,32,60,19476
19,46,84,19477
16,22,58,19478
40,47,84,19479
39,47,86,19480
3,7,11,19481
3,42,80,19482
4,5,17,19483
6,8,15,19484
6,32,60,19485
5,15,40,19487
8,8,16,19488
4,5,17,19489
16,23,59,19490
41,47,86,19491
6,29,52,19492
3,44,85,19493
4,6,10,19494
15,17,22,19495
41,47,84,19497
21,32,60,19499
4,5,8,19500
1,1,1,19501
4,6,10,19502
1,5,7,19503
0,0,0,19504
0,0,0,19505
1,5,7,19506
3,5,7,19507
1,5,7,19508
4,5,8,19509
4,6,9,19510
1,5,9,19511
5,5,8,19512
4,6,9,19513
4,5,8,19514
0,1,3,19515
1,1,3,19516
0,1,1,19517
0,2,5,19518
1,2,5,19519
4,5,11,19520
1,5,11,19521
1,1,2,19522
3,5,11,19523
2,2,4,19525
4,5,11,19526
0,2,4,19527
4,5,11,19529
2,2,4,19530
1,5,11,19531
1,1,2,19532
0,2,5,19533
1,5,11,19534
2,2,4,19535
0,1,3,19536
0,0,0,19537
1,1,1,19538
1,2,5,19539
1,5,11,19540
3,5,11,19541
0,0,0,19542
5,12,26,19543
1,3,6,19544
5,10,22,19545
1,1,6,19546
4,7,17,19547
0,1,3,19548
1,3,4,19549
1,1,3,19550
3,7,14,19551
1,2,3,19552
1,1,6,19553
5,12,25,19554
0,1,3,19555
3,10,20,19556
3,10,23,19557
0,0,3,19558
4,10,20,19559
3,12,23,19560
1,1,6,19561
4,12,20,19562
1,2,5,19564
5,10,21,19565
1,1,3,19566
4,7,17,19567
4,10,22,19568
17,34,58,19569
8,27,39,19570
2,14,26,19571
6,16,28,19572
2,26,38,19573
2,15,26,19574
18,27,45,19575
12,34,58,19576
9,22,33,19577
0,0,1,19578
7,12,20,19579
12,32,53,19580
19,26,42,19581
1,12,25,19582
6,27,43,19584
7,24,37,19585
8,28,41,19586
14,41,71,19587
6,29,49,19588
5,9,16,19589
9,19,32,19590
21,27,43,19591
13,40,67,19592
7,14,23,19593
3,27,48,19594
2,30,41,19595
2,24,40,19596
4,22,42,19597
4,25,47,19598
12,32,53,19599
13,39,66,19600
11,27,39,19601
9,36,55,19602
0,0,0,19603
16,32,52,19604
22,25,38,19605
7,14,30,19606
11,36,52,19607
8,27,39,19608
11,27,38,19609
9,19,31,19610
11,29,53,19611
9,15,32,19612
11,25,47,19613
2,19,39,19614
1,6,10,19615
20,39,67,19616
3,15,29,19617
17,34,58,19618
10,20,35,19619
9,21,42,19620
3,9,14,19621
7,14,30,19622
3,13,23,19623
12,34,62,19624
11,15,34,19625
5,34,44,19626
7,16,24,19627
9,36,55,19628
1,8,17,19629
5,36,65,19630
22,25,41,19631
4,18,33,19632
3,3,10,19633
19,25,38,19634
2,13,28,19635
7,34,60,19636
4,22,42,19637
4,17,33,19638
9,21,37,19639
17,34,58,19640
2,15,26,19641
0,0,1,19642
13,38,66,19643
3,10,17,19644
13,39,66,19645
9,31,57,19646
12,38,64,19647
0,6,9,19649
18,27,44,19650
9,31,50,19651
14,26,39,19652
2,2,2,19653
4,20,36,19654
16,34,57,19655
3,11,19,19656
4,11,20,19657
11,15,32,19658
10,24,38,19659
8,26,39,19660
6,13,28,19661
21,25,41,19662
4,11,21,19663
3,6,12,19664
2,2,2,19665
9,18,36,19666
14,41,71,19667
11,27,37,19668
1,5,8,19669
9,15,32,19670
4,10,17,19671
1,6,11,19672
22,24,37,19673
6,19,25,19674
9,24,35,19675
7,28,41,19676
16,34,58,19677
5,22,42,19678
7,24,37,19679
5,7,13,19680
12,34,58,19681
2,3,10,19682
0,0,0,19683
10,31,50,19684
11,24,44,19685
7,12,20,19686
3,22,38,19687
3,6,11,19688
3,17,27,19689
7,12,20,19690
1,15,31,19691
12,38,64,19692
9,39,67,19693
13,38,65,19694
4,23,34,19695
2,12,24,19696
11,26,38,19697
12,27,49,19698
11,38,65,19699
10,22,40,19700
11,25,37,19701
2,16,31,19702
10,22,35,19703
3,23,34,19704
2,5,13,19705
11,15,33,19706
4,17,32,19707
4,31,41,19708
5,29,42,19709
4,18,33,19710
8,28,41,19711
3,13,21,19712
22,28,42,19713
3,5,9,19714
2,24,41,19715
15,39,68,19716
0,2,2,19717
4,25,43,19718
9,19,28,19719
13,39,66,19720
18,27,45,19721
4,17,26,19722
5,34,45,19723
9,34,51,19726
7,25,38,19727
4,17,26,19728
8,28,41,19729
8,27,39,19730
18,27,45,19731
4,6,12,19732
3,3,10,19733
17,37,65,19734
19,24,35,19735
7,25,38,19736
16,32,52,19737
9,17,36,19738
4,16,33,19739
6,12,22,19740
5,10,14,19741
10,20,38,19742
2,4,12,19743
6,15,36,19744
4,4,7,19745
2,6,19,19746
0,0,0,19747
1,5,15,19748
1,2,3,19749
1,6,12,19750
2,4,13,19751
1,3,3,19752
2,6,19,19753
4,24,50,19754
1,2,2,19755
1,2,3,19756
13,18,44,19757
18,23,53,19758
3,15,31,19759
3,16,34,19760
18,23,53,19761
4,17,38,19762
8,23,52,19763
10,18,32,19764
3,8,20,19765
3,4,8,19766
1,16,41,19767
14,23,53,19768
8,10,27,19769
15,23,53,19770
15,23,53,19771
20,26,55,19772
2,3,7,19773
6,9,23,19774
8,24,54,19775
20,25,55,19776
10,25,55,19777
18,23,53,19778
7,28,54,19779
5,11,25,19780
15,23,53,19781
8,23,52,19782
1,6,11,19783
2,4,13,19784
21,26,56,19785
3,23,48,19786
14,21,48,19787
3,8,20,19788
5,7,9,19789
3,23,50,19790
10,24,55,19791
2,13,22,19792
8,30,61,19793
4,15,35,19794
1,2,4,19795
3,9,13,19796
10,20,38,19797
21,25,55,19798
21,26,55,19799
12,26,53,19800
6,11,27,19801
15,26,56,19802
6,11,27,19803
2,9,27,19804
20,25,55,19805
2,5,15,19806
1,5,15,19807
3,3,2,19808
2,23,50,19809
21,27,57,19810
21,25,54,19811
3,23,48,19812
19,26,56,19813
10,24,55,19814
12,16,30,19815
15,23,53,19816
10,24,54,19817
2,6,20,19818
11,16,30,19819
15,23,53,19820
2,10,15,19822
21,25,54,19823
7,12,26,19824
0,0,4,19825
2,10,26,19826
21,27,58,19827
2,2,4,19828
20,26,55,19829
3,11,16,19830
3,16,34,19831
4,7,9,19832
3,10,14,19833
3,6,8,19834
2,2,4,19835
8,17,32,19836
5,7,9,19837
11,18,32,19838
5,9,21,19839
1,8,20,19840
2,9,25,19841
2,4,7,19842
10,19,34,19843
2,4,13,19844
19,26,56,19845
4,19,43,19846
3,4,8,19847
7,10,27,19848
3,10,29,19849
19,26,56,19850
0,4,7,19851
1,2,3,19852
1,6,9,19853
3,6,8,19854
2,4,7,19855
5,9,21,19856
1,9,17,19857
1,1,2,19858
3,16,35,19859
1,2,2,19860
4,17,38,19861
2,4,7,19862
2,10,26,19864
1,5,17,19865
3,10,29,19866
1,1,2,19867
2,8,23,19868
0,3,12,19869
1,4,7,19870
11,15,26,19871
0,6,20,19872
1,2,3,19873
2,2,4,19874
3,24,44,19875
12,16,30,19876
7,10,27,19877
7,29,63,19878
21,25,55,19879
8,23,52,19881
10,20,38,19882
1,16,41,19883
15,23,53,19884
2,4,7,19886
2,6,9,19887
8,15,27,19888
0,6,9,19889
4,10,25,19890
5,11,19,19891
3,6,18,19892
13,17,26,19893
10,17,28,19894
5,11,22,19895
3,4,10,19896
1,3,6,19897
16,28,46,19898
1,6,15,19899
13,17,26,19900
8,9,18,19901
13,17,26,19902
4,11,17,19903
16,24,40,19904
3,9,20,19905
0,4,5,19906
2,4,8,19907
16,25,41,19908
16,28,45,19909
11,18,35,19910
13,17,27,19911
16,20,34,19912
3,10,18,19913
17,26,43,19914
1,2,7,19915
12,28,44,19916
3,13,26,19917
5,9,18,19918
1,12,18,19919
0,15,23,19920
4,12,23,19921
16,28,45,19922
1,4,14,19923
5,9,15,19924
0,2,10,19925
2,9,22,19926
16,25,41,19927
1,7,15,19928
11,17,31,19929
10,24,34,19930
1,1,6,19931
16,25,41,19932
13,17,26,19933
17,26,43,19934
0,3,6,19935
12,28,44,19936
3,3,7,19938
2,9,21,19939
1,7,17,19940
6,10,22,19941
10,19,33,19942
3,21,34,19943
4,9,21,19944
3,5,5,19945
2,5,6,19946
4,10,21,19947
2,3,3,19948
5,10,25,19949
5,8,24,19950
8,9,18,19951
3,8,18,19952
9,16,26,19953
2,9,19,19954
2,10,21,19955
3,10,18,19956
16,28,46,19957
2,3,4,19958
11,19,34,19959
3,4,10,19960
1,1,6,19961
1,8,20,19962
2,10,25,19963
13,17,28,19964
5,10,18,19965
16,28,46,19966
1,5,12,19967
9,16,26,19968
16,25,41,19969
2,9,22,19970
3,7,8,19971
2,3,4,19972
11,26,37,19973
0,0,0,19974
16,20,35,19975
0,0,4,19976
0,0,4,19977
0,4,12,19978
0,15,23,19979
9,20,32,19980
11,26,37,19981
16,20,34,19982
0,0,0,19983
9,12,19,19984
17,26,44,19985
3,10,18,19986
11,24,35,19987
6,10,17,19988
0,0,4,19989
11,26,39,19990
3,7,8,19991
16,28,46,19992
1,2,4,19993
10,28,44,19994
2,16,31,19995
3,7,8,19996
4,11,18,19997
16,28,46,19998
8,9,18,19999
5,9,15,20000
4,10,19,20001
16,28,46,20002
2,5,10,20003
10,17,26,20004
2,9,24,20005
1,8,21,20006
7,9,27,20007
8,12,25,20008
1,10,19,20009
11,13,26,20010
1,1,5,20011
0,6,8,20012
3,11,31,20013
8,9,28,20014
3,11,31,20015
3,11,31,20016
0,6,8,20017
11,13,26,20018
0,6,8,20019
7,9,28,20020
6,13,24,20021
8,9,27,20022
8,9,28,20023
7,9,27,20024
5,12,23,20025
0,0,0,20026
3,9,26,20027
0,7,11,20028
8,9,28,20029
5,6,10,20030
2,6,11,20031
11,13,26,20032
8,13,26,20033
3,11,31,20034
2,5,8,20035
8,13,26,20036
4,9,28,20037
5,5,8,20038
11,13,26,20039
8,9,28,20040
2,6,16,20042
4,4,6,20044
4,6,11,20045
3,6,15,20046
4,6,17,20047
4,6,11,20048
3,9,20,20049
3,8,18,20050
3,9,21,20051
4,4,6,20052
1,5,7,20053
1,5,7,20054
4,6,11,20055
1,1,1,20056
2,6,16,20057
3,6,17,20058
1,1,1,20059
7,13,30,20060
2,6,11,20061
6,13,34,20062
6,11,30,20063
6,11,30,20064
0,6,15,20065
0,0,1,20066
5,9,22,20067
3,3,4,20068
7,11,28,20069
1,6,16,20070
3,7,12,20071
4,11,29,20072
3,5,15,20073
3,5,15,20074
5,11,29,20075
4,7,21,20076
4,13,34,20077
2,6,15,20078
3,7,13,20079
7,13,32,20080
4,13,33,20081
1,6,15,20082
2,10,22,20083
4,14,31,20084
7,14,33,20085
3,14,31,20086
4,13,33,20087
3,8,15,20088
0,1,2,20089
2,5,10,20090
0,1,3,20091
3,3,7,20092
7,10,18,20093
7,7,10,20094
3,6,13,20095
7,7,10,20096
7,10,16,20097
7,7,11,20098
3,3,4,20100
7,10,18,20101
3,3,4,20102
7,10,18,20103
7,10,16,20104
7,7,10,20105
7,10,16,20107
3,6,13,20108
3,7,15,20109
7,7,10,20110
3,7,15,20111
3,6,13,20112
7,7,12,20114
5,11,20,20115
3,11,20,20116
6,10,17,20117
0,0,0,20118
1,4,6,20119
4,10,17,20120
6,10,19,20121
1,4,8,20122
7,10,19,20123
2,3,5,20124
6,10,17,20125
3,3,5,20126
7,10,18,20127
4,11,20,20128
3,11,20,20129
3,3,5,20130
3,10,17,20131
3,3,5,20132
7,10,17,20133
2,6,10,20134
1,1,1,20135
3,5,9,20136
3,5,9,20137
1,1,1,20138
2,6,9,20139
3,6,10,20140
0,3,7,20141
3,4,10,20142
3,5,10,20143
1,1,1,20144
3,6,13,20145
2,3,6,20146
3,3,9,20147
0,0,0,20148
0,0,0,20149
1,1,8,20150
0,0,0,20152
2,2,6,20153
2,2,6,20154
2,3,5,20155
1,2,5,20156
2,3,5,20157
0,0,0,20160
0,0,0,20161
1,1,5,20162
1,1,7,20163
0,0,0,20164
0,0,0,20165
0,0,0,20166
0,0,4,20167
0,0,0,20168
0,0,0,20169
0,0,0,20170
4,4,6,20171
8,8,12,20172
1,1,1,20173
8,8,12,20174
6,8,12,20175
1,1,1,20176
7,8,12,20177
7,8,12,20178
4,4,6,20179
7,8,12,20180
7,8,12,20181
4,4,6,20182
4,4,6,20183
8,8,12,20184
8,8,12,20185
3,4,6,20186
2,2,4,20187
2,2,4,20188
2,2,4,20189
0,0,1,20190
1,2,4,20191
2,2,4,20192
1,3,9,20193
2,3,9,20194
1,1,2,20195
3,4,7,20196
2,2,6,20197
0,2,6,20198
3,4,7,20199
1,1,1,20201
0,0,0,20202
0,1,4,20204
4,8,13,20205
6,8,14,20206
6,8,14,20207
0,0,0,20208
0,0,0,20209
0,0,0,20210
5,8,14,20211
2,8,10,20212
5,8,14,20213
9,24,43,20214
5,9,20,20215
0,0,1,20216
4,10,15,20217
1,1,1,20218
1,8,11,20219
2,11,13,20220
7,15,30,20221
5,10,21,20222
4,15,32,20223
1,7,9,20224
2,6,7,20225
2,7,10,20226
1,8,11,20227
0,0,0,20228
0,0,0,20229
9,25,50,20230
9,17,37,20231
2,5,6,20232
7,18,31,20233
5,11,21,20234
3,29,56,20235
7,23,42,20236
2,6,7,20237
1,8,11,20238
5,8,15,20239
1,6,7,20240
7,15,30,20241
2,2,4,20242
5,18,40,20243
8,21,43,20244
2,10,26,20245
5,10,21,20246
1,6,7,20247
3,4,16,20248
7,23,44,20249
9,25,44,20250
5,19,31,20251
3,3,11,20253
7,18,31,20254
6,23,42,20255
1,1,3,20256
8,15,30,20257
7,12,29,20258
2,2,4,20259
1,8,11,20260
7,19,32,20261
2,2,2,20262
5,13,25,20263
6,24,43,20264
1,1,1,20265
7,23,42,20266
7,18,37,20267
5,16,36,20268
2,6,7,20269
10,25,44,20270
10,22,44,20271
1,10,16,20272
10,16,33,20273
5,19,28,20274
6,12,24,20275
3,9,18,20276
2,8,15,20277
2,2,2,20278
10,17,34,20279
7,18,35,20280
3,8,19,20281
2,8,18,20282
2,8,18,20283
10,22,44,20284
2,2,4,20285
0,3,3,20286
6,19,32,20287
9,24,49,20288
10,25,44,20289
5,9,19,20290
10,18,31,20291
10,13,26,20292
11,13,25,20293
0,0,0,20294
10,19,33,20295
10,19,33,20296
10,19,33,20297
2,6,16,20298
5,23,33,20299
3,3,7,20300
11,19,28,20301
9,16,24,20302
9,19,27,20303
2,2,7,20304
5,12,23,20305
2,3,7,20306
3,3,7,20307
9,19,27,20308
5,11,16,20309
9,19,27,20310
9,19,27,20311
10,13,25,20312
10,16,24,20313
3,3,7,20314
0,8,16,20315
5,23,33,20316
9,16,24,20317
11,19,28,20318
2,7,17,20319
10,17,30,20320
5,10,15,20321
5,11,16,20322
10,18,31,20323
2,2,6,20324
5,13,19,20325
3,16,24,20326
8,15,22,20327
5,17,30,20328
11,15,26,20329
6,15,22,20330
10,16,30,20331
10,19,33,20332
2,7,17,20333
4,12,22,20334
5,17,25,20335
2,6,16,20336
4,19,28,20337
0,0,2,20338
4,23,32,20339
10,18,31,20340
10,13,25,20341
5,13,23,20342
1,1,5,20344
0,0,0,20346
1,1,4,20347
1,1,5,20348
10,12,18,20349
1,11,18,20350
11,12,17,20351
1,4,9,20352
10,12,18,20353
10,12,19,20354
1,10,12,20355
10,12,17,20356
11,12,18,20357
11,12,17,20358
11,12,18,20359
11,12,17,20360
11,12,17,20361
11,12,17,20362
11,12,18,20363
11,12,17,20364
5,6,11,20365
4,6,11,20366
1,6,10,20367
4,6,11,20368
4,6,11,20369
1,4,7,20370
6,10,18,20371
0,0,0,20372
0,0,0,20373
1,4,7,20374
7,12,20,20375
7,12,20,20376
0,0,0,20377
3,12,19,20378
0,0,0,20379
1,8,15,20380
0,0,0,20381
6,19,32,20382
3,4,7,20384
0,0,0,20385
3,12,19,20386
5,10,16,20387
2,9,12,20388
3,4,7,20389
6,9,17,20390
2,8,15,20391
7,13,21,20392
3,12,19,20393
7,12,20,20394
1,4,7,20395
9,19,33,20396
6,17,29,20397
6,15,27,20398
2,5,7,20399
7,12,20,20400
1,1,3,20401
0,0,0,20402
1,1,3,20403
0,1,2,20404
3,6,9,20405
1,1,2,20406
9,17,26,20407
3,3,5,20408
2,6,9,20409
2,2,4,20410
3,3,4,20411
3,3,5,20412
2,3,4,20413
2,2,4,20414
0,0,0,20415
1,5,8,20416
1,1,1,20417
2,6,9,20418
3,3,4,20419
13,17,25,20420
13,19,33,20421
13,19,27,20422
3,3,5,20423
3,7,10,20424
11,19,29,20425
1,4,6,20426
1,1,1,20427
2,6,9,20428
10,17,25,20429
3,13,19,20430
9,17,26,20431
13,19,28,20432
2,3,5,20433
0,0,0,20434
14,19,33,20435
0,0,0,20436
0,1,3,20437
2,5,8,20438
2,3,5,20439
1,2,3,20440
2,6,9,20441
3,4,7,20442
1,1,5,20443
0,0,1,20444
0,2,5,20446
1,1,5,20447
1,1,3,20448
1,1,5,20449
27,52,98,20450
2,24,38,20451
1,14,23,20452
10,21,35,20453
10,28,44,20454
12,26,51,20455
1,3,6,20456
0,3,4,20457
11,21,34,20458
0,0,2,20459
3,15,20,20460
10,30,52,20461
0,0,0,20462
3,23,43,20464
0,0,0,20465
6,18,34,20466
17,54,94,20467
16,21,34,20468
5,15,21,20469
10,22,39,20470
17,20,33,20471
0,12,18,20472
2,12,16,20473
1,15,26,20474
5,15,21,20475
12,31,52,20476
13,20,33,20477
1,3,6,20478
1,3,6,20479
1,7,9,20480
10,21,32,20481
7,31,51,20482
1,3,5,20483
5,26,39,20484
8,22,37,20485
5,13,23,20486
15,40,80,20487
4,26,49,20488
7,7,17,20489
27,52,97,20490
6,23,52,20491
8,21,34,20492
14,42,79,20493
14,60,116,20494
15,46,92,20495
15,47,87,20496
1,2,3,20497
10,41,84,20498
34,51,94,20499
34,53,98,20500
19,53,94,20501
10,42,85,20502
17,62,117,20503
29,47,85,20504
4,12,17,20505
29,47,85,20506
15,32,58,20507
16,19,46,20508
5,15,21,20509
5,26,39,20510
6,25,44,20511
9,22,40,20512
10,20,33,20513
11,30,56,20514
15,56,97,20515
8,22,36,20516
7,31,60,20517
7,21,32,20518
4,16,38,20519
10,20,33,20520
11,20,31,20521
14,42,79,20522
19,53,94,20523
15,47,86,20524
17,61,117,20525
13,40,72,20526
8,22,37,20527
18,60,112,20528
16,19,46,20529
3,10,18,20530
17,20,33,20531
8,22,36,20532
21,46,84,20533
13,38,78,20534
1,3,6,20535
10,42,85,20536
4,12,17,20537
14,41,79,20538
3,7,11,20539
9,21,34,20540
16,44,84,20541
7,16,26,20542
0,0,2,20543
8,22,36,20544
11,42,87,20545
21,46,84,20546
24,49,95,20547
9,29,47,20548
6,28,54,20549
16,56,100,20550
16,19,46,20551
16,43,83,20552
16,21,48,20553
11,30,56,20554
16,19,46,20555
34,49,90,20556
15,21,48,20557
8,34,70,20558
7,33,70,20559
13,40,77,20560
13,37,80,20561
18,47,89,20562
10,23,46,20563
4,18,44,20564
34,53,98,20565
33,51,95,20566
6,18,34,20567
29,46,87,20568
11,23,53,20569
16,50,97,20570
1,3,8,20571
3,4,8,20572
8,15,24,20573
6,7,17,20574
12,42,85,20575
27,47,91,20576
18,47,89,20577
3,26,47,20578
34,53,98,20579
2,3,5,20580
6,19,29,20581
5,15,20,20582
10,21,35,20583
16,22,49,20584
12,52,99,20585
8,20,31,20586
18,59,106,20587
16,22,49,20588
10,21,37,20589
3,8,12,20590
1,1,1,20591
4,4,5,20592
0,6,11,20593
10,23,40,20594
1,24,53,20595
0,0,1,20596
5,21,48,20597
6,19,35,20598
7,12,18,20599
15,47,87,20600
18,54,95,20601
21,46,86,20602
3,17,42,20603
10,30,55,20604
3,4,8,20605
11,26,46,20606
16,45,81,20607
15,61,117,20608
5,11,19,20609
14,32,63,20610
5,11,19,20611
17,57,97,20612
2,42,78,20613
31,47,85,20614
13,38,78,20615
29,46,87,20616
7,33,70,20617
13,59,110,20618
35,52,96,20619
34,51,94,20620
5,14,24,20621
1,13,19,20622
1,3,6,20623
2,12,30,20624
4,4,6,20625
2,21,45,20626
4,15,35,20627
7,34,72,20629
5,28,53,20630
16,21,34,20631
35,52,96,20632
7,7,17,20633
24,49,93,20634
4,15,20,20635
19,41,71,20636
24,51,97,20637
4,31,55,20638
16,47,88,20639
13,51,100,20640
13,31,56,20641
1,1,5,20642
9,24,46,20643
25,47,85,20644
4,10,13,20645
14,39,74,20646
16,19,46,20647
17,35,67,20648
17,21,34,20649
5,14,34,20650
12,41,79,20651
9,21,34,20652
16,43,83,20653
6,30,55,20654
9,22,40,20655
18,57,105,20656
9,28,51,20657
11,20,31,20658
15,20,31,20659
7,12,18,20660
7,31,60,20661
3,4,6,20662
23,45,78,20663
8,22,36,20664
8,23,38,20665
15,21,48,20666
2,2,3,20667
0,0,2,20668
6,23,52,20669
7,26,48,20670
17,49,86,20671
6,7,17,20672
13,23,46,20673
5,13,26,20674
11,24,55,20675
1,13,19,20676
7,24,45,20677
11,24,54,20678
1,2,4,20679
17,31,61,20680
29,47,85,20681
29,47,85,20682
15,57,97,20683
2,12,33,20684
3,15,31,20685
8,20,36,20686
3,9,24,20687
16,19,46,20688
17,62,117,20689
16,47,86,20690
17,60,112,20691
5,27,50,20692
15,32,58,20693
11,26,46,20694
5,27,50,20695
8,22,40,20696
1,3,7,20697
3,10,17,20698
7,17,27,20699
18,41,85,20700
27,52,97,20701
11,20,33,20702
3,10,18,20703
1,12,19,20704
1,1,3,20705
19,42,81,20706
14,32,71,20707
17,30,58,20708
10,24,56,20709
19,50,89,20710
27,47,85,20711
28,52,97,20712
2,21,45,20713
7,16,26,20714
15,40,80,20715
10,26,49,20716
7,20,36,20718
19,44,78,20719
1,1,2,20720
16,19,46,20721
24,46,84,20722
4,15,21,20723
1,1,1,20724
35,51,92,20725
10,37,76,20726
13,40,72,20727
16,19,46,20728
8,29,47,20729
6,7,17,20730
19,41,71,20731
4,4,5,20732
7,12,18,20733
16,43,81,20734
6,30,59,20735
4,4,5,20736
6,19,30,20737
2,4,10,20738
0,4,8,20739
18,20,32,20740
1,1,2,20741
2,16,26,20742
3,7,11,20743
10,23,40,20744
18,20,32,20745
8,14,24,20746
10,21,36,20747
4,7,15,20748
4,4,6,20749
11,22,45,20750
2,4,7,20751
11,25,57,20752
5,11,19,20753
8,22,37,20754
15,56,97,20755
4,17,40,20756
10,41,84,20757
14,46,86,20758
25,47,85,20759
4,12,17,20760
4,12,17,20761
34,52,95,20762
14,40,78,20763
17,30,58,20764
2,12,17,20765
0,0,1,20766
8,12,16,20767
6,22,38,20768
12,20,32,20770
10,21,32,20771
0,0,3,20772
7,19,35,20774
16,19,46,20775
11,20,31,20776
4,22,46,20777
0,0,2,20778
2,5,12,20779
0,0,2,20780
14,56,96,20781
0,0,1,20782
0,0,3,20783
11,21,32,20784
15,50,99,20785
12,41,84,20786
23,58,101,20787
1,4,8,20788
10,22,39,20789
16,22,49,20790
8,12,17,20791
25,48,92,20792
2,21,45,20793
0,0,0,20794
10,31,65,20795
16,62,111,20796
3,3,5,20797
1,1,2,20798
0,0,0,20799
3,4,8,20800
14,42,79,20801
0,7,13,20802
11,59,113,20803
16,46,84,20804
6,42,82,20805
12,21,35,20806
2,31,51,20807
18,41,79,20808
3,23,43,20809
12,51,96,20810
5,15,24,20811
6,22,46,20812
11,21,34,20813
10,28,44,20814
8,21,34,20815
3,3,6,20816
7,16,26,20817
5,18,39,20818
9,22,35,20819
2,2,7,20820
3,6,12,20821
4,10,19,20822
0,0,0,20824
0,0,2,20829
9,10,21,20831
2,2,7,20832
7,10,20,20833
0,2,5,20834
2,2,7,20835
4,10,22,20836
0,0,0,20837
2,2,7,20838
0,1,1,20839
2,2,7,20840
5,8,17,20841
5,8,18,20842
3,6,12,20843
4,10,20,20844
4,10,19,20845
0,2,5,20846
5,10,20,20847
2,2,7,20848
6,15,31,20849
6,10,20,20850
7,10,20,20851
2,2,7,20852
10,12,25,20853
7,10,22,20854
6,13,26,20855
10,12,25,20856
6,14,25,20858
6,14,27,20859
3,12,21,20860
8,14,25,20861
0,2,6,20862
1,12,19,20865
0,0,0,20866
2,13,26,20867
9,13,26,20868
0,13,22,20869
2,13,26,20870
2,9,20,20871
5,15,27,20872
7,14,27,20873
1,2,6,20874
4,14,27,20875
11,14,27,20876
11,14,27,20877
3,3,7,20878
3,4,10,20879
7,14,27,20880
0,9,18,20881
1,10,16,20882
10,14,27,20883
10,14,27,20884
3,3,7,20885
10,14,27,20886
0,2,6,20887
4,14,23,20888
2,8,19,20889
1,3,6,20890
7,9,12,20891
6,20,41,20892
8,14,26,20893
2,6,17,20894
7,14,26,20895
6,6,13,20896
2,7,15,20897
1,3,6,20899
6,11,20,20900
4,10,21,20901
3,12,24,20902
2,4,4,20903
9,14,25,20904
2,4,4,20905
2,4,4,20906
1,1,1,20907
9,12,29,20908
3,7,22,20909
0,12,29,20910
1,7,16,20911
5,12,25,20912
2,6,17,20913
10,14,25,20914
8,14,26,20915
2,4,12,20916
9,11,21,20917
3,9,22,20918
4,13,33,20919
1,1,1,20920
6,20,36,20921
7,13,25,20922
2,4,4,20923
2,2,10,20924
3,4,14,20925
3,6,17,20926
4,10,21,20927
3,4,14,20928
3,10,27,20929
5,17,34,20930
1,1,1,20931
7,8,11,20932
2,4,4,20933
2,4,4,20934
6,16,29,20935
6,6,13,20936
1,3,6,20937
6,16,29,20938
8,22,42,20939
4,8,22,20940
2,2,2,20941
1,2,2,20942
8,15,34,20943
0,4,12,20944
0,0,0,20945
0,0,0,20946
0,10,22,20947
0,0,1,20948
10,14,25,20949
4,5,17,20950
4,4,4,20951
4,7,17,20952
4,10,22,20953
0,0,0,20954
5,11,24,20955
1,7,17,20956
0,0,0,20957
4,7,17,20958
5,12,27,20959
4,8,20,20961
0,0,1,20962
3,11,31,20963
6,11,21,20964
3,12,24,20965
4,11,31,20966
9,13,30,20967
4,13,22,20968
8,15,31,20969
7,11,27,20970
10,14,25,20971
4,12,32,20972
1,3,5,20973
6,16,30,20974
8,11,27,20975
10,14,25,20976
7,11,21,20977
8,21,38,20978
7,11,27,20979
6,6,13,20980
3,12,24,20981
4,11,31,20982
8,11,27,20983
3,4,14,20984
0,1,1,20985
8,8,11,20986
6,18,39,20987
2,2,10,20988
2,4,4,20989
1,3,2,20990
6,6,13,20991
3,4,14,20992
3,5,15,20993
7,9,12,20994
9,22,42,20995
7,8,11,20996
3,12,24,20997
10,14,25,20998
4,4,4,20999
1,5,12,21000
3,13,32,21001
3,5,12,21002
4,5,8,21003
7,16,33,21004
6,20,41,21005
8,21,40,21006
6,22,40,21007
0,0,0,21008
0,6,15,21009
7,13,30,21010
4,12,27,21011
4,8,19,21012
0,2,6,21014
0,2,2,21015
0,0,0,21016
7,9,12,21017
3,13,32,21018
6,6,13,21019
6,6,13,21020
8,17,34,21021
7,19,40,21022
8,14,26,21023
2,8,19,21024
3,11,31,21025
6,16,30,21026
1,3,6,21027
1,1,1,21028
0,0,1,21029
6,16,34,21030
10,11,21,21031
0,1,1,21032
2,2,6,21033
6,20,36,21034
6,6,13,21035
0,2,5,21036
3,13,27,21037
0,6,15,21038
1,3,3,21039
2,6,17,21040
2,2,6,21041
4,7,17,21042
0,0,0,21043
10,14,25,21044
4,4,4,21045
7,16,33,21046
0,7,14,21047
5,9,22,21048
3,11,19,21049
6,12,18,21051
1,1,1,21054
0,0,0,21055
1,3,5,21056
2,2,2,21057
2,11,19,21058
0,0,0,21059
6,17,35,21060
2,7,11,21061
3,8,12,21062
1,1,2,21063
10,17,37,21064
5,8,12,21065
5,12,16,21066
7,16,24,21067
10,12,15,21068
5,20,32,21069
5,8,11,21070
9,11,14,21071
5,8,11,21072
8,12,18,21073
4,18,39,21074
10,16,33,21075
5,19,40,21076
5,21,43,21077
2,2,6,21078
9,16,35,21079
9,16,35,21080
2,11,16,21081
5,20,42,21082
1,7,10,21083
2,9,20,21084
3,8,17,21085
1,1,2,21086
2,2,2,21087
0,3,7,21088
3,10,18,21089
6,13,18,21090
10,18,40,21091
3,19,40,21092
3,10,23,21093
9,18,38,21094
5,19,40,21095
2,9,20,21096
2,18,32,21097
1,5,7,21098
5,20,42,21099
0,0,0,21100
8,12,17,21101
0,0,0,21102
5,17,30,21103
6,12,18,21104
0,0,2,21105
6,8,17,21106
0,0,1,21107
2,12,21,21108
8,9,23,21109
3,6,12,21112
2,8,18,21113
4,10,24,21114
2,10,27,21115
3,7,15,21116
1,6,8,21117
4,9,17,21118
3,10,27,21119
4,10,25,21120
2,6,12,21121
4,7,15,21122
7,9,23,21123
3,7,15,21124
4,9,24,21125
2,3,11,21126
1,1,1,21127
0,0,2,21128
4,7,15,21129
0,1,1,21130
0,1,1,21131
2,4,5,21132
0,0,0,21133
0,0,0,21134
2,4,5,21135
2,4,5,21136
0,1,1,21137
2,4,5,21138
1,4,4,21139
1,4,4,21140
0,3,13,21141
0,0,0,21142
0,6,18,21143
1,2,11,21144
1,1,3,21145
1,2,11,21146
4,4,11,21148
1,1,7,21149
0,6,18,21150
1,1,9,21151
0,1,1,21152
2,4,16,21153
0,1,1,21154
1,1,1,21155
4,4,16,21156
4,4,16,21157
4,4,16,21158
1,2,2,21159
0,0,0,21160
1,2,2,21161
2,3,6,21162
3,3,6,21163
3,3,6,21164
3,3,6,21165
2,3,6,21166
3,3,6,21167
2,3,6,21168
0,3,6,21169
3,9,18,21170
0,3,6,21171
16,19,37,21172
1,6,9,21173
2,11,18,21174
4,4,13,21175
5,6,14,21176
2,11,18,21177
0,0,0,21178
0,0,0,21179
0,5,10,21180
3,10,19,21181
0,5,10,21182
2,4,8,21183
1,4,6,21184
5,8,11,21185
15,19,37,21186
15,19,37,21187
2,2,2,21188
5,8,11,21189
6,8,11,21190
3,5,9,21191
15,19,37,21192
15,19,37,21193
2,9,13,21194
0,5,11,21195
5,6,12,21196
5,8,10,21197
4,4,11,21198
14,19,37,21199
2,4,6,21200
4,4,13,21201
15,19,37,21202
3,10,16,21203
4,4,13,21204
3,10,19,21205
14,19,37,21206
3,6,14,21207
3,10,19,21208
1,6,9,21209
0,2,3,21210
5,6,13,21211
1,9,15,21212
2,11,18,21213
0,3,6,21214
0,0,0,21215
10,19,37,21216
0,0,0,21217
0,3,8,21218
0,0,0,21219
0,0,0,21220
1,1,1,21221
2,2,5,21222
7,7,11,21223
0,8,14,21224
7,7,11,21225
0,0,0,21226
7,7,11,21227
7,7,11,21228
7,7,11,21229
7,7,11,21230
7,7,11,21231
18,19,37,21232
1,2,7,21233
18,19,37,21234
9,19,36,21235
2,3,6,21236
19,19,37,21237
0,6,12,21238
7,7,11,21239
3,6,16,21241
0,2,9,21242
4,7,17,21243
1,4,9,21244
4,6,16,21245
3,6,16,21247
0,1,2,21248
3,7,15,21249
4,7,17,21250
1,4,9,21251
0,1,1,21252
1,1,1,21253
4,6,16,21254
4,6,16,21255
1,4,9,21256
3,11,20,21257
3,20,40,21258
8,21,41,21260
8,18,37,21261
1,1,9,21262
6,13,30,21263
2,11,18,21264
1,4,11,21265
12,18,25,21266
2,10,19,21267
0,4,11,21268
3,8,13,21269
0,5,9,21270
11,32,42,21271
1,18,29,21272
11,16,35,21273
4,5,12,21274
3,11,19,21275
2,11,22,21276
1,1,1,21277
9,20,39,21278
5,10,21,21279
6,12,18,21280
14,33,65,21281
7,12,21,21282
1,1,5,21283
3,17,34,21284
7,30,61,21285
11,16,35,21286
5,32,63,21287
4,17,33,21289
12,18,29,21291
11,28,36,21292
6,11,17,21293
6,13,26,21294
13,24,29,21297
1,1,9,21298
1,21,38,21299
1,4,14,21300
9,20,38,21301
5,8,13,21302
11,22,42,21303
4,24,41,21304
1,10,17,21306
9,24,46,21307
2,17,27,21308
10,29,53,21309
1,1,8,21310
1,1,8,21311
1,10,24,21312
1,3,11,21314
1,1,8,21315
1,11,23,21317
5,24,41,21319
1,1,8,21320
6,14,32,21321
13,24,35,21322
2,8,13,21324
12,17,23,21325
8,11,18,21326
6,20,24,21327
3,17,37,21328
10,17,35,21329
15,36,75,21330
17,32,69,21331
2,19,37,21332
6,12,26,21333
1,5,15,21334
6,12,18,21335
6,26,59,21336
6,10,16,21337
4,17,22,21338
7,25,59,21339
6,25,55,21340
1,5,15,21341
1,5,15,21342
12,22,30,21343
0,3,11,21344
6,24,46,21345
10,20,39,21346
7,15,30,21347
7,11,18,21348
11,24,42,21349
12,18,25,21350
15,15,46,21351
6,12,18,21352
7,18,32,21353
6,10,16,21354
2,11,22,21355
7,11,18,21356
5,32,63,21357
2,9,14,21358
4,27,59,21359
6,20,32,21360
13,25,30,21361
2,18,36,21362
2,5,10,21363
1,17,21,21364
12,22,30,21365
7,24,45,21366
4,11,23,21367
5,18,29,21368
13,27,49,21369
8,25,44,21370
15,25,32,21371
3,18,38,21372
6,12,24,21373
9,16,28,21374
9,21,39,21375
6,14,26,21376
4,11,19,21377
1,1,4,21378
5,18,27,21379
1,1,7,21380
12,22,30,21381
1,1,1,21382
6,17,22,21383
6,8,13,21384
4,11,23,21386
12,26,51,21387
12,21,43,21388
7,17,24,21389
0,4,8,21390
6,22,44,21391
2,8,12,21392
11,21,28,21393
6,14,32,21394
15,15,46,21395
14,29,73,21396
15,15,46,21397
11,21,28,21398
7,16,29,21399
10,31,62,21400
5,10,21,21401
0,8,11,21402
4,21,39,21403
10,14,34,21404
2,9,19,21405
4,8,19,21406
15,15,46,21407
0,0,1,21408
1,23,49,21409
5,22,43,21410
12,34,64,21411
15,35,76,21412
5,21,38,21413
2,16,24,21414
7,23,44,21415
3,18,29,21416
7,29,50,21417
2,9,19,21418
2,5,10,21419
6,14,32,21420
11,24,44,21421
2,19,39,21422
6,12,26,21423
15,25,36,21424
2,19,37,21425
15,28,54,21426
15,15,46,21427
1,4,14,21428
7,16,29,21429
2,5,10,21430
6,22,42,21431
5,19,36,21432
8,15,22,21433
15,15,46,21434
6,12,25,21435
6,20,32,21436
11,14,24,21437
8,12,19,21438
4,17,33,21439
3,6,12,21440
7,23,45,21441
14,27,46,21442
5,11,18,21443
0,1,5,21444
4,8,21,21445
8,25,44,21446
10,16,39,21447
9,26,59,21448
3,14,26,21449
6,20,31,21450
11,25,42,21451
10,19,42,21452
1,10,17,21453
8,16,33,21454
13,23,45,21455
8,21,26,21456
11,34,60,21457
11,13,21,21458
4,21,45,21459
11,25,44,21460
16,35,73,21461
9,21,42,21462
2,16,38,21463
1,7,9,21464
11,17,36,21465
8,30,71,21466
4,11,19,21467
15,25,33,21468
6,19,36,21469
1,5,15,21470
12,28,51,21471
2,7,13,21472
4,7,18,21473
10,19,42,21474
7,8,13,21475
4,30,53,21476
2,14,28,21477
3,11,19,21478
5,34,69,21479
9,11,18,21480
7,15,29,21481
7,24,45,21482
8,19,37,21483
6,37,75,21484
3,9,14,21485
9,21,42,21486
2,5,12,21487
6,14,32,21488
5,8,19,21489
1,1,1,21490
13,33,76,21491
11,32,73,21492
10,25,45,21493
10,32,75,21494
12,27,48,21495
6,12,18,21496
7,14,24,21497
12,21,43,21498
11,32,42,21499
15,28,54,21500
6,12,18,21501
11,25,43,21502
15,15,46,21503
3,8,17,21504
13,32,74,21505
13,25,47,21506
14,33,77,21507
8,18,33,21508
6,22,51,21509
11,24,43,21510
0,20,32,21511
16,32,72,21512
11,24,42,21513
12,18,25,21514
4,11,18,21515
8,12,19,21516
6,28,51,21517
8,17,23,21518
1,10,22,21520
6,32,60,21521
11,18,29,21522
1,1,5,21523
2,19,37,21524
2,10,19,21525
7,14,25,21526
1,17,24,21527
0,6,7,21528
3,18,29,21529
1,2,2,21530
3,11,19,21531
11,32,40,21532
3,9,14,21533
7,11,20,21534
1,1,8,21535
13,28,40,21536
3,20,41,21537
12,25,32,21538
10,19,31,21539
6,12,27,21540
1,1,8,21541
6,11,20,21542
6,14,29,21543
6,12,25,21544
7,14,23,21545
9,18,38,21546
11,34,66,21547
7,26,47,21548
6,27,60,21549
12,24,30,21550
3,11,17,21551
8,25,44,21552
6,23,53,21553
9,11,18,21554
3,11,19,21555
13,31,71,21556
6,20,31,21557
10,32,76,21558
15,15,46,21559
7,22,43,21560
15,15,46,21561
11,18,39,21562
11,19,25,21563
3,8,13,21564
7,37,74,21565
5,12,21,21566
10,31,62,21567
3,19,36,21568
5,29,54,21569
10,19,36,21570
3,11,20,21571
10,19,36,21572
9,18,33,21573
6,8,13,21574
11,19,38,21575
6,10,22,21576
7,33,68,21577
1,1,7,21578
2,4,15,21579
10,20,39,21580
8,25,44,21581
4,18,29,21582
7,17,33,21583
8,11,18,21584
15,15,46,21585
7,21,41,21586
12,28,51,21587
6,11,22,21588
6,13,27,21589
3,11,17,21590
7,23,58,21591
5,11,24,21592
10,19,42,21593
3,15,32,21594
13,28,39,21595
3,15,30,21596
15,15,46,21597
10,25,50,21598
2,8,12,21599
1,10,23,21600
8,23,29,21601
6,13,26,21602
10,25,50,21603
5,21,43,21604
6,25,55,21605
9,21,43,21606
16,35,73,21607
6,33,70,21608
13,33,77,21609
13,31,54,21610
15,22,43,21611
7,26,59,21612
5,16,41,21613
6,11,17,21614
0,4,7,21615
2,12,30,21616
10,32,58,21617
0,6,9,21618
1,11,16,21619
6,14,29,21620
10,29,70,21621
6,11,17,21622
8,21,41,21623
10,31,62,21624
6,17,31,21625
7,26,47,21626
3,8,21,21627
11,24,45,21628
2,11,23,21629
3,20,41,21630
3,11,20,21631
12,18,29,21632
5,12,21,21633
5,34,69,21634
3,18,29,21635
8,27,49,21636
2,19,40,21637
3,11,17,21638
7,22,43,21639
6,33,64,21640
0,14,45,21641
7,13,21,21642
15,15,46,21643
11,24,45,21644
3,5,12,21645
11,21,28,21646
2,4,15,21647
2,9,14,21648
5,10,21,21649
4,5,12,21650
7,24,45,21651
10,24,62,21652
5,24,29,21653
15,31,72,21654
15,15,46,21655
10,19,41,21656
12,18,26,21657
0,7,20,21658
6,8,17,21659
2,10,23,21660
5,11,34,21661
3,4,5,21662
1,7,22,21663
0,2,4,21664
1,9,15,21665
0,6,14,21666
1,7,22,21667
1,6,11,21668
4,10,30,21669
2,12,33,21670
2,14,34,21671
8,17,40,21672
1,5,15,21673
0,5,13,21674
9,19,46,21675
1,4,12,21676
1,7,23,21677
0,4,6,21678
1,5,8,21679
1,6,18,21680
1,6,11,21681
1,11,26,21682
6,10,32,21683
3,5,6,21684
2,5,8,21685
3,7,20,21686
3,3,7,21687
5,10,33,21688
3,9,25,21689
1,3,7,21690
2,5,12,21691
12,15,40,21692
6,8,17,21693
3,3,7,21694
4,15,39,21696
6,10,32,21697
1,5,8,21698
6,8,17,21699
1,6,9,21700
1,11,26,21701
3,3,7,21702
6,14,36,21703
2,12,33,21704
1,2,4,21705
8,17,40,21706
1,6,19,21707
4,10,30,21708
2,8,23,21709
2,7,18,21710
0,4,11,21711
14,17,42,21712
3,7,25,21713
5,10,32,21714
3,12,27,21715
14,17,42,21716
3,5,6,21717
3,12,32,21718
2,5,17,21719
2,4,6,21720
2,5,17,21721
0,4,11,21722
1,7,24,21723
3,9,27,21725
6,8,17,21726
6,8,17,21727
6,8,17,21728
1,1,1,21729
6,8,17,21730
1,6,19,21731
3,3,7,21732
9,15,40,21733
3,6,17,21734
9,14,40,21735
5,12,35,21736
6,8,17,21737
8,17,40,21738
9,14,40,21739
3,3,7,21740
1,1,1,21741
5,14,31,21742
3,20,39,21743
0,1,3,21744
8,13,26,21745
4,15,29,21746
2,8,24,21747
0,1,7,21748
0,1,5,21749
3,14,33,21751
0,0,5,21752
8,8,13,21753
0,0,4,21754
6,24,43,21755
6,17,35,21756
4,10,16,21757
0,1,5,21758
5,8,13,21759
2,8,24,21760
2,3,9,21761
1,3,9,21762
8,24,46,21763
6,13,27,21764
8,20,30,21765
7,15,33,21766
3,3,9,21767
7,8,13,21768
7,13,21,21769
8,8,13,21770
5,8,13,21771
6,12,23,21772
3,8,15,21773
7,16,34,21774
1,11,27,21775
7,23,43,21776
4,10,16,21777
4,20,37,21778
7,12,26,21779
7,17,35,21780
8,18,36,21781
5,20,36,21782
6,13,20,21783
5,12,29,21784
1,1,1,21785
9,21,33,21786
4,12,18,21787
9,21,34,21788
7,22,40,21789
4,12,26,21790
12,12,26,21791
6,15,33,21792
1,5,7,21793
4,15,34,21794
1,13,24,21795
0,1,5,21796
8,12,26,21797
8,21,32,21798
6,18,30,21799
1,1,4,21800
2,3,8,21801
3,8,15,21802
3,12,26,21803
4,12,26,21804
7,15,33,21805
0,9,17,21806
2,10,27,21807
0,3,10,21808
0,3,10,21809
9,17,29,21810
3,8,21,21811
7,8,13,21812
7,17,35,21814
0,4,9,21815
0,0,5,21816
1,8,15,21817
0,4,9,21818
3,8,15,21819
3,12,26,21820
0,4,9,21821
6,9,15,21822
0,2,7,21823
0,0,1,21824
0,2,6,21825
0,3,10,21826
7,13,22,21827
0,0,0,21828
0,4,4,21829
3,12,26,21830
1,15,31,21832
1,2,6,21833
2,10,22,21834
7,12,25,21835
7,8,13,21837
2,12,29,21838
1,4,8,21839
1,9,15,21841
0,3,10,21842
7,8,13,21843
4,10,16,21844
5,8,13,21845
6,24,43,21846
7,15,33,21847
4,20,39,21849
0,0,0,21850
8,12,26,21851
7,15,33,21852
8,8,13,21853
8,15,33,21854
8,15,33,21855
2,3,6,21856
6,18,27,21857
8,16,35,21858
7,8,13,21859
1,15,32,21860
1,2,6,21861
7,8,13,21862
6,17,35,21863
0,6,15,21864
4,10,16,21865
1,2,6,21866
8,8,13,21867
1,4,8,21868
0,3,10,21869
1,1,4,21870
1,4,8,21871
0,4,9,21872
0,4,9,21873
8,14,33,21874
0,1,7,21875
7,21,42,21876
5,12,29,21878
2,4,8,21879
2,5,9,21880
3,4,9,21881
2,6,14,21882
2,6,14,21883
4,11,25,21884
2,5,9,21885
6,9,22,21886
1,6,11,21887
3,4,9,21888
2,6,14,21889
1,5,11,21890
3,4,10,21891
7,9,24,21892
3,4,8,21893
6,12,29,21894
3,12,29,21895
6,10,26,21896
3,4,8,21897
5,9,22,21898
1,4,4,21899
4,10,26,21900
2,5,9,21901
3,7,18,21902
3,4,10,21903
1,5,10,21904
1,7,17,21905
2,4,10,21906
2,6,13,21907
3,4,6,21908
4,6,17,21909
1,3,5,21910
0,5,8,21911
3,4,6,21912
4,6,17,21913
3,5,13,21914
1,2,6,21915
4,6,17,21916
3,4,6,21917
0,1,4,21918
1,1,3,21919
3,5,13,21920
3,4,6,21921
4,6,17,21922
2,5,11,21923
1,5,14,21924
1,4,12,21925
4,10,17,21926
2,6,8,21927
5,7,11,21928
5,7,11,21929
0,11,18,21930
1,10,18,21931
0,0,0,21932
0,0,0,21933
5,7,11,21934
6,7,13,21935
4,7,12,21936
5,7,11,21937
3,6,9,21938
5,7,13,21939
1,11,18,21940
5,7,11,21941
6,7,12,21942
6,7,11,21943
5,6,8,21944
4,4,10,21945
6,7,12,21946
3,7,12,21947
15,15,46,21948
15,15,46,21949
4,4,10,21950
2,2,3,21951
0,0,0,21952
2,2,3,21953
2,4,10,21954
0,0,1,21955
2,2,3,21956
4,4,10,21957
15,15,46,21958
4,4,10,21959
6,7,12,21960
7,7,12,21961
15,15,46,21962
4,4,10,21963
15,15,46,21964
15,15,46,21965
2,2,3,21966
15,15,46,21967
4,4,10,21968
15,15,46,21969
15,15,46,21970
2,2,2,21971
7,7,12,21972
1,1,1,21973
0,1,1,21974
1,1,1,21975
2,2,5,21976
2,2,5,21977
1,2,5,21978
1,1,2,21979
1,1,2,21980
0,0,0,21981
2,3,9,21983
0,2,10,21984
2,2,11,21985
1,2,10,21986
0,0,0,21987
1,4,11,21988
0,0,0,21989
1,4,14,21990
1,2,10,21991
0,0,0,21992
1,1,1,21993
2,3,9,21994
5,8,12,21995
1,8,11,21996
0,2,3,21997
2,7,10,21998
1,8,11,21999
7,8,11,22000
5,8,11,22001
5,8,12,22002
5,8,11,22003
7,8,11,22004
3,7,10,22005
4,7,10,22006
5,8,12,22007
5,8,11,22008
5,7,10,22009
1,7,10,22010
5,8,12,22011
0,1,6,22012
4,6,15,22013
2,9,22,22014
6,17,27,22015
4,11,17,22016
8,14,29,22017
2,2,7,22018
1,1,11,22019
3,14,24,22021
1,17,27,22022
5,15,27,22023
14,22,40,22024
6,14,22,22025
0,6,12,22026
0,0,0,22027
2,2,2,22028
2,20,28,22029
2,2,2,22030
0,0,0,22031
6,17,31,22032
10,17,44,22033
2,9,22,22034
5,5,6,22035
1,9,23,22036
1,5,17,22038
1,2,7,22039
5,16,26,22040
1,14,24,22041
6,17,31,22042
12,18,45,22043
5,13,30,22044
6,18,30,22045
7,9,16,22046
13,22,40,22047
7,15,24,22048
13,17,45,22049
4,6,26,22050
11,18,44,22051
1,1,3,22052
7,19,30,22053
3,5,8,22054
7,15,31,22055
6,8,12,22056
1,14,24,22057
13,19,34,22058
7,9,19,22059
7,20,33,22060
3,9,21,22061
3,5,6,22062
1,14,47,22063
3,4,13,22064
13,22,40,22065
6,13,27,22066
6,17,31,22067
9,16,24,22068
6,21,53,22069
7,16,43,22070
0,0,2,22071
13,21,39,22072
14,19,46,22073
3,5,7,22074
8,15,24,22075
3,11,17,22076
7,9,16,22077
8,11,25,22078
10,17,44,22079
4,16,38,22080
6,16,31,22081
7,13,29,22082
8,11,26,22083
7,9,19,22084
6,8,11,22085
3,16,32,22086
1,1,11,22087
4,5,15,22088
6,20,35,22089
9,16,33,22090
4,21,59,22091
15,17,44,22092
4,7,29,22093
0,4,14,22094
1,1,11,22095
5,13,29,22096
4,8,31,22097
2,15,26,22098
8,18,31,22099
0,4,14,22100
3,14,24,22101
8,18,37,22102
3,4,13,22103
1,5,12,22104
3,10,21,22105
5,5,7,22106
16,17,44,22107
1,1,11,22108
3,18,29,22109
3,12,23,22110
2,10,18,22111
9,17,25,22112
3,5,7,22113
8,11,26,22114
5,13,30,22115
4,14,27,22116
13,23,42,22117
13,22,40,22118
0,2,2,22119
2,2,7,22120
7,20,34,22121
8,9,21,22122
3,15,27,22123
13,17,44,22124
4,17,34,22125
5,16,28,22126
7,10,18,22127
4,10,38,22128
13,19,34,22129
13,22,40,22130
7,14,22,22131
3,12,21,22132
1,1,11,22133
3,11,23,22134
6,15,25,22135
9,17,33,22137
13,24,42,22138
2,2,7,22139
3,11,15,22140
6,20,51,22141
3,5,19,22142
7,17,30,22143
0,2,7,22144
2,17,25,22145
5,12,20,22147
5,5,6,22148
3,8,19,22149
4,15,27,22150
1,9,24,22151
2,6,13,22152
1,3,6,22153
1,3,11,22154
0,0,2,22155
7,17,27,22156
1,4,16,22157
0,2,9,22158
3,9,16,22159
2,17,26,22160
8,17,25,22161
7,11,26,22162
8,9,21,22163
3,10,22,22165
2,2,6,22166
0,0,3,22167
13,22,40,22168
8,11,25,22169
8,11,25,22170
7,10,18,22171
8,11,26,22172
3,11,24,22173
0,6,11,22174
4,6,26,22175
1,1,3,22176
4,9,17,22177
1,7,14,22178
1,11,41,22179
1,7,12,22180
0,3,6,22181
4,6,16,22182
2,6,13,22183
1,14,24,22184
6,13,20,22185
5,15,24,22186
2,3,10,22187
1,18,34,22188
0,5,13,22189
0,5,11,22190
0,0,0,22191
3,8,21,22192
2,20,29,22193
3,17,25,22194
6,14,22,22195
2,6,15,22196
0,1,3,22197
2,11,20,22198
0,4,10,22199
0,2,9,22200
10,20,35,22201
6,14,32,22202
5,15,27,22203
14,21,39,22204
4,12,18,22205
3,14,24,22206
7,14,23,22207
0,3,10,22208
3,5,6,22209
5,15,24,22210
1,4,13,22211
0,0,5,22212
1,5,11,22213
2,10,17,22214
1,2,3,22215
4,5,6,22216
1,1,3,22217
4,14,26,22218
1,4,13,22219
7,14,22,22220
1,4,10,22221
5,16,30,22222
7,11,26,22223
1,9,14,22224
13,21,39,22225
6,12,26,22226
4,13,20,22227
6,15,22,22228
1,16,32,22229
1,6,15,22230
3,10,21,22231
5,14,22,22232
1,15,25,22233
6,8,12,22234
2,9,17,22235
4,6,16,22236
7,11,26,22237
16,17,43,22238
6,16,27,22239
6,16,39,22240
8,11,25,22241
3,11,24,22242
9,17,25,22243
14,17,44,22244
14,17,43,22245
6,18,29,22246
8,11,26,22247
6,15,22,22248
5,13,28,22251
1,8,24,22252
2,13,26,22253
8,18,31,22254
7,14,26,22255
13,23,42,22256
7,15,24,22257
6,16,28,22258
7,14,26,22259
4,5,6,22260
0,5,10,22261
6,15,29,22262
3,14,24,22263
3,7,11,22264
2,3,10,22265
2,10,13,22266
3,9,21,22267
1,7,14,22268
0,0,5,22270
0,0,2,22271
1,8,14,22272
0,6,12,22273
5,9,17,22274
3,12,27,22275
2,2,2,22276
1,1,3,22277
1,2,5,22278
3,5,7,22279
1,4,10,22280
0,2,9,22281
7,14,23,22283
5,10,19,22284
5,17,30,22285
7,14,23,22286
5,10,19,22287
0,4,6,22288
0,0,0,22289
3,6,8,22291
8,14,31,22292
0,0,0,22293
3,4,9,22295
4,7,10,22296
8,12,31,22297
7,12,30,22298
1,7,11,22299
8,14,32,22300
4,5,7,22301
1,7,11,22302
1,1,2,22303
6,6,7,22304
2,15,31,22305
2,10,25,22306
9,13,32,22307
3,7,10,22308
3,4,9,22309
5,15,32,22310
4,11,25,22311
1,12,28,22312
9,13,31,22313
5,10,27,22314
5,6,7,22315
9,13,32,22316
1,1,3,22317
2,6,9,22318
9,13,32,22319
2,2,4,22320
9,14,32,22321
8,12,30,22322
0,0,0,22323
4,6,6,22324
0,7,9,22325
1,5,19,22327
3,7,10,22328
0,0,0,22329
2,7,10,22330
1,7,11,22331
0,3,7,22332
1,1,2,22333
4,12,30,22334
3,7,10,22335
2,4,10,22336
1,8,13,22337
4,6,7,22338
2,8,11,22339
0,0,0,22340
5,6,6,22341
9,14,31,22342
0,5,10,22343
2,6,9,22344
1,5,7,22345
4,6,6,22346
3,5,12,22347
2,2,4,22348
4,4,10,22349
3,4,9,22350
4,4,10,22351
2,6,9,22352
1,8,13,22353
2,7,10,22354
0,0,0,22355
2,6,9,22356
3,7,10,22357
0,0,0,22358
0,0,0,22359
2,2,4,22360
1,8,13,22361
3,7,10,22362
3,6,13,22363
1,1,2,22364
0,1,2,22365
0,0,0,22366
0,0,0,22367
3,12,29,22368
3,7,10,22369
2,2,4,22370
13,16,34,22371
13,15,32,22372
2,5,8,22373
2,5,12,22374
2,4,7,22375
0,0,0,22376
4,5,7,22377
0,0,0,22378
5,15,33,22379
4,6,6,22380
9,15,32,22381
1,7,21,22382
3,5,12,22383
2,9,21,22384
6,6,7,22385
0,0,0,22386
1,4,12,22388
3,5,12,22389
4,4,10,22390
1,8,12,22391
0,0,0,22392
1,7,11,22393
2,2,4,22394
13,16,34,22395
0,1,2,22396
0,8,13,22397
3,6,12,22399
0,6,7,22400
4,10,17,22401
10,16,31,22402
0,0,0,22403
10,12,26,22404
4,10,17,22405
4,10,17,22406
1,3,3,22407
4,10,16,22408
10,14,22,22409
10,12,23,22410
10,15,27,22411
4,8,12,22412
4,9,16,22413
3,3,4,22414
4,9,16,22415
4,10,15,22416
2,3,3,22418
11,14,23,22419
4,10,19,22420
5,15,30,22421
4,10,19,22422
3,8,12,22423
1,3,4,22424
4,4,7,22425
9,13,26,22426
1,12,25,22427
4,8,12,22428
4,10,18,22429
4,10,17,22430
8,16,30,22431
10,16,32,22432
11,14,26,22433
10,15,27,22434
2,13,29,22435
10,12,23,22436
10,16,31,22437
4,9,16,22438
9,13,21,22439
10,13,27,22440
9,14,22,22441
7,13,21,22442
10,15,27,22443
10,14,27,22444
12,14,24,22445
10,16,32,22446
10,16,31,22447
10,12,23,22448
5,10,15,22449
4,10,17,22450
11,14,22,22451
3,19,34,22452
1,1,6,22453
0,8,13,22454
5,14,30,22455
9,20,38,22456
10,20,37,22457
3,3,4,22458
1,2,8,22459
7,16,32,22460
2,8,15,22461
2,2,9,22462
8,16,33,22463
2,14,28,22464
12,21,40,22465
2,14,28,22466
5,8,14,22467
5,8,14,22468
1,1,5,22469
12,19,36,22470
1,4,10,22471
13,21,39,22472
1,8,15,22473
5,8,14,22474
1,1,3,22475
0,8,13,22476
0,3,8,22477
1,7,13,22478
1,1,4,22479
2,4,10,22480
0,0,0,22481
1,1,5,22482
1,6,9,22483
13,21,39,22484
6,18,34,22485
1,6,9,22486
1,3,9,22487
1,1,5,22488
0,3,8,22489
1,1,3,22490
12,21,39,22491
12,21,39,22492
1,4,10,22493
6,18,34,22494
9,19,36,22495
1,4,10,22496
2,7,14,22497
1,10,17,22498
1,3,9,22499
2,5,7,22500
8,21,39,22501
9,20,37,22502
12,20,36,22503
5,8,14,22504
10,11,25,22505
3,8,14,22506
1,1,1,22507
5,8,13,22508
2,2,9,22509
12,21,40,22510
2,5,9,22511
0,0,0,22512
12,22,40,22513
11,22,40,22514
1,1,5,22515
1,1,4,22516
1,6,10,22517
11,11,25,22518
2,6,9,22519
4,19,32,22520
2,5,12,22521
3,3,4,22522
1,6,10,22523
1,1,4,22524
12,19,36,22525
1,1,1,22526
11,21,39,22527
4,13,25,22528
9,21,40,22529
2,14,28,22530
4,16,31,22531
6,8,15,22532
2,19,28,22533
2,12,18,22534
3,11,25,22535
4,6,16,22536
0,4,11,22537
7,24,39,22538
11,17,36,22539
3,6,17,22540
7,9,22,22541
5,10,23,22542
6,7,12,22543
5,15,31,22544
13,20,32,22545
5,10,23,22546
14,20,34,22547
13,15,27,22548
0,9,21,22549
11,17,36,22550
8,13,20,22551
8,10,16,22552
6,12,25,22553
11,15,27,22554
11,17,36,22555
1,7,14,22556
13,15,27,22557
11,17,36,22558
11,17,36,22559
7,9,22,22560
8,16,25,22561
2,4,7,22562
4,12,20,22563
5,15,31,22564
5,10,19,22565
8,13,20,22566
3,4,12,22567
0,11,21,22568
13,20,34,22569
0,6,15,22570
2,14,26,22572
3,12,25,22573
6,20,35,22574
4,5,9,22575
6,12,26,22576
7,22,36,22577
9,15,24,22578
3,6,16,22579
1,4,11,22580
6,10,24,22581
7,12,26,22582
17,20,34,22583
2,14,27,22584
6,9,19,22585
17,20,33,22586
2,4,7,22587
17,20,34,22588
3,12,26,22589
4,10,20,22590
6,14,28,22591
7,12,26,22592
4,6,17,22593
12,21,33,22594
6,12,26,22595
7,15,27,22596
13,15,27,22597
1,13,23,22598
8,9,22,22599
1,2,6,22600
5,12,25,22601
8,10,16,22602
8,10,16,22603
7,16,32,22604
13,15,27,22605
6,15,24,22606
3,18,29,22607
12,19,29,22608
8,18,28,22609
4,5,9,22610
1,7,13,22611
3,3,11,22612
2,4,7,22613
10,18,28,22614
10,18,28,22615
10,13,20,22616
3,9,22,22617
6,14,28,22618
4,5,10,22619
4,11,21,22620
11,15,26,22621
8,15,24,22622
2,6,15,22623
1,4,9,22624
1,6,13,22625
3,16,27,22626
4,7,14,22627
1,3,6,22628
1,5,10,22629
5,16,30,22630
4,12,20,22631
2,4,7,22632
2,2,2,22633
2,2,5,22634
7,14,28,22635
1,13,32,22636
5,12,20,22637
13,15,27,22638
9,16,25,22639
17,20,33,22640
2,2,5,22641
3,6,18,22642
9,12,26,22643
12,15,27,22644
2,3,7,22645
0,0,0,22646
9,19,30,22648
9,15,24,22649
1,4,9,22650
1,7,13,22651
8,10,16,22652
1,6,11,22653
0,1,3,22654
1,7,14,22655
2,3,8,22656
2,5,13,22657
9,9,22,22658
1,3,7,22659
2,6,14,22660
7,12,26,22662
0,0,1,22663
5,19,29,22664
5,17,27,22665
17,20,34,22667
8,13,20,22668
0,6,15,22669
6,12,26,22670
7,19,31,22671
5,11,25,22672
1,10,15,22673
2,2,4,22674
2,2,5,22676
5,15,31,22677
0,12,18,22678
1,4,9,22679
6,8,15,22680
6,9,22,22681
6,8,15,22682
0,0,1,22683
16,20,34,22684
6,13,20,22685
2,15,27,22686
7,9,22,22687
7,23,38,22688
13,16,28,22690
6,20,35,22691
12,15,27,22692
16,20,32,22693
8,13,20,22694
4,14,24,22695
7,14,28,22696
1,3,7,22697
6,10,24,22698
4,13,24,22699
6,8,15,22700
1,1,3,22701
5,13,27,22702
6,8,14,22703
13,15,27,22704
8,10,16,22705
3,4,12,22706
4,9,17,22707
2,2,7,22708
1,3,7,22709
1,2,6,22710
1,2,7,22711
1,2,6,22712
2,2,7,22713
0,2,8,22714
2,2,7,22715
0,2,10,22716
1,2,7,22717
2,2,2,22718
1,2,5,22719
1,2,4,22720
1,3,7,22721
0,2,10,22722
6,13,28,22723
0,1,7,22724
12,13,29,22725
11,13,30,22726
0,2,7,22727
11,13,30,22728
12,13,29,22729
12,13,29,22730
1,2,7,22731
11,13,29,22732
2,2,2,22733
2,14,32,22734
1,4,8,22735
1,4,8,22736
2,8,17,22737
4,9,13,22738
5,9,17,22739
1,1,2,22740
0,0,1,22741
4,10,16,22743
2,3,7,22744
0,0,0,22745
1,1,1,22746
2,8,17,22747
6,10,21,22748
2,6,9,22749
3,11,17,22750
3,7,12,22751
6,9,18,22752
2,3,7,22753
7,10,21,22754
4,7,11,22755
4,8,14,22756
0,0,0,22757
1,5,11,22758
6,11,23,22759
2,6,9,22760
2,3,7,22761
6,12,20,22762
2,5,12,22763
1,7,16,22764
3,9,23,22765
4,10,25,22766
6,12,26,22767
0,3,6,22768
1,3,7,22769
5,11,24,22770
2,8,17,22771
1,1,1,22772
1,3,7,22773
4,10,24,22774
1,6,11,22775
4,9,22,22776
6,13,28,22777
4,13,29,22778
7,13,28,22779
7,12,25,22780
4,9,18,22781
8,12,28,22782
5,12,26,22783
6,12,29,22784
2,2,5,22785
1,2,8,22786
0,5,17,22787
4,8,20,22789
1,2,8,22790
5,8,21,22791
4,8,18,22792
4,8,17,22793
1,2,5,22794
4,8,19,22795
4,8,20,22796
4,8,20,22797
4,8,20,22798
6,8,20,22799
4,8,19,22800
0,0,0,22801
13,25,50,22802
3,19,37,22803
0,0,0,22804
0,0,0,22805
2,17,30,22806
13,29,59,22807
3,24,45,22808
5,12,20,22810
5,11,21,22811
13,25,50,22812
3,11,22,22813
7,17,26,22814
0,1,1,22815
5,10,21,22816
3,10,16,22817
2,9,16,22818
2,8,15,22819
2,11,21,22821
12,18,32,22822
3,10,22,22823
3,14,26,22824
1,3,11,22825
3,19,37,22826
7,17,26,22828
1,9,18,22829
0,0,0,22830
6,12,20,22831
13,29,59,22832
11,35,65,22833
10,10,21,22834
12,16,28,22835
2,11,22,22836
8,18,32,22837
12,30,54,22838
6,31,57,22839
12,18,32,22840
8,16,23,22841
3,17,37,22842
3,18,36,22843
2,2,2,22844
2,11,22,22846
4,20,40,22847
12,18,32,22848
6,13,20,22849
12,15,27,22850
8,19,33,22851
6,9,16,22852
4,7,13,22853
12,30,58,22854
2,6,19,22855
6,30,55,22856
6,14,25,22857
10,26,54,22858
13,29,58,22859
5,36,65,22860
10,28,60,22861
12,22,44,22862
9,15,24,22863
6,12,20,22864
8,16,22,22865
12,30,58,22866
10,28,60,22867
2,9,16,22868
12,16,28,22869
5,23,42,22870
5,10,21,22871
3,24,45,22872
4,20,40,22873
10,15,27,22874
12,29,60,22875
10,18,32,22876
0,3,7,22877
12,16,28,22878
5,10,16,22879
5,14,23,22880
11,35,65,22881
12,29,51,22882
5,12,20,22883
6,16,22,22884
3,3,7,22885
5,11,14,22886
12,19,37,22887
1,1,2,22888
9,18,35,22889
5,11,21,22890
12,22,41,22891
5,27,42,22892
8,18,32,22893
5,17,26,22894
2,11,22,22895
4,37,68,22896
0,0,0,22897
2,2,3,22898
2,11,22,22899
3,3,7,22900
5,12,20,22901
5,11,21,22902
6,14,19,22903
2,3,10,22904
1,1,5,22905
10,26,54,22906
3,20,40,22907
5,11,23,22908
8,18,32,22909
4,20,40,22910
15,25,49,22911
0,2,3,22912
5,36,65,22913
1,6,13,22914
3,17,26,22915
4,20,40,22916
2,11,22,22917
4,7,11,22918
12,15,27,22919
0,0,0,22920
10,28,60,22921
10,15,27,22922
2,2,2,22923
11,35,65,22924
5,10,21,22925
2,2,2,22926
11,21,44,22927
2,12,17,22928
5,14,21,22929
5,25,39,22930
3,3,7,22931
3,3,7,22932
6,14,21,22933
13,29,58,22934
7,17,26,22935
2,2,4,22936
9,11,24,22937
6,14,22,22938
4,4,7,22939
0,2,4,22940
12,22,41,22941
5,11,21,22942
13,29,59,22943
3,3,7,22944
3,10,16,22945
2,2,4,22946
1,13,27,22947
3,8,13,22948
3,8,13,22949
5,11,21,22950
6,25,41,22951
1,10,21,22952
12,30,54,22953
6,11,23,22954
1,2,3,22955
0,1,6,22956
0,0,2,22957
0,1,5,22958
0,1,6,22959
0,1,6,22960
1,1,6,22961
0,1,6,22963
1,1,1,22964
1,1,1,22965
0,1,6,22966
1,1,4,22967
0,1,2,22968
0,0,0,22969
0,0,0,22970
0,1,3,22971
1,1,3,22972
0,0,2,22973
1,2,6,22974
0,0,0,22975
2,2,6,22976
2,2,7,22977
0,0,0,22978
2,2,7,22979
0,0,4,22980
0,0,4,22981
0,0,4,22983
1,1,2,22984
0,0,0,22985
0,0,0,22986
0,0,1,22987
1,1,5,22988
1,1,4,22989
0,0,0,22990
1,2,8,22991
1,1,7,22992
1,2,8,22993
0,0,0,22994
1,2,8,22995
2,3,10,22996
4,4,8,22997
2,5,6,22998
4,5,8,23000
0,6,10,23001
7,8,15,23002
2,3,5,23003
1,1,1,23004
4,4,8,23005
7,8,14,23006
1,7,11,23007
1,3,3,23008
4,4,8,23009
1,4,16,23010
1,4,9,23011
7,8,15,23012
3,3,16,23013
0,0,0,23014
3,3,16,23015
7,8,16,23016
7,8,15,23017
7,8,14,23018
4,4,8,23019
1,2,4,23020
1,5,8,23023
1,5,8,23024
0,5,6,23025
1,7,11,23026
2,3,5,23027
7,8,16,23029
1,7,11,23030
0,0,0,23031
0,6,10,23032
1,1,10,23033
2,2,7,23034
1,1,9,23035
1,2,3,23036
11,12,25,23037
1,2,3,23038
1,1,2,23039
1,1,2,23040
0,1,1,23041
1,1,2,23042
11,11,25,23043
11,11,24,23044
11,11,24,23045
11,12,25,23046
11,12,25,23047
11,11,25,23048
11,11,24,23049
1,1,2,23050
10,12,25,23051
1,1,4,23052
3,4,6,23053
1,1,1,23054
2,3,6,23055
2,5,9,23056
2,5,9,23057
1,4,7,23058
0,1,4,23059
4,4,8,23060
5,5,14,23061
12,19,34,23062
4,7,17,23063
10,25,41,23064
12,19,34,23065
12,19,34,23066
11,17,37,23067
3,8,16,23068
3,8,15,23069
12,19,34,23070
9,19,44,23071
9,15,22,23072
4,4,11,23073
3,4,8,23074
1,15,32,23075
1,15,33,23076
6,7,21,23077
0,5,9,23078
7,10,17,23079
10,18,27,23080
5,12,20,23081
3,8,20,23082
5,5,14,23083
0,4,11,23084
4,4,11,23085
6,18,41,23086
2,10,21,23087
7,10,15,23088
7,22,38,23089
5,10,19,23090
9,18,43,23091
13,18,43,23092
5,10,17,23093
2,5,9,23094
4,4,11,23095
6,7,21,23096
4,8,18,23097
5,5,14,23098
4,4,11,23099
4,11,28,23100
9,18,44,23101
9,19,44,23102
12,19,34,23103
4,4,11,23104
3,13,21,23105
3,4,8,23106
4,10,22,23107
1,18,39,23108
4,9,16,23109
0,0,1,23110
3,7,13,23111
2,10,19,23112
1,6,13,23113
5,8,16,23114
12,19,34,23115
0,13,26,23116
6,9,18,23117
7,8,12,23118
2,8,20,23119
7,17,25,23120
3,4,10,23121
3,8,16,23122
1,1,4,23123
3,6,17,23124
0,7,14,23125
7,11,27,23126
1,6,11,23127
13,21,38,23128
3,5,9,23129
5,9,16,23130
1,1,4,23131
1,8,14,23132
6,10,18,23133
1,14,33,23134
0,0,2,23135
4,7,13,23136
6,6,11,23137
5,8,20,23138
2,10,21,23139
1,9,18,23140
3,13,22,23141
3,14,21,23142
7,10,26,23143
6,6,11,23144
5,9,16,23145
3,8,18,23146
4,4,11,23147
6,8,23,23148
6,9,24,23149
10,18,43,23150
0,9,13,23151
6,18,41,23152
4,17,37,23153
1,23,39,23154
5,9,19,23155
0,15,33,23156
10,14,29,23157
11,17,37,23158
5,9,17,23159
9,18,43,23160
12,19,34,23161
6,6,13,23162
9,18,43,23163
9,17,41,23164
3,13,21,23165
4,4,11,23166
1,1,5,23167
7,11,27,23168
2,16,34,23169
0,4,11,23170
10,14,29,23171
6,8,22,23172
4,4,11,23173
8,10,26,23174
4,8,16,23175
5,7,16,23176
6,18,41,23177
5,9,16,23178
1,3,8,23179
16,18,43,23180
1,1,4,23181
8,25,41,23182
0,5,9,23183
4,8,16,23184
6,9,24,23185
0,4,11,23186
4,4,11,23187
9,18,44,23188
10,15,22,23189
2,9,18,23190
0,4,11,23191
1,15,33,23192
0,13,26,23193
6,11,18,23194
1,11,19,23195
3,6,13,23196
2,8,14,23197
4,11,21,23198
3,14,21,23199
1,11,22,23200
5,7,19,23201
2,10,21,23202
1,6,13,23203
0,9,17,23204
7,22,38,23207
4,4,11,23208
4,8,16,23209
0,1,4,23210
1,8,15,23211
4,4,11,23212
3,7,16,23213
0,2,6,23214
2,13,23,23215
4,8,16,23216
3,9,18,23217
6,7,15,23218
2,5,11,23219
3,8,15,23220
4,7,17,23221
10,20,36,23222
7,22,37,23223
1,8,12,23224
1,3,7,23225
4,10,16,23226
2,7,14,23227
3,8,16,23228
3,9,18,23229
0,1,1,23230
4,10,21,23231
2,6,13,23232
0,1,3,23233
3,13,21,23234
8,17,26,23235
12,19,34,23236
8,22,38,23237
3,9,14,23238
2,10,20,23239
2,4,7,23240
9,16,23,23241
1,5,9,23242
10,20,36,23243
3,11,19,23244
4,9,16,23245
4,7,17,23246
1,1,2,23247
6,17,33,23248
1,7,16,23249
0,0,0,23250
3,10,22,23251
5,12,24,23252
0,2,3,23253
9,12,24,23254
7,12,23,23256
1,2,7,23257
0,0,1,23258
7,17,35,23259
9,12,24,23260
11,12,24,23261
0,0,1,23262
1,1,3,23263
0,2,3,23264
11,12,24,23265
9,12,24,23266
0,2,4,23267
10,12,24,23268
15,17,33,23269
10,12,24,23270
6,12,24,23271
7,17,32,23272
6,12,24,23273
10,12,24,23274
16,17,33,23275
0,0,0,23276
10,17,32,23277
11,17,33,23278
11,12,24,23279
13,17,35,23280
11,17,32,23281
0,8,17,23282
10,17,32,23283
6,17,33,23284
7,17,32,23285
1,1,4,23286
1,1,1,23287
9,12,24,23288
10,12,24,23289
1,1,3,23290
0,1,3,23291
1,1,1,23292
5,16,34,23293
0,0,0,23294
8,12,24,23295
9,12,24,23296
1,1,1,23297
3,8,19,23298
7,9,17,23299
11,13,22,23300
7,9,17,23301
1,4,7,23302
2,8,16,23303
1,8,11,23304
2,10,20,23305
3,12,20,23307
1,1,2,23308
1,7,15,23309
6,9,18,23310
0,3,4,23311
0,2,4,23312
6,9,18,23313
1,1,3,23314
7,9,17,23315
0,3,10,23316
2,8,16,23317
11,13,23,23318
0,10,16,23319
1,1,4,23320
1,1,3,23321
1,7,15,23322
12,13,21,23323
0,0,0,23324
1,1,2,23325
8,10,19,23326
7,10,19,23327
3,9,18,23328
12,13,22,23329
0,2,4,23330
6,9,18,23331
11,13,22,23332
1,2,3,23333
6,9,18,23334
12,12,20,23335
1,1,4,23336
1,12,19,23337
7,9,17,23338
6,14,24,23339
8,12,20,23340
1,8,11,23341
1,2,5,23342
10,12,20,23343
2,7,13,23344
10,14,23,23345
2,11,18,23346
7,9,17,23347
7,10,19,23348
0,0,0,23349
1,7,10,23350
1,13,26,23351
6,6,9,23352
5,11,26,23353
5,27,48,23354
2,15,29,23355
1,14,32,23356
11,20,29,23357
2,11,25,23358
5,29,57,23360
0,13,25,23361
11,14,23,23362
0,6,18,23363
15,29,58,23364
1,9,20,23365
1,22,32,23366
2,15,26,23367
3,12,21,23368
20,24,44,23369
0,10,18,23370
5,9,15,23371
3,5,13,23372
1,3,8,23373
12,28,59,23374
6,11,27,23375
23,29,58,23376
20,29,58,23377
6,11,27,23378
11,19,28,23379
9,12,29,23380
20,24,45,23381
20,24,45,23382
6,26,54,23383
16,28,72,23384
20,24,44,23385
13,14,25,23386
9,32,72,23387
1,17,34,23388
8,13,28,23389
4,7,14,23390
20,29,58,23391
5,11,27,23392
2,17,40,23393
5,13,28,23394
17,26,67,23395
20,29,57,23396
14,33,75,23397
5,10,14,23398
5,14,20,23399
13,14,25,23400
10,14,20,23401
15,28,53,23402
9,23,55,23403
21,29,57,23404
17,28,71,23405
1,4,12,23406
4,9,25,23407
9,33,77,23408
15,30,57,23409
2,5,13,23410
4,7,10,23411
19,23,44,23412
20,24,45,23413
17,26,67,23414
1,10,15,23415
4,4,7,23416
8,13,28,23417
4,8,11,23418
4,9,13,23419
4,11,26,23420
11,21,35,23421
3,8,25,23422
1,4,7,23423
16,26,64,23424
15,29,58,23425
9,33,77,23426
23,29,58,23427
6,11,26,23428
1,11,27,23429
19,23,48,23430
16,26,59,23431
5,8,16,23432
8,12,24,23433
24,29,58,23434
3,9,25,23435
16,27,69,23436
13,15,24,23437
15,29,58,23438
7,17,48,23439
19,23,48,23440
1,2,4,23441
16,28,72,23442
11,13,28,23443
16,28,71,23444
9,11,27,23445
21,24,45,23446
14,28,54,23447
8,13,28,23448
11,12,26,23449
26,30,58,23450
3,10,15,23451
11,14,23,23452
1,7,10,23453
11,13,25,23454
9,29,63,23455
1,19,29,23456
11,18,27,23457
21,29,57,23458
19,23,48,23459
6,17,32,23460
8,27,56,23461
0,13,25,23462
9,33,77,23463
11,13,28,23464
21,29,58,23465
4,7,9,23466
20,24,44,23467
1,17,34,23468
2,31,62,23469
5,8,16,23470
5,7,9,23471
3,11,16,23472
5,12,23,23473
0,14,23,23474
0,2,7,23475
4,8,15,23476
7,14,23,23477
11,17,28,23478
5,7,10,23479
4,7,10,23480
4,7,14,23481
0,4,9,23482
9,15,29,23483
0,1,6,23484
4,10,15,23485
11,14,23,23486
13,14,25,23487
5,13,28,23488
1,19,29,23489
20,23,43,23490
19,23,46,23491
22,28,57,23492
3,28,56,23493
11,20,29,23494
16,27,69,23495
15,28,56,23496
18,23,45,23497
9,33,76,23498
13,14,25,23499
1,7,16,23500
6,13,27,23501
5,6,9,23502
9,12,18,23503
9,12,17,23504
4,9,16,23505
24,29,58,23506
21,24,45,23507
21,24,45,23508
17,27,68,23509
9,29,61,23510
5,14,20,23511
8,17,48,23512
19,23,44,23513
11,18,31,23514
16,28,71,23515
20,24,45,23516
4,11,26,23517
0,10,23,23518
2,7,21,23519
13,28,56,23520
14,28,54,23521
11,19,30,23522
11,15,29,23523
11,13,28,23524
4,17,35,23525
7,17,48,23526
8,12,18,23527
23,29,57,23528
10,33,77,23529
9,33,76,23530
11,14,23,23531
4,9,25,23532
20,24,45,23533
21,24,45,23534
21,28,56,23535
0,3,14,23536
6,11,27,23537
13,15,28,23538
14,28,58,23539
2,7,16,23540
4,8,14,23541
2,5,13,23542
0,5,13,23543
2,6,13,23544
21,29,58,23545
2,6,12,23546
14,28,57,23547
1,14,26,23548
17,29,59,23549
2,5,19,23550
11,21,35,23551
6,28,55,23552
2,10,24,23553
4,6,9,23554
4,11,26,23555
11,13,28,23556
19,23,44,23557
25,30,59,23558
5,14,20,23559
0,0,0,23560
4,21,49,23561
13,14,25,23562
3,5,13,23563
6,7,14,23564
20,23,43,23565
9,11,26,23566
11,18,27,23567
15,28,53,23568
20,29,58,23569
8,16,31,23570
24,28,58,23571
9,33,76,23572
14,28,54,23573
9,32,72,23574
23,28,58,23575
3,7,18,23576
5,10,22,23577
2,7,13,23578
2,6,12,23580
0,1,2,23581
2,7,13,23582
4,11,24,23583
2,4,10,23584
5,10,22,23585
4,11,24,23586
2,7,14,23587
5,11,23,23588
2,2,3,23589
6,10,24,23590
2,6,12,23591
0,6,17,23592
5,13,28,23593
4,11,24,23594
6,10,24,23595
1,7,16,23596
2,2,4,23597
3,10,22,23598
2,4,8,23599
4,10,22,23600
4,11,24,23601
3,7,13,23602
8,8,20,23603
1,1,1,23604
2,4,16,23605
7,10,27,23606
8,8,20,23607
9,10,24,23608
1,2,2,23609
6,7,14,23610
5,7,12,23611
0,0,0,23612
9,10,27,23613
7,7,14,23614
1,7,11,23615
6,11,35,23616
3,7,14,23617
0,0,0,23618
8,13,22,23619
8,10,20,23620
6,7,14,23621
10,11,30,23622
4,8,18,23623
6,7,14,23624
0,7,14,23625
9,10,26,23626
8,10,19,23627
8,8,20,23628
8,11,25,23629
1,2,5,23630
6,9,18,23631
4,7,16,23632
0,1,2,23633
3,12,34,23634
8,8,20,23635
3,7,14,23636
3,7,14,23638
0,5,10,23639
0,5,10,23640
5,7,14,23641
6,7,14,23642
7,7,14,23643
0,0,0,23644
8,8,20,23645
1,1,1,23646
8,8,19,23647
0,0,0,23648
1,2,5,23649
5,13,39,23650
8,13,22,23651
0,5,10,23652
3,7,23,23653
3,11,35,23654
2,9,31,23655
1,1,3,23656
7,7,14,23657
2,9,27,23658
7,7,14,23659
4,7,14,23660
1,1,3,23661
3,12,32,23662
2,7,14,23664
2,9,31,23665
0,0,1,23666
6,12,31,23667
2,5,8,23668
7,7,15,23669
0,0,0,23670
6,7,14,23671
6,7,14,23672
1,1,3,23673
9,10,28,23674
1,2,5,23675
4,12,35,23676
4,7,15,23677
6,12,31,23678
1,7,10,23679
2,11,18,23680
3,6,21,23681
4,7,14,23682
6,7,14,23683
2,4,16,23684
1,5,17,23685
1,5,17,23686
1,1,3,23687
7,7,15,23688
3,6,15,23689
0,5,14,23690
1,1,3,23691
7,7,15,23692
0,0,0,23693
3,7,23,23694
5,13,39,23695
6,11,35,23696
10,10,29,23697
4,8,16,23698
9,12,31,23699
1,7,26,23700
10,11,30,23701
8,12,31,23702
10,10,28,23703
10,11,23,23704
10,18,28,23705
10,18,28,23706
4,13,55,23708
4,18,64,23709
13,15,28,23710
2,2,5,23711
16,19,64,23712
6,19,27,23714
1,4,6,23715
3,13,19,23716
6,7,10,23717
9,18,28,23718
2,4,5,23719
3,5,6,23720
16,19,64,23721
2,6,8,23722
1,18,41,23723
4,9,13,23724
4,19,68,23725
0,4,4,23726
15,18,62,23727
1,3,6,23728
2,6,9,23729
5,9,14,23730
13,15,29,23731
1,4,13,23732
0,8,18,23733
4,8,20,23734
10,18,28,23735
13,15,28,23736
8,11,23,23737
15,18,63,23738
10,17,26,23739
3,14,20,23740
7,13,20,23741
4,20,73,23742
2,2,6,23743
6,8,18,23744
16,19,64,23745
13,14,27,23746
3,11,23,23747
1,5,22,23748
10,11,23,23749
10,11,23,23750
17,19,64,23751
15,20,69,23752
8,12,18,23753
5,8,19,23754
14,15,30,23755
5,8,12,23756
4,5,17,23757
3,13,19,23758
0,0,2,23759
0,0,0,23760
4,11,46,23761
10,11,23,23762
5,17,24,23763
3,5,17,23764
13,15,30,23765
0,14,20,23766
2,2,6,23767
1,9,21,23768
13,15,30,23769
10,11,24,23770
9,11,24,23771
14,20,65,23772
16,21,70,23773
4,8,12,23774
4,9,21,23775
13,15,28,23776
16,18,57,23777
12,16,25,23778
8,8,18,23779
4,9,13,23780
10,11,24,23781
5,21,73,23783
8,9,19,23784
6,17,25,23785
2,6,8,23786
8,19,29,23787
4,14,20,23788
16,20,65,23789
1,5,9,23790
2,7,13,23791
13,15,30,23792
2,8,15,23793
5,5,6,23794
5,7,10,23795
3,13,19,23796
0,10,20,23797
2,4,7,23798
1,3,4,23799
0,4,6,23800
8,15,25,23801
0,0,2,23802
4,9,13,23803
3,5,17,23804
2,4,10,23805
5,21,73,23806
15,19,64,23807
15,19,64,23808
6,19,27,23809
16,20,65,23810
4,14,20,23811
17,19,64,23812
0,0,0,23813
8,8,18,23814
9,12,24,23815
10,11,23,23816
3,5,6,23817
1,9,21,23818
0,4,10,23819
0,1,2,23820
5,19,29,23821
0,1,2,23822
1,1,4,23823
6,19,27,23824
0,4,6,23825
1,8,19,23826
1,2,4,23827
2,4,10,23828
6,19,27,23829
5,8,19,23830
1,5,9,23831
0,0,0,23832
3,7,10,23833
14,15,30,23834
8,8,18,23835
4,9,21,23836
13,15,29,23837
2,7,13,23838
16,21,70,23839
4,8,32,23840
0,10,20,23841
0,8,11,23842
3,5,6,23843
8,15,22,23844
1,4,8,23845
6,7,10,23846
0,7,18,23847
8,8,18,23848
14,15,30,23849
5,15,31,23850
2,7,14,23851
13,14,27,23852
4,7,10,23853
8,8,18,23854
5,9,13,23855
8,8,18,23856
13,15,28,23857
10,11,24,23858
1,1,4,23859
1,1,3,23860
0,1,4,23861
1,1,1,23862
1,1,1,23866
0,0,0,23867
1,1,1,23868
1,1,1,23869
3,3,12,23870
1,1,1,23871
0,4,11,23873
0,0,0,23874
1,4,12,23875
3,4,13,23876
3,3,3,23877
2,3,3,23878
1,2,3,23879
0,1,4,23880
0,1,4,23881
0,2,5,23882
1,2,3,23883
0,1,4,23884
0,1,5,23885
1,3,3,23886
1,1,1,23887
2,3,3,23888
2,3,3,23889
1,1,4,23890
0,0,1,23891
5,5,11,23893
5,5,10,23894
0,2,6,23895
0,1,3,23896
0,2,6,23897
5,5,10,23898
5,5,11,23899
5,5,10,23900
0,5,11,23901
3,3,7,23903
3,3,7,23904
2,3,7,23905
0,0,0,23907
2,3,7,23908
2,3,7,23909
1,1,1,23910
1,2,3,23911
1,1,1,23912
1,2,3,23913
2,2,2,23914
2,2,2,23915
1,1,1,23916
2,2,2,23917
0,1,1,23918
2,2,2,23919
1,1,4,23920
0,0,0,23921
0,0,0,23922
2,2,2,23923
3,3,11,23924
3,3,11,23925
3,3,11,23926
3,3,11,23927
3,3,11,23928
3,3,11,23929
1,3,10,23930
3,3,11,23931
3,3,11,23932
1,3,11,23933
3,9,21,23934
0,7,13,23935
2,6,18,23936
2,6,17,23937
5,11,23,23938
0,1,4,23939
4,11,24,23940
2,6,18,23941
5,9,20,23942
5,11,23,23943
2,6,14,23944
2,9,22,23945
1,6,14,23946
5,9,20,23947
1,5,11,23948
2,10,24,23949
4,10,21,23950
1,3,13,23951
3,9,21,23952
5,11,23,23953
2,9,20,23954
0,0,1,23956
0,0,0,23957
1,1,3,23958
1,2,4,23959
1,2,4,23960
1,2,4,23961
37,39,65,23962
2,24,53,23963
30,44,73,23964
18,35,60,23966
18,35,60,23967
21,51,86,23968
0,30,51,23969
4,64,90,23970
2,6,9,23971
22,35,79,23972
30,69,108,23973
3,35,65,23974
3,48,76,23975
26,43,68,23976
13,41,68,23977
16,23,42,23978
2,4,4,23979
7,33,57,23980
2,7,9,23981
30,44,73,23982
12,63,92,23983
0,0,0,23984
20,29,41,23985
3,4,4,23986
30,44,73,23987
8,22,37,23988
12,25,44,23989
23,25,35,23990
22,37,86,23991
26,43,66,23992
11,37,61,23993
1,26,37,23994
38,55,83,23996
60,79,123,23998
26,40,68,23999
18,74,125,24000
43,80,133,24001
24,25,35,24002
12,23,42,24003
15,29,57,24005
20,29,41,24006
19,35,79,24007
41,79,124,24008
34,49,71,24009
26,40,74,24010
12,23,42,24011
24,67,107,24012
32,47,65,24013
25,40,73,24015
38,58,84,24016
22,36,51,24017
4,10,18,24018
25,54,80,24019
7,21,40,24020
38,50,92,24022
37,78,123,24023
30,44,73,24025
30,44,73,24026
6,11,19,24027
22,49,84,24028
36,52,78,24029
27,48,77,24030
10,37,62,24031
48,79,130,24032
0,0,0,24033
7,41,73,24035
2,7,9,24036
22,34,66,24037
35,49,71,24038
25,62,100,24039
9,29,41,24040
8,31,58,24041
10,37,62,24042
5,13,19,24045
35,38,59,24046
15,25,46,24048
6,16,22,24049
14,20,42,24050
16,25,46,24051
4,4,7,24052
24,25,35,24053
12,16,35,24054
23,25,35,24055
20,29,41,24056
31,53,75,24058
35,49,71,24059
9,22,34,24060
10,51,89,24061
31,53,74,24062
3,10,26,24063
2,6,10,24064
35,49,71,24066
3,3,7,24067
8,68,100,24068
4,18,19,24069
48,75,119,24070
22,36,51,24073
35,49,71,24074
25,54,82,24075
11,23,35,24077
16,37,89,24078
7,49,77,24079
22,55,80,24080
1,33,46,24081
1,33,46,24082
1,33,46,24083
24,24,40,24084
25,59,100,24086
37,78,122,24087
24,68,104,24088
22,58,100,24089
23,25,35,24090
17,48,85,24091
25,59,100,24092
6,72,120,24093
24,25,35,24094
28,54,79,24095
20,29,41,24096
4,16,37,24097
59,79,123,24098
26,40,68,24099
41,79,123,24100
60,79,123,24101
30,67,105,24102
29,48,77,24103
1,1,1,24104
29,48,77,24105
22,52,77,24106
38,39,65,24107
18,39,59,24108
16,48,98,24109
38,39,65,24110
22,36,51,24111
23,32,52,24112
18,40,72,24113
22,52,88,24114
2,23,54,24115
11,18,33,24116
61,85,136,24117
21,51,86,24118
7,12,21,24119
38,49,90,24120
32,49,72,24121
20,29,41,24122
25,40,77,24123
23,25,35,24124
2,35,63,24125
20,38,60,24127
1,8,13,24128
20,54,86,24130
30,72,112,24131
38,59,85,24132
5,5,10,24133
9,37,62,24135
25,38,60,24136
25,48,74,24137
22,33,75,24138
17,37,77,24139
20,28,40,24140
38,79,132,24141
8,45,80,24142
23,25,35,24143
3,29,41,24144
17,45,80,24145
30,44,73,24146
26,56,81,24147
4,7,9,24148
24,24,34,24149
6,11,18,24150
60,79,123,24151
21,47,84,24152
7,30,54,24153
24,24,40,24154
4,4,7,24155
25,54,80,24156
16,24,43,24157
15,56,101,24159
0,0,1,24160
20,28,41,24161
4,32,69,24162
9,26,46,24163
37,39,65,24164
38,80,133,24165
27,48,96,24166
4,36,68,24167
35,78,122,24168
20,29,41,24169
4,33,58,24170
11,18,33,24171
17,55,85,24172
4,31,42,24173
13,41,68,24174
10,43,65,24176
22,37,83,24177
20,29,42,24178
18,74,125,24179
3,25,54,24180
2,8,11,24181
8,10,19,24182
24,24,34,24183
4,12,25,24184
8,10,19,24185
16,23,42,24186
35,50,75,24187
25,40,82,24188
7,14,21,24189
17,73,110,24190
37,38,59,24191
30,48,73,24192
1,33,46,24193
1,33,46,24194
48,75,119,24195
20,29,41,24196
9,38,59,24197
4,18,19,24198
20,51,76,24199
7,58,112,24200
7,13,21,24201
23,28,48,24202
35,69,111,24203
22,34,49,24204
8,33,58,24205
38,80,133,24206
18,74,125,24207
23,32,52,24208
23,25,35,24210
15,56,101,24211
8,22,37,24212
3,35,65,24213
16,23,42,24214
38,40,68,24215
19,55,85,24216
11,28,54,24217
7,21,40,24218
26,42,64,24219
18,35,60,24220
42,78,129,24221
2,14,34,24222
35,38,59,24223
28,77,130,24224
6,30,59,24225
20,56,82,24226
37,75,119,24227
7,51,85,24228
33,78,130,24229
29,56,92,24230
29,45,73,24231
21,48,96,24232
11,55,98,24233
37,78,122,24234
22,33,75,24235
23,51,85,24236
6,16,22,24237
26,40,74,24238
23,42,63,24239
8,33,58,24240
2,2,5,24242
25,54,80,24243
3,35,65,24244
0,0,0,24245
30,71,111,24246
22,33,63,24247
11,27,53,24248
15,29,57,24249
38,50,92,24251
7,51,85,24252
8,33,72,24253
17,33,50,24254
17,33,52,24255
31,53,75,24256
38,58,84,24257
32,52,70,24258
38,61,87,24259
15,26,46,24260
19,35,79,24261
1,19,24,24262
28,62,91,24263
19,61,95,24264
26,56,81,24265
25,52,85,24266
23,41,62,24267
7,13,21,24268
1,20,32,24269
15,55,98,24270
22,34,66,24271
6,16,22,24273
33,81,134,24274
29,47,73,24275
5,5,10,24276
6,31,53,24277
38,50,92,24278
52,75,122,24279
11,47,75,24280
38,58,84,24282
6,16,22,24285
3,11,19,24286
18,74,125,24287
30,81,132,24288
26,40,68,24289
19,50,77,24290
35,78,122,24291
20,29,41,24292
16,29,52,24293
0,0,0,24294
0,1,3,24295
33,81,133,24296
23,33,57,24297
33,81,133,24298
22,36,51,24299
33,82,135,24300
17,27,38,24301
55,82,130,24302
19,50,77,24303
22,38,53,24304
9,19,27,24305
9,19,27,24306
19,58,85,24307
4,4,7,24309
5,19,29,24310
1,3,5,24311
35,49,71,24312
6,18,28,24313
0,0,0,24314
3,4,4,24315
16,64,101,24316
35,38,59,24317
10,42,72,24318
16,25,45,24319
15,40,68,24320
7,42,68,24321
4,26,56,24322
37,39,65,24323
23,34,50,24324
19,63,94,24326
23,51,85,24327
30,44,73,24329
30,44,73,24330
13,26,51,24331
37,71,113,24332
21,51,86,24333
7,11,20,24334
22,34,66,24335
4,4,7,24336
14,20,42,24337
22,52,89,24338
25,78,127,24339
1,2,6,24340
37,77,128,24341
22,47,73,24342
3,11,19,24343
20,29,41,24345
1,5,10,24346
41,94,151,24347
0,0,0,24348
32,49,72,24349
15,26,46,24350
38,55,83,24351
25,48,74,24352
16,26,47,24355
29,64,99,24357
0,6,9,24358
22,64,99,24359
23,25,35,24360
23,75,114,24361
0,0,0,24363
23,48,76,24364
30,72,112,24365
0,0,0,24366
24,53,83,24367
29,48,77,24368
33,77,130,24369
0,18,28,24370
30,44,73,24372
37,39,65,24373
4,13,27,24375
15,55,98,24376
6,16,22,24377
48,77,126,24378
8,36,61,24379
29,48,77,24380
0,11,15,24381
3,11,19,24383
22,34,66,24384
29,50,84,24385
6,11,18,24386
6,68,96,24387
37,78,123,24388
13,49,74,24389
24,67,107,24390
25,46,97,24392
3,7,9,24393
5,19,33,24394
15,56,101,24395
1,2,6,24396
11,30,55,24397
35,78,122,24398
22,37,86,24399
2,24,53,24400
32,49,72,24401
23,78,117,24402
6,17,32,24404
1,2,3,24405
4,7,17,24406
7,10,27,24407
6,17,40,24409
6,8,20,24411
6,8,20,24413
4,5,9,24414
12,17,36,24415
7,7,16,24416
3,6,11,24417
8,20,38,24418
1,1,5,24423
2,2,6,24424
11,14,28,24426
1,1,1,24427
6,9,26,24429
5,16,39,24430
3,4,9,24431
3,3,5,24432
4,5,8,24434
3,3,4,24435
3,3,5,24436
11,17,37,24437
3,3,6,24438
2,2,3,24440
4,4,6,24441
7,20,39,24442
12,17,36,24444
6,13,33,24446
1,1,2,24447
3,4,9,24448
6,21,41,24449
11,21,45,24450
4,7,10,24452
4,9,13,24453
6,16,29,24454
8,16,35,24458
5,9,19,24459
6,10,27,24460
0,1,2,24461
3,12,28,24462
5,8,22,24463
4,4,6,24464
2,2,3,24465
6,13,29,24466
1,2,6,24467
2,2,7,24468
5,9,19,24469
8,16,32,24470
6,17,32,24471
5,16,39,24472
6,21,41,24473
0,0,4,24474
0,0,4,24475
11,21,45,24476
11,17,37,24480
6,13,16,24481
11,21,45,24482
7,13,27,24487
3,6,11,24488
2,7,9,24489
8,16,38,24490
8,16,37,24491
3,14,34,24492
3,5,7,24493
4,16,29,24494
1,3,6,24497
3,3,6,24499
4,4,6,24500
0,11,25,24501
5,11,21,24503
1,4,6,24504
2,8,10,24507
2,4,6,24508
6,13,16,24509
12,17,36,24510
3,3,5,24511
0,3,6,24512
2,2,3,24515
1,2,3,24516
3,10,26,24517
3,4,9,24518
2,8,23,24520
5,12,28,24521
5,8,23,24522
2,2,4,24523
7,7,18,24524
4,10,21,24525
4,8,10,24526
1,7,15,24527
4,10,20,24528
1,7,15,24529
2,7,17,24530
4,10,21,24531
1,7,17,24532
4,9,19,24533
1,4,10,24534
2,7,16,24535
4,10,21,24536
4,9,12,24537
1,4,12,24538
4,10,20,24539
4,4,7,24540
1,2,9,24541
4,5,15,24542
4,5,15,24543
4,4,7,24544
1,5,14,24545
4,5,15,24546
4,4,7,24547
4,5,15,24548
4,5,15,24549
4,5,15,24550
4,5,15,24551
1,5,14,24552
1,1,6,24553
4,5,15,24554
11,12,20,24555
7,16,30,24556
0,16,28,24557
24,30,67,24558
24,30,67,24559
0,28,57,24560
24,30,67,24561
12,17,30,24562
12,17,30,24563
2,3,12,24564
2,31,62,24565
25,30,67,24566
11,12,21,24567
11,12,21,24568
5,15,25,24569
9,14,28,24570
9,14,28,24571
2,2,4,24572
3,3,7,24573
24,30,63,24575
3,3,4,24576
24,30,66,24577
3,3,7,24578
26,30,66,24579
3,3,4,24580
24,29,64,24581
11,12,21,24582
25,29,64,24583
10,14,26,24584
9,14,28,24585
9,14,28,24586
7,29,63,24587
13,17,31,24588
0,1,2,24589
3,13,24,24590
0,3,4,24592
1,2,4,24593
11,12,20,24594
7,16,30,24595
1,2,4,24596
3,3,4,24597
0,5,7,24598
6,16,30,24599
1,2,4,24600
11,12,21,24601
11,12,21,24602
11,12,20,24603
3,3,7,24604
3,3,4,24605
10,14,28,24606
3,3,7,24607
11,12,21,24608
9,14,28,24609
7,16,30,24610
3,14,25,24611
11,17,31,24612
0,3,6,24613
11,17,31,24614
0,13,29,24615
4,12,21,24616
1,2,4,24617
25,30,67,24618
4,15,25,24619
10,16,30,24620
3,7,12,24621
11,12,21,24622
10,14,28,24623
0,3,4,24624
2,2,3,24625
2,3,11,24626
24,30,67,24627
1,6,10,24628
24,30,67,24629
25,29,63,24630
6,26,58,24631
3,3,5,24632
10,14,28,24633
2,4,9,24634
12,17,30,24635
11,16,29,24636
9,15,28,24637
7,10,20,24638
0,13,29,24639
2,13,25,24640
10,14,28,24641
23,30,67,24642
3,3,8,24643
12,16,29,24644
11,17,31,24645
2,2,3,24646
24,29,64,24647
3,3,7,24648
9,14,28,24649
26,30,66,24650
24,30,66,24651
5,28,61,24652
0,1,1,24654
7,14,25,24657
2,6,11,24658
4,4,7,24659
4,11,18,24660
7,14,25,24661
3,11,22,24662
4,6,9,24663
4,14,23,24664
9,14,25,24665
5,6,11,24666
1,2,2,24667
5,11,22,24668
4,4,9,24669
4,4,7,24670
4,6,9,24671
4,11,18,24672
8,14,25,24673
0,0,2,24674
7,14,25,24675
8,14,24,24676
0,2,4,24677
1,1,1,24678
1,2,2,24679
1,1,1,24680
0,4,6,24681
8,14,25,24682
0,3,6,24683
3,11,22,24684
3,6,12,24685
3,6,12,24686
0,0,0,24687
0,0,0,24688
5,6,11,24689
8,14,25,24690
1,2,2,24691
4,4,7,24693
0,0,0,24694
1,1,1,24695
4,11,18,24697
0,0,2,24698
1,1,1,24699
4,6,12,24701
0,3,7,24702
8,14,25,24703
4,4,7,24704
0,0,0,24705
8,14,25,24706
1,1,1,24707
1,2,2,24708
5,6,11,24709
0,0,0,24710
4,6,12,24711
4,4,7,24712
0,3,6,24713
1,1,1,24714
0,0,0,24715
7,17,40,24716
3,7,15,24717
2,5,12,24718
3,11,21,24719
2,10,18,24720
36,66,119,24721
5,5,5,24722
31,67,121,24723
6,14,22,24724
5,17,32,24725
3,12,30,24726
3,3,13,24727
3,4,14,24728
6,16,36,24729
4,19,41,24730
8,10,20,24731
8,10,19,24732
3,11,20,24733
10,13,21,24734
7,19,41,24735
5,17,31,24736
3,23,50,24737
11,12,26,24738
26,50,89,24739
33,50,87,24740
37,67,122,24741
3,23,46,24742
3,23,50,24743
17,45,83,24744
1,1,6,24745
7,14,25,24746
3,8,13,24747
7,12,22,24748
11,20,51,24749
7,11,26,24750
8,10,21,24751
6,12,19,24752
1,5,9,24753
1,8,14,24754
20,50,90,24755
11,12,26,24756
5,9,18,24757
7,11,17,24758
5,6,10,24759
7,10,21,24760
3,7,12,24761
7,7,8,24762
1,6,13,24763
4,4,16,24764
5,26,42,24765
34,61,111,24766
5,16,30,24767
11,15,35,24768
1,5,11,24769
2,7,15,24770
17,49,89,24771
11,13,33,24772
2,3,7,24773
7,7,8,24774
4,12,22,24775
11,13,33,24776
25,62,115,24777
11,16,38,24778
3,9,20,24779
1,1,4,24780
6,20,44,24781
2,7,19,24782
4,7,15,24783
0,1,6,24784
1,2,8,24785
4,19,42,24786
19,54,101,24787
6,9,25,24788
35,53,93,24789
5,5,9,24790
5,17,31,24791
3,8,15,24792
1,2,10,24793
4,7,10,24794
4,16,27,24795
10,13,21,24796
16,47,86,24797
0,17,30,24798
2,5,11,24799
4,5,8,24800
4,11,22,24801
17,44,81,24802
8,10,19,24803
3,6,17,24804
3,8,14,24805
8,12,22,24806
7,11,26,24807
1,5,9,24808
7,16,39,24809
10,12,26,24810
5,9,18,24811
35,53,92,24812
6,17,36,24813
11,12,26,24814
1,1,4,24815
4,7,15,24816
9,24,49,24817
3,23,50,24818
3,3,14,24819
4,17,44,24820
3,6,11,24821
3,9,20,24822
11,12,26,24823
0,0,0,24824
19,55,103,24825
3,7,15,24826
6,16,39,24827
11,13,20,24828
12,15,35,24829
7,16,29,24830
2,6,14,24831
2,10,26,24832
25,60,111,24833
19,61,109,24834
3,7,10,24835
9,16,42,24836
2,3,7,24837
9,16,37,24838
6,9,25,24839
1,1,3,24840
3,7,10,24841
6,11,28,24842
29,67,121,24843
2,11,16,24844
8,11,24,24845
5,8,12,24846
9,15,36,24847
5,7,13,24848
1,7,18,24849
1,2,5,24850
3,23,50,24851
5,26,42,24852
3,6,17,24853
12,15,35,24854
7,15,35,24855
11,15,35,24856
1,2,4,24857
11,13,33,24858
2,8,20,24859
3,6,17,24860
12,15,35,24861
12,15,36,24862
8,24,50,24863
31,56,96,24864
2,8,11,24865
5,13,33,24866
6,15,26,24867
8,10,19,24868
2,10,17,24869
0,9,18,24870
1,12,25,24871
4,10,21,24872
5,11,17,24873
3,9,16,24874
2,9,15,24875
8,21,43,24876
12,43,79,24877
12,15,35,24878
10,15,23,24879
2,6,17,24880
12,43,79,24881
36,62,117,24882
3,8,15,24883
1,12,24,24884
1,3,8,24885
2,6,18,24886
4,13,32,24887
12,15,35,24888
9,19,37,24889
3,16,36,24890
0,9,19,24891
6,11,15,24892
3,9,16,24893
5,5,5,24894
23,61,113,24895
1,2,4,24896
6,15,31,24897
9,19,45,24898
6,11,28,24899
5,6,10,24900
12,17,46,24901
7,9,19,24902
8,13,24,24903
8,21,43,24904
5,8,19,24905
1,6,15,24906
1,23,51,24907
31,61,113,24908
3,4,14,24909
29,67,121,24910
4,6,12,24911
5,5,5,24912
19,52,98,24913
6,15,35,24914
7,10,20,24915
4,11,21,24916
25,59,110,24917
2,11,16,24918
13,56,105,24919
7,24,52,24920
28,67,121,24921
5,5,9,24922
37,62,117,24923
3,14,29,24924
3,5,10,24925
2,7,9,24926
3,3,13,24927
2,2,3,24928
17,44,81,24929
8,12,23,24930
1,13,21,24931
4,7,15,24932
1,10,14,24933
4,11,21,24934
7,24,52,24935
3,4,16,24936
2,4,16,24937
7,10,20,24938
4,6,9,24939
1,1,4,24940
3,19,41,24941
4,7,10,24942
3,20,38,24943
3,16,39,24944
10,23,53,24945
4,5,12,24946
37,63,118,24947
35,56,105,24948
8,22,48,24949
4,7,11,24950
9,24,50,24951
17,45,83,24952
5,19,45,24953
3,3,13,24954
5,8,19,24955
6,11,28,24956
4,7,11,24957
12,12,12,24958
24,63,115,24959
5,9,18,24960
23,50,87,24961
3,11,20,24962
10,13,21,24963
3,9,17,24964
12,13,33,24965
1,2,8,24966
19,52,98,24967
5,7,13,24968
2,6,14,24969
8,10,21,24970
6,18,37,24971
33,57,107,24972
9,24,50,24973
9,16,37,24974
8,10,19,24975
11,12,26,24976
3,11,21,24977
38,61,115,24978
3,8,10,24979
2,10,22,24980
4,19,41,24981
25,59,110,24982
2,12,16,24983
10,15,23,24984
0,5,8,24985
7,24,52,24986
17,63,113,24987
4,6,9,24988
38,61,115,24989
9,10,20,24990
11,12,26,24991
19,52,99,24992
4,4,7,24993
9,19,37,24994
7,45,80,24995
35,51,88,24996
6,18,37,24997
0,8,14,24998
7,14,25,24999
1,1,3,25000
5,20,46,25001
17,45,83,25002
1,5,11,25003
8,13,24,25004
0,7,20,25005
5,16,37,25006
11,13,33,25007
3,15,28,25008
0,3,8,25009
3,23,50,25010
1,12,19,25011
3,11,17,25012
29,67,121,25013
5,15,36,25014
1,6,14,25015
5,39,72,25016
3,6,17,25017
3,4,16,25018
33,50,87,25019
1,8,17,25020
15,52,100,25021
1,8,20,25022
4,7,10,25023
6,21,47,25024
6,9,19,25025
4,19,42,25026
29,67,121,25027
7,12,25,25028
2,8,13,25029
2,7,13,25030
24,61,112,25031
1,10,19,25032
9,24,49,25033
26,50,89,25034
11,12,26,25035
3,3,13,25036
1,1,2,25037
6,18,37,25038
0,4,15,25039
33,66,119,25040
5,5,5,25041
2,2,3,25042
3,23,50,25043
6,11,28,25044
0,7,12,25045
5,17,31,25046
4,13,25,25047
11,13,20,25048
35,51,88,25049
35,53,93,25050
3,3,14,25051
12,15,35,25052
0,7,23,25053
1,7,21,25054
6,14,22,25055
19,54,100,25056
4,7,15,25057
35,51,88,25058
0,2,6,25059
2,9,16,25060
0,10,19,25061
0,2,5,25062
17,45,83,25063
5,7,13,25064
6,11,28,25065
7,20,42,25066
5,17,32,25067
8,16,36,25068
25,59,110,25069
38,61,115,25070
4,13,31,25071
8,10,19,25072
2,8,21,25073
0,2,3,25074
10,13,21,25075
8,13,24,25076
3,6,10,25077
5,6,10,25078
8,13,24,25079
7,15,35,25080
2,5,12,25081
0,8,18,25082
8,21,43,25083
36,62,117,25084
3,5,11,25085
4,4,16,25086
10,12,26,25087
4,19,41,25088
2,8,15,25089
1,6,14,25090
7,28,56,25091
3,7,12,25092
1,2,5,25093
1,5,11,25094
4,4,16,25095
3,23,50,25096
3,11,20,25097
11,12,26,25098
0,0,1,25099
0,5,8,25100
16,47,86,25101
0,0,0,25102
12,43,79,25103
1,5,15,25104
5,16,37,25105
3,12,30,25106
3,10,19,25107
3,8,15,25109
1,2,3,25110
1,6,12,25111
1,1,4,25112
1,5,11,25113
11,12,26,25114
1,7,16,25115
3,5,11,25116
3,20,38,25117
1,1,3,25118
5,18,33,25119
1,16,25,25120
1,7,21,25121
6,20,44,25122
0,0,0,25123
19,58,108,25124
9,24,50,25125
6,20,43,25126
7,9,17,25127
7,9,19,25128
17,44,81,25129
35,57,107,25130
1,10,18,25131
1,5,11,25132
0,10,19,25133
7,14,25,25134
10,13,21,25135
35,55,102,25136
7,20,42,25137
3,7,12,25139
0,2,6,25140
1,8,20,25141
3,11,20,25142
8,10,19,25143
1,13,21,25144
11,13,33,25145
4,11,22,25146
2,10,19,25147
3,9,17,25148
12,15,35,25149
6,16,39,25150
34,68,122,25151
0,2,3,25152
9,12,22,25153
6,9,19,25154
10,21,42,25155
12,15,35,25156
3,10,17,25157
7,16,29,25158
2,10,21,25159
7,15,27,25160
0,1,2,25161
0,2,5,25164
11,13,33,25165
6,15,26,25166
1,6,14,25167
4,11,22,25168
3,11,17,25169
2,14,23,25170
9,10,20,25171
8,9,18,25172
6,11,16,25173
3,14,22,25174
7,7,8,25175
1,6,8,25176
3,9,18,25177
4,7,10,25178
5,15,36,25179
6,7,16,25180
0,8,14,25181
7,45,80,25183
7,15,35,25184
1,8,18,25185
25,59,111,25187
7,13,31,25188
1,10,16,25189
17,57,104,25190
6,13,22,25191
1,1,6,25192
10,13,33,25193
5,9,18,25194
10,12,15,25195
4,16,27,25196
4,4,16,25197
2,2,3,25198
1,6,13,25199
6,16,27,25200
3,8,16,25201
1,7,12,25202
1,4,16,25203
8,21,43,25204
9,10,20,25205
1,4,15,25206
3,8,14,25207
3,10,21,25208
4,19,41,25209
4,6,12,25210
2,13,25,25211
2,14,21,25212
7,12,22,25213
9,19,45,25214
1,2,8,25215
12,17,46,25216
1,2,3,25217
3,20,38,25218
11,13,33,25219
11,13,33,25220
11,13,33,25221
0,1,6,25222
31,56,96,25223
7,15,28,25224
1,2,8,25225
3,12,30,25226
10,13,21,25227
1,2,8,25228
23,61,112,25229
7,23,50,25230
3,11,28,25231
2,7,15,25232
13,56,105,25233
3,9,20,25234
1,1,4,25235
3,8,15,25236
19,52,98,25237
35,57,107,25238
0,9,17,25239
2,5,13,25240
8,10,19,25241
7,15,29,25242
8,10,19,25243
1,1,4,25244
7,14,29,25245
4,4,17,25246
3,5,18,25247
4,7,14,25248
3,12,25,25249
2,3,6,25250
7,14,26,25251
3,6,12,25252
3,13,24,25254
1,1,3,25255
1,1,1,25256
0,0,0,25257
0,0,0,25258
4,10,21,25259
2,3,5,25260
2,5,11,25261
1,1,3,25262
7,14,27,25263
3,13,24,25264
3,5,18,25265
5,12,21,25266
3,5,9,25267
0,7,13,25268
3,4,17,25269
1,11,21,25270
3,7,18,25271
3,5,11,25272
3,5,10,25273
1,6,12,25274
4,13,20,25275
1,1,1,25276
5,8,15,25277
3,12,25,25278
3,4,6,25279
1,1,3,25280
1,1,2,25281
3,5,18,25282
5,11,21,25283
1,1,2,25284
1,1,1,25285
1,1,1,25286
3,13,24,25287
1,6,12,25288
7,14,28,25289
6,6,20,25290
5,14,31,25291
0,7,21,25292
4,15,40,25293
1,1,4,25294
12,31,85,25295
6,15,41,25296
11,30,77,25297
6,15,40,25298
6,8,25,25299
12,13,29,25300
6,8,25,25301
12,31,84,25302
7,13,33,25303
7,23,59,25304
8,27,74,25305
4,5,10,25306
4,23,68,25307
7,9,18,25308
1,1,2,25309
4,8,14,25310
1,1,4,25311
1,1,4,25312
1,4,6,25313
8,9,22,25314
7,27,78,25316
1,9,30,25317
0,4,14,25318
2,6,17,25319
7,21,55,25320
5,14,29,25321
6,15,40,25322
2,17,35,25323
0,0,0,25324
1,1,4,25325
5,14,31,25326
12,13,29,25327
7,13,32,25328
20,27,75,25329
6,15,40,25330
6,8,25,25331
5,14,31,25332
1,19,47,25333
4,5,10,25334
5,6,20,25335
5,5,15,25336
8,8,16,25337
4,19,55,25338
1,4,8,25339
6,16,42,25340
4,8,17,25341
5,6,20,25342
6,6,19,25343
1,15,44,25344
4,20,63,25345
8,27,75,25346
6,8,25,25347
5,6,20,25348
4,17,42,25349
7,21,57,25350
5,5,13,25351
0,9,22,25352
6,8,25,25353
12,13,29,25354
1,7,15,25355
6,6,20,25356
12,30,78,25357
7,27,78,25358
6,8,25,25359
1,13,40,25360
12,30,78,25361
10,24,67,25362
5,14,31,25363
8,9,22,25364
7,13,33,25365
12,31,85,25366
1,15,37,25367
0,0,0,25368
0,7,21,25369
5,6,20,25370
4,11,31,25371
12,13,29,25372
12,13,29,25373
5,14,29,25374
4,20,57,25375
12,31,85,25376
3,9,18,25377
1,1,4,25378
0,0,0,25379
0,0,0,25380
1,6,13,25381
6,16,39,25382
5,14,31,25383
7,22,61,25384
7,30,82,25385
4,16,36,25386
4,10,18,25387
1,7,15,25388
12,13,29,25389
4,13,35,25390
6,8,25,25391
2,6,17,25392
5,14,31,25393
12,28,75,25394
2,10,18,25396
4,9,17,25397
1,17,46,25398
9,18,46,25399
6,16,41,25401
14,28,75,25402
6,6,19,25403
5,14,29,25404
4,5,10,25405
3,3,5,25406
12,13,29,25407
12,13,29,25408
4,15,40,25409
7,9,18,25410
4,20,61,25411
8,9,24,25412
11,30,77,25413
2,4,7,25414
2,8,12,25415
1,2,3,25416
4,9,17,25417
6,15,40,25418
4,9,17,25419
2,7,21,25420
7,23,64,25421
6,15,40,25422
8,18,46,25423
7,22,63,25424
11,31,80,25425
4,10,18,25426
8,27,74,25427
12,13,29,25428
2,8,21,25429
5,9,21,25430
5,10,21,25431
0,8,19,25433
0,0,0,25434
4,10,22,25435
2,2,2,25436
4,8,15,25437
4,9,18,25438
2,2,2,25439
5,10,21,25441
4,8,14,25442
0,0,0,25443
2,6,18,25444
2,3,10,25445
2,2,2,25446
5,10,23,25447
2,6,11,25448
3,8,16,25449
3,7,19,25450
2,6,18,25451
3,3,8,25452
4,9,19,25453
0,0,0,25454
1,1,3,25455
4,10,22,25456
2,2,2,25457
1,3,4,25458
0,8,19,25459
1,5,9,25460
4,7,15,25461
3,4,9,25462
4,7,13,25463
3,4,9,25464
2,5,10,25465
3,8,16,25466
5,8,16,25467
4,16,27,25468
4,16,27,25469
1,15,24,25470
0,5,14,25471
8,18,36,25472
0,13,16,25473
7,23,36,25474
2,7,11,25475
5,19,33,25476
0,24,33,25477
3,14,22,25478
4,8,11,25479
7,24,56,25481
2,14,19,25482
5,47,83,25483
0,19,27,25484
6,21,27,25485
3,21,29,25486
5,22,36,25487
3,13,23,25488
1,7,11,25489
7,21,33,25490
1,9,14,25491
14,18,37,25492
3,9,12,25493
4,20,33,25494
4,11,17,25496
9,11,21,25497
11,28,56,25498
3,20,31,25499
1,24,48,25500
1,14,21,25501
14,29,62,25502
4,8,12,25503
23,45,69,25504
13,28,63,25505
2,20,37,25506
11,24,46,25507
8,12,22,25508
18,45,69,25509
16,34,70,25510
11,23,56,25511
2,14,22,25512
4,28,45,25513
11,18,33,25514
4,25,36,25515
4,16,21,25516
9,23,41,25517
12,20,38,25518
5,14,24,25519
3,10,14,25520
1,10,22,25521
10,30,57,25522
1,2,2,25523
12,33,71,25524
5,21,35,25525
9,23,38,25526
9,37,79,25527
7,43,80,25528
2,8,13,25529
2,8,12,25530
4,26,52,25531
13,25,49,25532
10,27,54,25533
6,17,36,25534
6,46,76,25535
4,16,27,25536
19,23,43,25537
0,3,3,25538
9,11,21,25539
6,17,36,25540
7,17,28,25541
5,7,12,25542
9,30,58,25543
12,21,46,25544
7,21,40,25545
0,1,4,25546
13,17,36,25547
6,22,35,25548
1,9,14,25549
3,20,33,25550
4,16,29,25551
13,15,32,25552
7,24,58,25553
13,16,36,25554
2,15,28,25555
17,23,43,25556
12,26,54,25557
13,17,36,25558
4,19,25,25559
11,19,39,25560
2,5,9,25561
4,16,23,25562
11,40,59,25564
8,19,27,25565
0,24,41,25566
13,22,41,25567
5,40,65,25568
13,27,62,25569
10,24,45,25570
19,23,43,25571
9,18,33,25572
8,19,26,25573
13,17,36,25574
18,23,43,25575
13,18,37,25576
4,16,19,25577
14,29,61,25578
4,21,38,25579
9,18,34,25580
17,23,43,25581
12,26,54,25582
13,20,34,25583
5,8,12,25584
13,17,36,25585
5,8,12,25586
7,26,53,25587
17,22,48,25588
0,0,1,25589
7,28,58,25590
6,16,34,25591
10,10,21,25592
7,19,35,25593
12,26,54,25594
18,38,64,25595
11,22,37,25596
8,18,25,25597
8,16,23,25598
13,23,37,25599
8,10,19,25600
4,10,16,25601
6,13,28,25602
12,24,50,25603
7,23,36,25604
3,8,17,25605
6,17,34,25606
1,13,24,25607
7,27,43,25608
13,18,37,25609
9,14,26,25610
4,6,11,25611
7,21,37,25612
14,17,37,25613
24,43,70,25614
7,23,37,25615
1,2,5,25616
2,12,20,25617
0,1,4,25618
5,12,22,25619
14,27,62,25620
7,19,26,25621
11,16,34,25622
6,17,36,25623
7,18,34,25624
18,23,43,25625
8,18,34,25626
11,40,59,25627
9,20,37,25628
10,10,21,25629
5,29,49,25630
8,23,43,25631
2,9,12,25632
1,1,1,25633
9,15,27,25634
8,11,20,25635
8,24,45,25636
1,7,12,25637
5,18,32,25638
1,2,5,25639
7,18,31,25640
0,1,4,25641
24,42,66,25642
3,18,33,25643
0,0,1,25644
5,13,23,25645
4,9,14,25646
14,17,37,25647
11,39,60,25648
4,31,54,25649
2,3,7,25650
13,18,37,25651
5,20,33,25652
2,12,19,25653
0,1,4,25654
4,8,11,25655
4,6,11,25656
0,6,10,25657
3,11,21,25658
8,16,23,25659
24,43,70,25661
13,16,35,25662
7,21,40,25663
0,9,20,25664
12,15,34,25665
5,22,36,25666
9,24,45,25667
6,37,59,25668
3,28,47,25669
9,11,20,25671
5,17,24,25672
2,7,11,25673
12,23,51,25674
17,23,43,25675
2,5,16,25676
13,27,63,25677
8,24,37,25678
8,12,22,25679
7,19,26,25680
3,3,6,25681
9,11,20,25682
0,0,0,25683
3,9,19,25684
10,10,21,25685
8,18,36,25686
8,16,23,25687
4,22,40,25688
2,6,17,25689
1,10,17,25690
19,43,69,25691
14,27,62,25692
11,26,56,25693
2,3,4,25694
18,45,69,25695
14,29,61,25696
2,7,11,25697
4,31,54,25698
3,18,33,25699
11,23,56,25700
7,24,56,25701
21,43,70,25702
11,16,34,25703
19,24,44,25704
13,22,49,25705
4,21,25,25706
3,26,49,25707
5,40,65,25708
16,23,43,25709
9,24,45,25710
4,26,52,25711
2,3,6,25712
3,21,32,25713
0,17,36,25714
12,39,63,25715
5,28,60,25716
7,42,84,25717
13,16,35,25718
9,23,38,25719
13,41,64,25720
10,10,20,25721
10,22,42,25722
9,24,45,25723
13,21,35,25724
7,7,14,25725
21,47,71,25726
8,37,61,25727
8,8,12,25728
8,18,25,25729
13,16,36,25730
4,13,22,25731
0,0,0,25732
18,23,43,25733
9,11,21,25734
3,9,12,25735
8,12,22,25736
3,11,22,25737
3,3,6,25738
13,31,53,25739
13,16,34,25740
23,45,71,25741
5,8,12,25742
13,17,36,25743
1,3,3,25744
3,3,6,25745
10,10,20,25746
20,41,68,25747
4,10,16,25748
4,37,57,25749
4,8,11,25750
17,23,43,25751
9,14,26,25752
13,22,48,25753
17,23,51,25754
8,13,20,25755
5,21,37,25756
13,20,34,25757
5,22,36,25758
10,18,34,25759
9,21,34,25760
1,1,5,25761
9,24,45,25762
6,9,13,25763
20,43,70,25764
21,43,69,25765
4,8,11,25766
5,17,37,25767
9,18,34,25768
7,27,44,25769
19,23,43,25770
5,7,18,25771
13,16,36,25772
3,3,6,25773
13,22,48,25774
21,43,69,25775
5,8,14,25776
23,36,59,25777
13,16,37,25778
10,10,20,25779
5,8,12,25780
9,29,47,25781
3,6,16,25782
9,30,48,25783
14,23,51,25784
10,10,20,25785
4,12,22,25786
6,13,28,25787
7,13,24,25788
13,18,37,25789
4,12,22,25790
13,15,30,25791
5,22,36,25792
3,11,21,25793
13,24,50,25794
4,16,29,25795
12,26,54,25796
9,13,25,25797
2,20,37,25798
1,4,7,25799
13,31,53,25800
8,11,21,25801
8,20,39,25802
6,26,38,25803
20,42,68,25804
9,10,19,25805
4,13,17,25806
4,44,74,25807
2,21,39,25808
10,10,21,25809
9,30,58,25810
10,22,42,25811
5,18,35,25812
11,15,32,25813
13,17,36,25814
15,27,62,25815
10,24,45,25816
0,6,13,25817
17,17,26,25818
9,11,20,25819
7,18,34,25820
21,44,70,25821
12,25,58,25822
10,10,20,25823
19,23,43,25824
12,21,41,25825
12,23,51,25826
17,17,26,25827
1,2,2,25828
13,16,35,25829
5,20,29,25830
6,17,32,25831
11,32,50,25832
0,18,27,25833
5,7,12,25834
4,16,27,25835
9,24,34,25836
6,37,59,25837
5,18,32,25838
1,2,2,25839
6,18,37,25840
9,30,58,25841
9,15,27,25842
5,22,41,25843
6,43,71,25844
9,24,45,25845
5,18,31,25846
4,20,36,25847
12,24,47,25848
14,17,37,25849
3,9,13,25850
8,24,45,25851
8,19,27,25852
7,26,53,25853
7,18,34,25854
17,17,25,25855
8,19,26,25856
4,15,19,25857
6,17,36,25858
10,24,45,25859
18,22,49,25860
13,18,37,25861
13,17,36,25862
9,22,34,25863
6,7,14,25864
8,12,22,25865
7,26,54,25866
17,23,43,25867
9,16,34,25868
14,29,61,25869
6,7,14,25870
12,28,58,25871
11,23,56,25872
6,17,32,25873
7,24,58,25874
9,29,48,25875
7,19,36,25876
1,19,31,25877
9,30,58,25878
12,25,49,25879
8,29,46,25881
7,23,40,25882
4,10,14,25883
4,10,17,25884
9,13,25,25886
9,27,43,25887
2,20,38,25888
7,35,74,25889
9,24,45,25890
12,26,54,25891
16,34,70,25892
18,38,64,25893
5,9,13,25894
13,18,36,25895
5,18,32,25896
3,7,9,25897
3,7,9,25898
17,23,43,25899
3,19,34,25900
2,8,17,25901
23,45,71,25902
5,20,36,25903
2,3,6,25904
1,4,10,25905
8,15,28,25906
5,7,12,25907
13,22,49,25908
13,37,57,25909
3,11,15,25910
9,36,77,25911
6,7,15,25912
11,20,28,25913
6,11,19,25914
21,45,69,25915
5,8,11,25916
7,24,37,25917
17,17,25,25918
0,5,11,25919
15,43,67,25920
17,17,25,25921
17,22,48,25922
18,23,43,25923
4,14,18,25924
5,13,23,25925
5,8,15,25926
7,23,37,25927
4,24,45,25928
4,16,29,25929
7,7,14,25930
5,14,24,25931
8,29,54,25932
3,10,15,25933
8,34,58,25934
13,15,32,25935
5,7,13,25936
9,25,45,25937
12,40,63,25938
2,10,17,25939
5,25,55,25940
5,12,22,25941
10,28,55,25942
7,24,53,25943
7,29,48,25944
6,17,34,25945
4,14,25,25946
11,16,34,25947
23,46,72,25948
18,34,70,25949
5,12,22,25950
5,22,36,25951
5,21,32,25952
8,15,28,25953
14,29,63,25954
2,32,60,25955
1,21,41,25956
5,18,31,25957
2,19,42,25958
5,12,26,25959
4,28,45,25960
3,8,12,25961
13,22,37,25962
9,21,34,25963
9,22,41,25964
9,23,41,25965
11,26,51,25966
7,26,53,25967
14,17,37,25968
2,12,24,25970
3,22,30,25971
5,9,21,25972
7,19,26,25973
7,17,30,25974
8,11,20,25975
3,13,29,25976
13,23,37,25977
13,25,49,25978
2,7,14,25979
1,5,10,25980
1,8,17,25981
5,16,22,25982
7,7,11,25983
8,19,30,25984
4,20,31,25985
10,18,27,25987
2,7,14,25988
10,17,27,25989
2,9,25,25990
10,19,30,25991
3,6,11,25992
7,20,31,25993
0,12,19,25994
5,18,33,25995
13,18,28,25996
11,18,29,25997
2,8,12,25998
7,19,30,25999
4,14,20,26000
5,19,30,26001
2,4,8,26002
0,3,5,26003
2,4,8,26004
8,18,28,26005
5,7,15,26006
0,1,5,26007
2,2,2,26008
2,10,14,26009
2,5,9,26010
2,11,14,26011
11,18,28,26012
13,18,28,26013
2,3,4,26014
5,21,34,26015
1,5,10,26016
7,20,31,26017
9,18,25,26018
1,5,10,26019
13,18,28,26020
2,5,10,26021
7,11,19,26022
7,17,24,26023
2,3,5,26024
7,20,31,26026
2,2,7,26027
5,19,30,26028
3,5,10,26029
0,3,3,26030
10,18,28,26031
0,4,6,26032
7,7,11,26033
0,6,14,26034
0,3,6,26035
5,21,34,26036
9,17,25,26037
8,18,28,26038
9,18,27,26039
9,18,27,26040
2,2,3,26041
7,10,17,26042
7,9,14,26043
3,9,18,26044
2,4,8,26045
10,18,28,26046
12,18,28,26047
1,7,13,26048
2,2,2,26049
5,6,14,26050
7,16,24,26051
5,6,14,26052
1,2,5,26053
2,11,14,26054
5,7,14,26055
7,12,21,26056
5,19,29,26057
1,5,9,26058
10,19,30,26059
9,18,25,26060
7,7,11,26061
8,19,30,26062
0,3,7,26063
4,16,23,26064
2,7,14,26065
3,12,16,26066
4,9,17,26067
2,2,2,26068
2,5,10,26069
1,2,6,26070
1,1,1,26071
10,18,28,26072
2,2,6,26073
5,7,15,26075
1,2,7,26076
2,11,14,26077
3,6,16,26078
5,12,34,26079
6,6,10,26080
0,7,17,26081
5,12,34,26082
0,1,2,26083
3,5,7,26084
1,1,2,26085
0,0,4,26086
2,6,15,26087
6,10,29,26088
6,9,20,26089
9,11,28,26090
2,2,3,26091
5,7,18,26092
0,0,0,26093
0,5,13,26094
5,7,18,26095
0,0,3,26096
2,7,16,26097
2,9,18,26098
3,8,19,26100
2,6,15,26101
3,10,27,26102
4,7,18,26103
1,6,15,26104
3,8,19,26105
2,5,9,26106
0,0,4,26107
2,6,16,26108
3,5,7,26109
8,12,29,26110
2,3,5,26111
1,1,1,26112
2,7,16,26113
4,10,25,26114
5,10,24,26115
0,1,2,26117
0,1,2,26118
1,1,2,26119
0,2,4,26120
0,1,2,26121
3,8,19,26123
2,3,4,26124
1,10,30,26125
0,0,3,26126
3,5,7,26127
7,11,28,26128
9,11,28,26129
2,9,18,26130
2,5,10,26131
6,9,20,26132
4,14,35,26133
4,10,27,26134
1,1,3,26135
0,0,3,26136
0,1,2,26137
6,10,28,26138
6,14,37,26139
3,9,22,26140
3,5,9,26141
3,7,17,26142
1,3,5,26143
3,11,28,26144
0,1,2,26145
1,6,16,26146
0,2,4,26147
1,1,1,26148
0,0,0,26149
0,1,1,26150
4,7,19,26151
3,8,19,26152
2,4,6,26153
0,1,3,26154
0,0,1,26155
3,7,16,26156
2,9,18,26157
2,9,17,26158
1,1,3,26159
6,11,28,26160
2,8,13,26161
2,9,17,26162
0,1,2,26163
4,7,18,26164
0,2,6,26165
4,7,17,26166
6,7,12,26167
3,6,16,26168
3,8,19,26169
7,12,34,26170
4,11,30,26171
7,14,37,26172
3,10,27,26173
2,3,5,26174
0,0,0,26175
3,14,40,26176
3,6,16,26177
7,10,28,26178
1,1,2,26179
5,8,19,26180
1,4,11,26181
2,4,6,26182
1,4,10,26183
3,6,16,26184
2,2,4,26185
2,5,7,26186
6,7,12,26187
0,5,8,26188
3,10,27,26189
3,6,16,26190
4,11,30,26191
3,6,16,26192
3,7,18,26193
2,6,13,26194
4,11,30,26195
2,6,15,26196
2,7,16,26197
2,9,18,26198
7,11,28,26199
1,1,3,26201
0,0,0,26202
2,3,4,26203
0,1,4,26204
2,7,18,26205
2,4,9,26206
4,7,18,26207
2,9,25,26208
3,5,7,26209
3,5,7,26210
2,13,34,26211
1,1,1,26212
3,8,19,26213
2,6,15,26214
2,2,7,26215
6,10,21,26216
10,11,26,26217
2,11,25,26218
3,3,11,26219
6,13,34,26220
11,14,37,26221
12,19,35,26222
9,21,48,26223
9,28,55,26224
10,13,29,26225
12,17,43,26226
0,4,13,26227
7,32,56,26228
3,3,14,26229
6,8,16,26230
10,11,26,26231
10,11,26,26232
0,4,13,26233
8,12,27,26234
10,13,28,26235
1,1,1,26236
8,8,17,26237
0,6,13,26238
8,21,45,26239
9,21,35,26241
0,0,0,26243
9,21,47,26244
1,2,7,26246
0,0,0,26247
2,13,26,26248
7,17,34,26249
2,6,16,26250
11,30,59,26251
11,27,54,26252
7,13,29,26253
1,7,16,26254
12,19,35,26255
5,31,55,26256
2,8,16,26257
5,17,34,26258
9,32,57,26259
12,21,39,26260
8,29,50,26261
8,22,36,26262
12,19,35,26263
3,5,13,26264
0,0,0,26265
8,23,45,26266
2,25,43,26267
10,28,55,26268
0,4,10,26269
8,10,20,26270
0,1,1,26271
1,23,44,26272
8,23,44,26273
10,28,53,26274
1,5,13,26275
6,18,34,26276
3,3,14,26277
0,6,13,26278
0,2,6,26279
0,6,13,26280
1,7,16,26281
0,2,7,26282
8,18,37,26283
12,29,57,26284
1,2,10,26285
9,21,47,26286
1,7,16,26287
2,2,6,26289
8,21,35,26290
2,11,25,26291
10,16,32,26293
10,14,29,26294
5,17,34,26295
12,18,34,26296
9,28,55,26297
11,14,37,26298
1,1,6,26299
11,19,49,26300
8,20,34,26301
8,10,20,26302
9,12,27,26303
1,1,5,26304
5,31,55,26305
7,25,48,26306
10,25,47,26307
9,21,41,26308
6,8,16,26309
8,20,33,26310
2,9,21,26311
11,27,54,26312
0,6,13,26313
10,28,55,26314
2,8,15,26315
5,13,32,26316
9,12,27,26317
3,3,11,26318
7,17,35,26319
11,25,48,26320
7,32,58,26321
8,28,48,26322
3,3,10,26323
2,2,7,26324
11,26,50,26325
8,10,20,26326
2,3,7,26327
6,13,34,26328
0,3,9,26329
0,2,6,26330
0,4,10,26332
2,8,16,26333
2,2,5,26334
0,6,12,26335
0,0,3,26336
15,28,56,26337
1,1,4,26338
1,1,3,26339
1,1,4,26340
1,1,4,26341
1,1,4,26342
18,28,56,26343
7,24,46,26344
18,28,56,26345
8,25,50,26346
0,1,4,26347
10,28,56,26348
16,26,53,26349
16,26,53,26350
5,19,40,26351
4,18,40,26352
19,26,54,26353
16,26,53,26354
13,24,50,26355
7,28,56,26356
0,7,14,26357
15,24,50,26358
17,26,54,26359
0,0,2,26360
15,24,51,26361
13,28,56,26362
0,0,0,26363
17,26,53,26364
12,28,56,26365
17,28,54,26366
12,28,56,26367
9,28,56,26368
13,24,50,26369
16,24,51,26370
1,1,1,26371
0,1,3,26372
0,3,11,26373
1,4,7,26374
7,8,23,26375
1,4,7,26376
5,8,23,26377
2,9,25,26378
4,7,14,26379
5,11,25,26380
2,5,6,26381
7,7,9,26382
7,12,24,26383
5,8,19,26384
2,7,9,26385
1,11,26,26386
4,4,7,26387
8,13,26,26388
0,8,25,26389
1,4,7,26390
2,4,7,26391
1,4,7,26392
2,6,10,26393
9,13,26,26394
2,10,18,26395
2,8,23,26396
6,7,9,26397
1,11,27,26398
1,4,9,26399
6,8,19,26400
1,8,22,26401
1,11,28,26402
6,7,9,26403
7,12,24,26404
7,8,23,26406
5,7,9,26407
7,12,24,26408
5,7,9,26409
7,8,23,26410
0,8,23,26411
3,7,14,26412
6,7,9,26413
1,11,28,26414
5,7,9,26415
2,9,14,26416
3,7,9,26417
4,8,23,26418
7,12,24,26419
3,11,21,26420
5,8,22,26421
8,12,25,26422
3,4,7,26423
7,8,23,26424
1,6,12,26425
2,9,24,26426
7,12,24,26427
0,9,26,26428
7,12,23,26429
7,8,23,26430
3,4,9,26431
2,10,18,26432
6,8,18,26433
4,7,13,26434
7,12,24,26435
1,6,14,26436
1,13,30,26437
9,22,45,26438
2,4,8,26439
5,12,31,26440
6,22,46,26441
2,10,18,26442
8,14,27,26443
2,3,6,26444
2,10,18,26445
4,9,19,26446
8,14,27,26447
7,14,30,26448
7,21,37,26449
5,7,16,26450
4,21,35,26451
10,17,35,26452
1,11,29,26453
10,17,35,26454
6,18,32,26455
4,17,36,26456
8,18,32,26457
5,19,35,26458
9,14,28,26459
2,18,36,26460
9,22,45,26461
1,11,25,26462
2,2,4,26463
7,21,37,26464
6,21,42,26465
7,21,38,26466
0,2,2,26467
5,6,15,26468
5,7,16,26469
4,19,33,26470
2,17,33,26471
4,24,43,26472
4,24,43,26473
8,22,36,26474
11,17,35,26475
5,7,16,26476
8,17,33,26477
7,22,42,26478
4,16,35,26479
7,21,37,26480
7,17,30,26481
3,22,44,26482
3,14,28,26483
2,11,26,26484
5,11,30,26485
4,14,25,26486
4,23,46,26487
8,21,40,26489
2,19,37,26490
9,17,37,26491
5,6,15,26492
2,11,23,26493
4,9,19,26494
8,22,37,26495
4,19,33,26496
4,24,43,26498
2,17,35,26499
5,19,35,26501
8,24,46,26502
8,13,26,26503
4,11,29,26504
1,19,35,26505
3,15,31,26506
6,15,26,26507
5,6,15,26508
5,21,35,26509
4,22,38,26510
5,20,40,26511
5,20,39,26512
2,4,7,26513
5,11,29,26514
2,4,7,26515
8,21,40,26516
4,19,34,26517
4,22,40,26518
4,19,37,26519
8,21,43,26520
7,21,37,26521
5,18,34,26522
6,22,41,26524
12,29,48,26525
7,15,32,26526
12,30,49,26527
7,19,35,26528
6,9,13,26529
6,9,13,26530
7,9,15,26531
7,16,32,26532
8,11,24,26533
8,28,48,26534
2,13,27,26535
13,37,62,26536
9,11,24,26537
16,34,61,26538
16,34,61,26539
6,19,32,26540
13,35,62,26541
2,10,25,26542
5,9,28,26543
2,13,34,26544
11,15,31,26545
8,16,38,26546
13,28,53,26547
2,14,28,26548
8,11,24,26549
9,16,32,26550
6,8,24,26551
9,17,39,26552
4,14,36,26553
1,12,26,26554
6,15,33,26555
2,10,26,26556
3,12,31,26557
8,11,25,26558
5,10,25,26559
9,11,24,26560
12,31,57,26561
13,35,62,26562
13,29,55,26563
6,9,28,26564
5,9,28,26565
20,32,62,26566
3,18,43,26567
0,11,23,26569
8,15,26,26570
6,17,31,26571
9,20,36,26572
6,9,13,26573
10,23,42,26574
18,32,62,26575
17,31,58,26576
12,29,52,26577
13,28,53,26578
17,31,58,26579
12,30,56,26580
17,30,57,26581
4,24,37,26582
3,32,49,26583
2,14,35,26584
21,31,58,26585
13,28,49,26586
6,33,57,26589
18,32,58,26590
2,15,33,26591
3,8,24,26592
7,9,15,26593
5,9,27,26594
6,23,43,26595
10,25,47,26596
4,30,44,26597
5,19,34,26598
5,15,37,26599
6,18,35,26600
16,35,63,26601
14,31,57,26602
11,17,35,26604
23,35,62,26605
4,9,27,26606
19,31,62,26607
15,34,61,26608
8,12,31,26609
4,15,38,26610
3,6,22,26611
12,30,49,26612
6,21,43,26613
4,20,30,26614
10,27,50,26615
6,18,35,26616
0,12,25,26617
7,18,44,26618
17,30,59,26619
11,17,38,26620
8,16,38,26621
7,17,32,26622
7,9,13,26623
3,11,28,26624
8,18,45,26625
6,21,35,26626
6,8,24,26627
5,14,26,26628
9,16,38,26629
12,29,47,26630
12,26,47,26631
3,7,20,26632
6,14,24,26633
7,12,27,26634
10,14,35,26635
6,9,28,26636
6,8,25,26637
2,8,22,26638
0,0,4,26639
18,32,58,26640
12,16,34,26641
1,13,29,26642
8,16,31,26643
8,16,32,26644
7,18,44,26645
12,28,52,26646
4,12,34,26647
10,28,52,26648
9,16,38,26649
18,32,62,26650
4,13,26,26651
4,27,37,26652
2,10,22,26653
3,17,41,26654
0,5,16,26655
4,26,43,26656
0,2,12,26657
2,13,31,26658
2,10,24,26659
11,31,52,26660
2,12,25,26661
2,13,31,26662
6,12,33,26663
0,14,29,26664
9,17,41,26665
6,9,13,26666
7,23,44,26667
7,23,44,26668
6,9,28,26669
3,9,24,26670
9,30,48,26671
4,9,27,26672
9,17,41,26673
19,33,60,26674
6,9,27,26675
7,16,38,26676
5,17,28,26677
3,7,24,26678
3,9,24,26679
11,18,41,26680
8,17,40,26681
5,10,23,26682
2,14,35,26683
4,15,30,26684
9,18,41,26685
6,19,41,26686
3,7,23,26687
7,18,30,26688
6,9,28,26689
0,7,24,26690
10,14,35,26691
7,9,15,26692
12,29,48,26693
18,35,62,26694
9,30,48,26695
1,9,19,26696
9,31,49,26697
7,18,44,26698
13,28,54,26700
8,23,39,26701
8,8,19,26702
13,28,59,26703
2,7,13,26704
12,28,51,26705
8,8,19,26706
7,23,43,26707
7,25,57,26708
7,24,36,26709
14,29,61,26710
15,28,59,26711
14,26,48,26712
2,6,10,26713
7,34,68,26714
15,35,70,26715
7,23,43,26716
14,28,59,26717
12,20,31,26718
4,20,35,26719
16,32,67,26720
13,28,59,26721
2,8,14,26722
12,25,57,26723
2,15,26,26724
3,13,24,26725
12,36,70,26726
8,23,43,26727
12,34,68,26728
14,29,61,26729
8,8,19,26730
14,28,59,26731
14,28,59,26732
0,2,13,26733
7,19,37,26734
6,9,19,26735
2,5,10,26736
12,28,59,26737
5,29,60,26738
9,28,51,26739
14,24,55,26740
14,26,48,26741
10,20,28,26742
9,28,50,26743
3,18,30,26744
1,24,49,26745
11,30,63,26746
7,25,55,26747
10,24,52,26748
7,23,51,26749
2,15,25,26750
2,7,13,26751
9,26,42,26752
12,28,59,26753
2,6,11,26754
14,28,59,26755
7,25,57,26756
3,13,33,26757
7,25,55,26758
10,24,52,26759
6,21,37,26760
1,11,24,26763
2,8,14,26764
11,30,63,26765
2,15,26,26766
7,23,36,26767
8,26,55,26768
10,31,61,26769
2,15,30,26770
1,9,24,26771
5,16,25,26772
14,28,59,26773
9,28,51,26774
2,15,25,26776
7,25,40,26777
8,16,37,26778
12,25,45,26779
5,22,49,26781
14,28,59,26782
7,13,22,26784
12,28,59,26785
3,5,8,26786
14,32,67,26787
4,11,29,26788
12,36,70,26789
14,20,28,26790
10,25,57,26791
3,11,30,26792
6,14,25,26793
3,5,8,26794
6,12,21,26796
13,28,59,26797
13,29,63,26798
2,18,38,26799
1,15,31,26800
8,8,19,26801
8,8,19,26802
9,14,28,26803
16,30,50,26804
2,13,24,26805
4,11,20,26806
4,23,48,26807
4,9,19,26808
2,6,12,26809
8,11,24,26810
4,24,45,26811
8,9,18,26813
2,19,32,26814
15,24,41,26815
2,11,23,26816
8,18,28,26817
3,12,22,26818
7,12,24,26819
9,22,48,26820
2,8,16,26821
8,17,28,26822
6,17,30,26823
3,13,25,26824
4,25,48,26825
13,23,47,26826
0,9,21,26827
3,4,5,26828
2,10,19,26829
12,14,27,26830
3,8,18,26831
4,15,26,26832
2,5,9,26833
8,10,20,26834
13,23,42,26835
11,15,29,26836
2,23,35,26837
3,6,9,26838
4,14,26,26839
1,11,21,26840
5,7,12,26841
9,14,24,26843
15,24,41,26844
2,12,18,26845
3,19,36,26846
1,11,21,26847
1,13,24,26848
15,24,41,26849
1,13,30,26850
3,8,12,26851
5,15,27,26852
5,19,32,26853
7,24,44,26854
16,19,38,26855
16,30,50,26856
5,20,42,26857
5,15,35,26858
4,14,26,26859
8,19,43,26860
9,14,28,26861
0,11,20,26862
1,12,24,26863
7,19,36,26864
4,17,33,26865
4,20,42,26866
3,7,18,26867
7,19,36,26868
13,23,46,26869
0,4,14,26870
4,25,44,26872
1,11,24,26873
7,24,44,26874
7,24,48,26875
3,13,23,26876
8,17,28,26877
8,11,23,26878
5,15,35,26879
7,13,24,26880
2,12,18,26881
8,9,18,26882
3,14,27,26883
5,15,27,26884
15,23,42,26885
2,14,24,26886
12,14,28,26887
9,14,28,26888
13,23,47,26889
4,9,19,26890
11,14,27,26891
11,18,43,26892
2,16,33,26893
8,9,18,26894
7,24,46,26895
9,14,27,26896
15,24,43,26898
4,17,34,26899
4,6,9,26900
9,14,27,26901
9,14,27,26902
14,27,47,26903
8,9,18,26904
12,15,29,26905
3,13,25,26906
2,12,24,26908
2,11,20,26909
15,24,43,26910
10,15,30,26911
2,24,45,26912
8,10,22,26913
0,0,2,26914
6,16,26,26915
14,19,29,26916
6,33,55,26918
9,14,28,26919
12,14,27,26920
14,22,38,26921
9,22,42,26922
7,13,24,26923
16,19,38,26924
10,22,44,26925
9,23,49,26926
4,16,37,26927
9,23,45,26928
7,25,48,26929
13,31,53,26930
16,24,44,26931
10,26,49,26932
12,14,28,26933
4,10,24,26934
13,24,44,26935
9,20,37,26936
4,17,33,26937
5,14,24,26938
2,12,27,26939
4,14,35,26940
15,24,43,26941
2,14,26,26942
5,22,38,26943
3,7,18,26944
3,12,18,26945
3,20,36,26946
5,15,35,26947
8,24,41,26948
6,21,41,26949
10,23,47,26950
14,23,41,26951
0,15,30,26952
1,18,31,26953
7,13,24,26954
15,30,50,26955
3,12,24,26956
5,14,26,26957
14,24,41,26958
2,24,45,26959
2,8,15,26960
5,21,38,26961
6,6,9,26962
13,23,47,26963
9,13,26,26964
15,30,50,26965
12,21,40,26966
16,30,50,26967
4,8,18,26968
8,23,44,26969
7,15,27,26970
2,6,16,26971
11,17,39,26972
9,15,29,26973
6,13,24,26974
6,19,31,26975
11,20,41,26976
1,19,33,26977
5,14,25,26978
11,28,54,26979
1,13,26,26980
11,17,37,26981
7,12,23,26982
3,12,22,26983
2,6,16,26984
7,19,36,26985
2,14,22,26986
5,17,26,26987
10,22,44,26988
5,21,36,26989
10,19,30,26990
8,19,42,26991
6,10,22,26992
2,15,36,26993
3,12,24,26994
9,15,30,26995
8,10,22,26996
3,20,36,26997
12,24,46,26998
8,9,19,26999
1,11,22,27000
3,15,35,27001
10,27,50,27002
10,20,37,27003
12,15,29,27004
16,26,48,27005
9,14,27,27006
4,11,21,27007
10,19,30,27008
13,24,44,27009
5,15,30,27010
5,14,25,27011
4,8,13,27012
11,22,38,27013
16,24,44,27014
11,15,29,27015
14,24,41,27016
9,22,48,27017
4,17,33,27018
3,9,17,27019
11,18,43,27020
12,28,48,27021
9,13,22,27022
3,4,5,27023
4,17,33,27024
6,22,42,27025
5,22,39,27026
3,6,8,27027
9,14,27,27028
9,22,42,27029
2,19,32,27030
16,24,44,27031
1,4,7,27032
4,14,26,27033
9,10,22,27034
10,15,26,27035
8,21,41,27036
20,32,55,27037
7,12,25,27038
23,32,47,27039
13,31,52,27040
1,3,5,27041
20,32,55,27042
24,33,49,27043
0,2,10,27044
21,32,47,27045
5,27,47,27046
13,28,48,27047
3,13,25,27048
4,12,24,27049
19,31,52,27050
22,32,46,27051
8,18,35,27052
9,15,26,27053
7,20,40,27054
8,32,45,27055
3,15,29,27056
2,3,12,27057
1,6,15,27058
8,18,35,27059
4,14,26,27060
2,6,12,27061
8,10,22,27062
1,3,6,27063
3,19,37,27064
25,32,47,27065
25,33,49,27066
22,32,55,27067
4,17,32,27069
1,2,5,27070
1,5,10,27071
1,15,33,27072
2,10,19,27073
9,15,26,27077
12,20,40,27079
2,3,8,27080
8,18,34,27081
9,15,26,27082
12,32,47,27083
9,12,25,27084
1,15,30,27085
13,20,40,27086
7,20,39,27087
20,32,47,27088
10,32,47,27092
20,32,55,27095
1,2,5,27096
24,32,47,27097
12,20,40,27098
3,19,35,27099
20,32,55,27100
19,32,56,27101
5,23,38,27102
2,10,19,27103
21,32,47,27104
22,33,48,27105
3,7,13,27106
5,18,36,27107
2,2,6,27108
1,4,7,27109
21,32,46,27110
8,32,46,27111
19,32,47,27112
16,33,58,27113
8,18,35,27114
8,32,45,27115
9,10,22,27116
5,18,34,27117
6,19,42,27118
3,26,36,27119
9,10,22,27120
2,3,11,27121
1,7,18,27122
3,16,29,27123
4,8,15,27124
5,18,35,27125
7,20,37,27126
25,33,50,27127
12,20,40,27128
10,32,46,27129
19,32,55,27130
4,12,26,27131
18,32,47,27132
9,15,26,27133
5,32,46,27134
26,33,48,27135
23,32,47,27136
24,32,47,27137
9,10,21,27138
17,33,47,27139
9,15,26,27140
20,32,55,27141
19,31,52,27142
3,19,36,27143
10,15,28,27144
4,6,12,27145
5,18,33,27146
9,10,22,27147
2,3,14,27148
4,14,26,27149
2,3,6,27150
4,16,33,27151
2,10,18,27152
13,30,51,27153
14,32,47,27154
8,32,45,27155
19,31,52,27156
2,3,6,27157
4,8,15,27158
7,12,24,27159
24,32,47,27160
5,27,47,27161
7,12,28,27162
7,12,28,27163
4,17,32,27164
16,32,55,27165
20,32,56,27166
16,32,55,27167
7,20,37,27168
5,27,47,27169
5,27,47,27170
5,27,47,27171
20,32,55,27172
3,13,25,27173
20,32,54,27174
13,30,51,27175
20,31,53,27176
24,33,49,27177
6,30,42,27178
19,36,60,27179
4,8,15,27180
1,4,8,27181
9,12,25,27182
1,4,7,27183
7,20,39,27184
9,10,21,27185
20,30,42,27186
12,32,48,27187
2,11,20,27188
5,28,41,27189
5,18,33,27190
6,25,44,27191
3,26,36,27192
7,29,43,27193
1,4,7,27194
0,2,10,27195
0,4,7,27196
8,30,47,27197
22,32,46,27198
5,18,34,27199
1,4,7,27200
19,31,57,27201
13,28,48,27202
20,32,47,27203
4,13,27,27204
13,30,51,27205
5,27,47,27206
24,33,48,27207
3,26,36,27208
10,32,46,27209
24,33,49,27210
4,8,15,27211
1,1,6,27212
24,32,47,27213
15,33,47,27214
4,8,15,27215
22,32,46,27216
9,12,25,27217
6,12,22,27218
9,12,25,27219
2,6,12,27220
22,33,47,27221
9,10,22,27222
2,2,3,27224
0,2,3,27225
0,2,3,27226
0,2,3,27227
0,0,1,27228
2,2,3,27229
0,3,3,27232
3,3,3,27233
3,3,10,27234
3,3,10,27235
2,3,10,27236
0,3,10,27237
3,3,10,27238
3,3,10,27239
3,3,10,27240
3,3,10,27241
0,3,9,27242
2,4,8,27244
3,3,4,27245
2,4,7,27246
2,4,8,27247
3,3,4,27248
2,4,8,27250
0,1,2,27251
3,3,5,27252
2,2,3,27253
2,2,4,27254
0,0,1,27255
0,3,5,27256
0,3,5,27257
3,3,5,27258
6,7,19,27259
0,0,0,27260
5,8,19,27261
2,3,3,27262
6,7,19,27263
6,7,19,27264
6,7,19,27265
4,4,9,27266
3,7,19,27267
6,7,19,27268
6,7,19,27269
3,7,19,27270
5,7,20,27271
2,10,24,27272
0,0,0,27273
1,8,17,27274
2,8,19,27275
6,7,19,27276
6,6,17,27277
6,7,19,27278
0,0,0,27279
0,0,0,27280
4,7,13,27281
2,7,13,27282
2,7,13,27283
2,7,13,27284
5,7,13,27285
4,7,13,27286
1,1,5,27287
1,1,5,27288
1,1,4,27289
0,1,3,27290
1,6,11,27291
1,3,4,27292
2,3,6,27293
4,5,9,27294
2,3,6,27295
2,3,6,27296
2,3,6,27297
2,3,4,27299
0,2,4,27300
1,3,6,27301
0,4,7,27302
4,5,9,27303
0,4,7,27304
0,4,7,27305
0,3,6,27306
0,3,6,27307
4,5,9,27308
4,5,9,27309
0,0,0,27310
0,0,0,27311
0,0,0,27312
0,0,1,27313
0,0,1,27314
0,0,1,27315
1,1,2,27316
2,2,3,27317
2,2,3,27318
0,0,0,27320
9,12,31,27321
9,11,27,27322
9,12,32,27323
9,12,32,27324
10,12,32,27325
9,12,32,27328
9,11,30,27329
2,2,3,27330
2,2,9,27331
9,11,30,27332
9,12,31,27333
1,12,31,27334
9,12,31,27335
2,3,10,27336
2,3,10,27337
5,11,30,27338
9,11,31,27339
1,1,2,27340
1,1,1,27341
0,0,1,27343
0,0,1,27344
3,4,11,27345
3,4,13,27346
1,5,16,27347
3,4,14,27349
4,4,14,27350
2,4,12,27351
4,4,4,27353
0,2,2,27354
2,2,2,27355
3,4,7,27356
0,0,1,27357
4,5,10,27358
2,8,14,27359
4,5,11,27360
3,4,9,27361
4,5,9,27362
3,4,7,27363
3,4,7,27366
4,5,10,27367
1,1,1,27368
3,4,7,27370
1,3,5,27371
3,4,7,27372
0,0,0,27373
0,16,52,27374
17,46,87,27375
9,25,60,27376
9,37,71,27377
5,5,11,27378
15,36,75,27379
1,23,40,27380
3,10,24,27381
3,5,19,27382
0,0,0,27383
4,25,40,27384
3,7,29,27385
3,11,27,27386
5,21,55,27387
12,33,57,27388
7,25,70,27389
2,5,17,27390
12,28,56,27391
9,30,74,27392
3,13,44,27393
3,12,19,27394
12,16,35,27395
6,19,41,27396
3,16,49,27397
0,0,3,27398
3,23,53,27399
15,46,88,27400
0,19,53,27401
7,16,32,27402
2,6,34,27403
11,31,74,27404
3,10,20,27405
5,21,42,27406
8,30,79,27407
0,16,52,27408
5,5,11,27409
16,47,92,27410
1,11,23,27411
12,43,80,27412
2,5,11,27413
9,16,40,27414
23,45,83,27415
5,27,62,27416
7,16,39,27417
15,39,70,27418
2,8,21,27419
3,5,18,27420
3,14,28,27421
0,11,26,27422
14,16,35,27423
5,16,35,27424
23,45,83,27425
5,6,15,27426
7,31,60,27427
4,20,49,27428
22,45,85,27429
15,43,85,27430
3,16,29,27431
3,5,11,27432
12,28,56,27433
6,22,58,27434
6,13,38,27435
6,35,67,27436
21,47,93,27437
1,1,5,27438
9,31,76,27439
13,42,92,27440
7,17,31,27441
9,18,31,27442
10,25,54,27443
5,11,33,27444
23,49,90,27445
7,25,52,27446
4,17,30,27447
6,22,50,27448
3,9,19,27449
3,11,38,27450
9,36,87,27451
3,14,27,27452
10,33,71,27453
0,7,10,27454
8,24,58,27455
6,12,33,27456
3,12,31,27457
5,21,45,27458
16,40,72,27459
5,19,39,27460
0,0,0,27461
12,29,58,27462
5,26,52,27463
15,47,89,27464
5,5,11,27465
7,30,60,27466
3,9,40,27467
9,16,39,27468
2,2,2,27469
4,15,27,27470
0,1,5,27471
1,1,3,27472
3,14,38,27473
0,3,17,27474
1,4,8,27475
7,12,37,27476
4,23,57,27477
1,4,8,27478
5,5,11,27479
3,5,18,27480
3,14,33,27481
5,5,10,27482
1,4,8,27483
0,3,8,27484
1,1,5,27485
3,5,11,27486
1,2,6,27487
8,11,19,27488
12,42,81,27489
8,21,56,27490
0,0,0,27491
1,2,6,27492
3,11,34,27493
11,43,98,27494
0,0,0,27495
11,43,98,27496
3,9,20,27497
6,18,39,27498
12,44,86,27499
2,2,7,27500
7,15,31,27501
8,18,40,27502
11,29,65,27503
4,21,43,27504
4,5,17,27505
6,16,35,27506
2,20,60,27507
6,16,48,27508
2,2,3,27509
0,0,1,27510
6,16,34,27511
0,4,14,27513
2,5,11,27514
1,21,49,27515
13,31,57,27516
5,14,36,27517
3,5,19,27518
5,26,64,27519
0,0,2,27520
1,3,10,27521
7,21,39,27522
2,8,15,27523
8,16,39,27524
8,18,39,27525
7,16,40,27526
7,16,24,27527
21,46,86,27528
13,45,87,27529
6,13,33,27530
4,16,38,27531
17,46,99,27532
3,11,34,27533
8,24,68,27534
2,10,28,27535
15,27,55,27536
11,29,62,27537
14,47,91,27538
5,25,60,27539
0,0,0,27540
5,16,46,27541
14,41,92,27542
8,18,40,27543
16,41,74,27544
5,21,55,27545
9,37,88,27546
1,1,5,27547
17,47,98,27548
9,17,29,27549
11,26,55,27550
10,31,69,27551
1,1,4,27552
16,41,74,27553
2,2,4,27554
6,14,36,27555
15,47,89,27556
1,1,4,27557
5,9,20,27558
3,11,27,27559
4,21,43,27560
8,16,34,27561
2,8,22,27562
1,1,3,27563
1,2,7,27564
10,34,74,27565
1,5,10,27566
7,31,56,27567
20,43,83,27568
7,10,36,27569
1,1,4,27570
8,28,67,27571
10,25,53,27572
9,28,67,27573
8,11,19,27574
10,30,78,27575
0,3,17,27576
6,32,67,27577
8,30,77,27578
12,32,68,27579
22,45,85,27580
3,11,24,27581
6,17,30,27582
8,12,18,27583
6,15,37,27584
9,33,74,27585
5,21,45,27586
4,25,40,27587
7,16,24,27588
4,17,30,27589
7,34,65,27590
5,26,62,27591
1,6,13,27592
3,29,67,27593
9,25,60,27594
5,5,11,27595
3,8,38,27596
8,30,77,27597
1,8,21,27598
1,1,5,27599
2,5,11,27600
1,12,29,27601
5,23,47,27602
22,45,85,27603
10,30,78,27604
0,19,53,27605
3,5,19,27606
2,2,3,27607
8,35,69,27608
18,47,96,27609
3,13,30,27610
1,5,16,27611
11,28,56,27612
9,25,60,27613
6,35,68,27614
7,34,65,27615
3,13,42,27616
11,39,92,27617
0,0,3,27618
0,2,4,27619
1,3,10,27620
10,26,50,27621
5,5,10,27622
7,16,40,27623
5,14,42,27624
5,21,55,27625
3,13,42,27626
12,47,91,27627
4,21,43,27628
3,11,23,27629
5,21,45,27630
6,27,64,27631
5,5,18,27632
15,27,55,27633
12,41,89,27634
5,23,47,27636
2,5,11,27637
3,13,44,27638
10,36,77,27639
6,25,48,27640
2,22,46,27641
12,33,57,27642
3,11,20,27643
1,3,10,27644
9,13,22,27645
16,40,72,27646
9,28,54,27647
4,30,67,27648
4,17,30,27649
5,26,62,27650
16,47,92,27651
3,5,18,27652
7,15,31,27653
9,25,60,27654
0,3,17,27655
9,37,88,27656
3,28,63,27657
3,14,33,27658
5,11,33,27659
2,2,3,27660
21,45,78,27661
3,11,34,27662
3,11,27,27663
11,42,97,27664
5,26,52,27665
1,1,5,27666
4,19,43,27667
15,41,80,27668
11,30,69,27669
1,1,5,27670
0,0,0,27671
9,17,29,27672
2,8,15,27673
0,0,5,27674
2,11,45,27675
4,14,49,27676
0,11,41,27677
7,8,31,27678
0,0,0,27679
4,15,49,27680
7,10,38,27681
6,8,43,27682
0,11,29,27683
8,9,37,27684
11,11,27,27685
8,11,34,27686
3,3,7,27687
0,0,0,27688
1,2,5,27689
0,0,5,27690
11,11,27,27691
0,0,0,27692
1,2,5,27693
7,10,24,27694
2,2,4,27695
5,10,45,27696
8,11,32,27697
0,0,0,27698
4,6,13,27699
4,6,13,27700
1,5,10,27701
0,2,5,27702
8,11,32,27703
5,9,20,27704
6,8,43,27705
7,8,34,27706
8,11,32,27707
5,11,27,27708
7,8,36,27710
9,10,24,27711
3,3,7,27712
2,2,2,27713
2,5,8,27714
7,8,15,27715
8,11,33,27716
1,2,5,27717
7,10,39,27718
1,1,6,27719
7,9,17,27720
2,11,34,27721
7,9,36,27722
0,0,0,27723
8,11,32,27724
2,2,4,27725
1,3,3,27726
2,3,3,27727
1,8,22,27728
5,11,49,27729
2,5,10,27730
2,5,8,27731
8,11,33,27732
2,7,30,27733
6,6,13,27734
1,1,4,27735
8,9,33,27736
1,1,4,27737
9,10,24,27738
1,1,4,27739
1,3,6,27740
9,10,24,27741
8,10,40,27742
7,9,35,27743
0,0,1,27744
11,11,27,27745
1,1,2,27746
1,1,3,27747
7,10,24,27748
1,10,25,27749
0,0,1,27750
8,9,22,27751
1,10,24,27752
2,12,42,27753
9,10,24,27754
5,11,49,27755
6,8,40,27756
5,8,39,27757
5,9,45,27758
